{
  "XGBoost": 0.9219473563199063,
  "Prophet": 0.07805264368009372
}