{
  "LSTM": 0.09127686633793596,
  "XGBoost": 0.8997805536082806,
  "Prophet": 0.008942580053783507
}