 Container fixtrade-ml-service-run-045f3aba62c8 Creating 
 Container fixtrade-ml-service-run-045f3aba62c8 Created 
2026-06-26 00:54:38,068 [INFO] matplotlib.font_manager - generated new fontManager
2026-06-26 00:54:38,991 [INFO] prediction.db_sink - Connected to PostgreSQL postgres:5432/fixtrade
2026-06-26 00:54:38,994 [INFO] prediction.db_sink - Database tables verified/created.
2026-06-26 00:54:57,499 [INFO] train_all_tickers - Silver layer: 920139 rows
2026-06-26 00:54:57,523 [INFO] train_all_tickers - Will train on 37 tickers (min_rows=2400): ['SFBT', 'ATTIJARI BANK', 'SAH', 'SOMOCER', 'BT', 'BIAT', 'SOTUVER', 'TPR', 'EURO-CYCLES', 'CARTHAGE CEMENT', 'UIB', 'TUNISAIR', 'TELNET HOLDING', 'BNA', 'ASSAD', 'SOTUMAG', 'STB', 'AMEN BANK', 'ARTES', 'SOTIPAPIER', 'MONOPRIX', 'POULINA GP HOLDING', 'ENNAKL AUTOMOBILES', 'SOTETEL', 'SIAME', 'TAWASOL GP HOLDING', 'DELICE HOLDING', 'ONE TECH HOLDING', 'UADH', 'LAND OR', 'MPBS', 'ATB', 'CITY CARS', 'ATL', 'TUNIS RE', 'SOTRAPIL', 'UNIMED']
2026-06-26 00:54:57,523 [INFO] train_all_tickers - ======================================================================
2026-06-26 00:54:57,523 [INFO] train_all_tickers - [1/37] Training ticker: SFBT  (2505 rows)
2026-06-26 00:54:57,523 [INFO] train_all_tickers - ======================================================================
2026-06-26 00:54:57,557 [WARNING] prediction.training - MLflow setup failed. Tracking disabled.
2026-06-26 00:54:57,564 [INFO] prediction.db_sink - Connected to PostgreSQL postgres:5432/fixtrade
2026-06-26 00:54:57,567 [INFO] prediction.db_sink - Database tables verified/created.
2026-06-26 00:54:57,567 [INFO] prediction.training - ============================================================
2026-06-26 00:54:57,567 [INFO] prediction.training - Training CV split: split_1
2026-06-26 00:54:57,568 [INFO] prediction.training - ============================================================
2026-06-26 00:54:57,582 [INFO] prediction.etl.transform.silver_to_gold - Gold splits — Train: 1749, Val: 252, Test: 494
2026-06-26 00:54:57,586 [INFO] prediction.training - Training LSTM on split_1...
2026-06-26 00:54:57,650 [INFO] prediction.models.lstm - [LSTM] Training device: cuda (NVIDIA GeForce RTX 4060)
2026-06-26 00:54:59,219 [INFO] prediction.models.lstm - [LSTM] Epoch 10/50 — train_loss=0.006263, val_loss=0.025102
2026-06-26 00:54:59,407 [INFO] prediction.models.lstm - [LSTM] Epoch 20/50 — train_loss=0.004296, val_loss=0.005268
2026-06-26 00:54:59,584 [INFO] prediction.models.lstm - [LSTM] Epoch 30/50 — train_loss=0.003327, val_loss=0.005995
2026-06-26 00:54:59,649 [INFO] prediction.models.lstm - [LSTM] Early stopping at epoch 34 (val_loss=0.007369)
2026-06-26 00:54:59,650 [INFO] prediction.models.lstm - [LSTM] Training complete.
2026-06-26 00:54:59,657 [INFO] prediction.models.base - [LSTM] Evaluation: MAE=0.9066 | RMSE=0.9859 | MAPE=6.85% | DirAcc=36.20% | R²=-0.3669
2026-06-26 00:54:59,657 [INFO] prediction.training - Training XGBoost on split_1...
2026-06-26 00:55:01,251 [INFO] prediction.models.xgboost_model - [XGBoost] Training complete. Top 5 features: ['plus_haut', 'cloture', 'ema_26', 'close_lag_1', 'plus_bas']
2026-06-26 00:55:01,253 [INFO] prediction.models.base - [XGBoost] Evaluation: MAE=0.8538 | RMSE=1.0200 | MAPE=6.64% | DirAcc=34.26% | R²=-0.5597
2026-06-26 00:55:01,253 [INFO] prediction.training - Training Prophet on split_1...
2026-06-26 00:55:02,053 [INFO] prediction.models.prophet_model - [Prophet] Training complete on 1749 rows.
2026-06-26 00:55:02,093 [INFO] prediction.models.base - [Prophet] Evaluation: MAE=8.6445 | RMSE=8.9005 | MAPE=64.60% | DirAcc=37.05% | R²=-117.7588
2026-06-26 00:55:02,093 [INFO] prediction.training - ============================================================
2026-06-26 00:55:02,093 [INFO] prediction.training - Training CV split: split_2
2026-06-26 00:55:02,094 [INFO] prediction.training - ============================================================
2026-06-26 00:55:02,104 [INFO] prediction.etl.transform.silver_to_gold - Gold splits — Train: 2001, Val: 251, Test: 243
2026-06-26 00:55:02,107 [INFO] prediction.training - Training LSTM on split_2...
2026-06-26 00:55:02,125 [INFO] prediction.models.lstm - [LSTM] Training device: cuda (NVIDIA GeForce RTX 4060)
2026-06-26 00:55:02,339 [INFO] prediction.models.lstm - [LSTM] Epoch 10/50 — train_loss=0.008157, val_loss=0.001400
2026-06-26 00:55:02,511 [INFO] prediction.models.lstm - [LSTM] Early stopping at epoch 19 (val_loss=0.001897)
2026-06-26 00:55:02,511 [INFO] prediction.models.lstm - [LSTM] Training complete.
2026-06-26 00:55:02,517 [INFO] prediction.models.base - [LSTM] Evaluation: MAE=0.2769 | RMSE=0.4321 | MAPE=2.11% | DirAcc=36.82% | R²=0.7721
2026-06-26 00:55:02,517 [INFO] prediction.training - Training XGBoost on split_2...
2026-06-26 00:55:04,222 [INFO] prediction.models.xgboost_model - [XGBoost] Training complete. Top 5 features: ['cloture', 'plus_haut', 'plus_bas', 'ema_26', 'close_lag_1']
2026-06-26 00:55:04,224 [INFO] prediction.models.base - [XGBoost] Evaluation: MAE=0.3166 | RMSE=0.4555 | MAPE=2.65% | DirAcc=42.40% | R²=0.7677
2026-06-26 00:55:04,224 [INFO] prediction.training - Training Prophet on split_2...
2026-06-26 00:55:05,462 [INFO] prediction.models.prophet_model - [Prophet] Training complete on 2001 rows.
2026-06-26 00:55:05,500 [INFO] prediction.models.base - [Prophet] Evaluation: MAE=9.5890 | RMSE=9.8304 | MAPE=76.60% | DirAcc=40.00% | R²=-107.1925
2026-06-26 00:55:05,500 [INFO] prediction.training - ============================================================
2026-06-26 00:55:05,500 [INFO] prediction.training - Training CV split: split_3
2026-06-26 00:55:05,500 [INFO] prediction.training - ============================================================
2026-06-26 00:55:05,510 [INFO] prediction.etl.transform.silver_to_gold - Gold splits — Train: 2252, Val: 243, Test: 0
2026-06-26 00:55:05,514 [INFO] prediction.training - Training LSTM on split_3...
2026-06-26 00:55:05,532 [INFO] prediction.models.lstm - [LSTM] Training device: cuda (NVIDIA GeForce RTX 4060)
2026-06-26 00:55:05,941 [INFO] prediction.models.lstm - [LSTM] Epoch 10/50 — train_loss=0.012239, val_loss=0.003324
2026-06-26 00:55:06,179 [INFO] prediction.models.lstm - [LSTM] Early stopping at epoch 19 (val_loss=0.000890)
2026-06-26 00:55:06,180 [INFO] prediction.models.lstm - [LSTM] Training complete.
2026-06-26 00:55:06,186 [INFO] prediction.models.base - [LSTM] Evaluation: MAE=0.3453 | RMSE=0.4289 | MAPE=2.86% | DirAcc=37.26% | R²=-0.2996
2026-06-26 00:55:06,186 [INFO] prediction.training - Training XGBoost on split_3...
2026-06-26 00:55:07,957 [INFO] prediction.models.xgboost_model - [XGBoost] Training complete. Top 5 features: ['cloture', 'plus_haut', 'plus_bas', 'close_lag_1', 'close_lag_2']
2026-06-26 00:55:07,960 [INFO] prediction.models.base - [XGBoost] Evaluation: MAE=0.1071 | RMSE=0.1533 | MAPE=0.88% | DirAcc=42.15% | R²=0.8469
2026-06-26 00:55:07,960 [INFO] prediction.training - Training Prophet on split_3...
2026-06-26 00:55:08,988 [INFO] prediction.models.prophet_model - [Prophet] Training complete on 2252 rows.
2026-06-26 00:55:09,023 [INFO] prediction.models.base - [Prophet] Evaluation: MAE=10.0722 | RMSE=10.3459 | MAPE=83.06% | DirAcc=40.91% | R²=-695.8607
2026-06-26 00:55:09,023 [INFO] prediction.training - ============================================================
2026-06-26 00:55:09,023 [INFO] prediction.training - TRAINING SUMMARY (Averaged across CV splits)
2026-06-26 00:55:09,023 [INFO] prediction.training - ============================================================
2026-06-26 00:55:09,023 [INFO] prediction.training - [LSTM] MAE=0.5096 | RMSE=0.6156 | MAPE=3.94% | DirAcc=36.76% | R²=0.0352
2026-06-26 00:55:09,023 [INFO] prediction.training - [XGBoost] MAE=0.4258 | RMSE=0.5429 | MAPE=3.39% | DirAcc=39.60% | R²=0.3517
2026-06-26 00:55:09,023 [INFO] prediction.training - [Prophet] MAE=9.4352 | RMSE=9.6923 | MAPE=74.75% | DirAcc=39.32% | R²=-306.9373
2026-06-26 00:55:09,023 [INFO] prediction.training - ============================================================
2026-06-26 00:55:09,023 [INFO] prediction.training - VOLUME PREDICTION TRAINING
2026-06-26 00:55:09,023 [INFO] prediction.training - ============================================================
2026-06-26 00:55:09,032 [INFO] prediction.etl.transform.silver_to_gold - Gold splits — Train: 1749, Val: 252, Test: 494
2026-06-26 00:55:09,792 [INFO] prediction.models.volume_predictor - [VolumeXGB] Training complete.
2026-06-26 00:55:09,795 [INFO] prediction.models.base - [VolumeXGB] Evaluation: MAE=43126.1114 | RMSE=255758.4022 | MAPE=201.47% | DirAcc=51.39% | R²=-0.0158
2026-06-26 00:55:09,805 [INFO] prediction.etl.transform.silver_to_gold - Gold splits — Train: 2001, Val: 251, Test: 243
2026-06-26 00:55:10,581 [INFO] prediction.models.volume_predictor - [VolumeXGB] Training complete.
2026-06-26 00:55:10,584 [INFO] prediction.models.base - [VolumeXGB] Evaluation: MAE=18905.0295 | RMSE=67478.7972 | MAPE=100.47% | DirAcc=50.80% | R²=-0.0369
2026-06-26 00:55:10,597 [INFO] prediction.etl.transform.silver_to_gold - Gold splits — Train: 2252, Val: 243, Test: 0
2026-06-26 00:55:11,364 [INFO] prediction.models.volume_predictor - [VolumeXGB] Training complete.
2026-06-26 00:55:11,366 [INFO] prediction.models.base - [VolumeXGB] Evaluation: MAE=44403.8708 | RMSE=131241.1295 | MAPE=121.59% | DirAcc=41.74% | R²=-0.0565
2026-06-26 00:55:11,367 [INFO] prediction.training - [VolumeXGB] Avg CV: MAE=35478.3372 | RMSE=151492.7763 | MAPE=141.18% | DirAcc=47.98% | R²=-0.0364
2026-06-26 00:55:11,367 [INFO] prediction.training - ============================================================
2026-06-26 00:55:11,367 [INFO] prediction.training - LIQUIDITY CLASSIFICATION TRAINING
2026-06-26 00:55:11,367 [INFO] prediction.training - ============================================================
2026-06-26 00:55:11,377 [INFO] prediction.etl.transform.silver_to_gold - Gold splits — Train: 1749, Val: 252, Test: 494
2026-06-26 00:55:12,211 [INFO] prediction.models.liquidity_classifier - [LiquidityXGB] Training complete. Class distribution: {'low': 23, 'medium': 719, 'high': 1007}
2026-06-26 00:55:12,214 [INFO] prediction.models.liquidity_classifier - [LiquidityXGB] Accuracy=55.56% (252 samples)
2026-06-26 00:55:12,224 [INFO] prediction.etl.transform.silver_to_gold - Gold splits — Train: 2001, Val: 251, Test: 243
2026-06-26 00:55:13,074 [INFO] prediction.models.liquidity_classifier - [LiquidityXGB] Training complete. Class distribution: {'low': 28, 'medium': 851, 'high': 1122}
2026-06-26 00:55:13,077 [INFO] prediction.models.liquidity_classifier - [LiquidityXGB] Accuracy=62.15% (251 samples)
2026-06-26 00:55:13,087 [INFO] prediction.etl.transform.silver_to_gold - Gold splits — Train: 2252, Val: 243, Test: 0
2026-06-26 00:55:13,980 [INFO] prediction.models.liquidity_classifier - [LiquidityXGB] Training complete. Class distribution: {'low': 30, 'medium': 945, 'high': 1277}
2026-06-26 00:55:13,983 [INFO] prediction.models.liquidity_classifier - [LiquidityXGB] Accuracy=73.66% (243 samples)
2026-06-26 00:55:13,983 [INFO] prediction.training - [LiquidityXGB] Avg CV Accuracy: 63.79%
2026-06-26 00:55:13,985 [INFO] train_all_tickers - [SFBT][LSTM] MAE=0.5096  RMSE=0.6156  MAPE=3.94%  DirAcc=36.76%  R2=0.0352
2026-06-26 00:55:13,985 [INFO] train_all_tickers - [SFBT][XGBoost] MAE=0.4258  RMSE=0.5429  MAPE=3.39%  DirAcc=39.60%  R2=0.3517
2026-06-26 00:55:13,985 [INFO] train_all_tickers - [SFBT][Prophet] MAE=9.4352  RMSE=9.6923  MAPE=74.75%  DirAcc=39.32%  R2=-306.9373
2026-06-26 00:55:13,985 [INFO] train_all_tickers - [SFBT][VolumeXGB] MAE=35478.3372  RMSE=151492.7763  MAPE=141.18%  DirAcc=47.98%  R2=-0.0364
2026-06-26 00:55:13,985 [INFO] train_all_tickers - [SFBT][LiquidityXGB] MAE=0.0000  RMSE=0.0000  MAPE=0.00%  DirAcc=63.79%  R2=0.0000
2026-06-26 00:55:13,988 [INFO] train_all_tickers - ======================================================================
2026-06-26 00:55:13,989 [INFO] train_all_tickers - [2/37] Training ticker: ATTIJARI BANK  (2504 rows)
2026-06-26 00:55:13,989 [INFO] train_all_tickers - ======================================================================
2026-06-26 00:55:14,014 [WARNING] prediction.training - MLflow setup failed. Tracking disabled.
2026-06-26 00:55:14,018 [INFO] prediction.db_sink - Connected to PostgreSQL postgres:5432/fixtrade
2026-06-26 00:55:14,021 [INFO] prediction.db_sink - Database tables verified/created.
2026-06-26 00:55:14,021 [INFO] prediction.training - ============================================================
2026-06-26 00:55:14,021 [INFO] prediction.training - Training CV split: split_1
2026-06-26 00:55:14,021 [INFO] prediction.training - ============================================================
2026-06-26 00:55:14,030 [INFO] prediction.etl.transform.silver_to_gold - Gold splits — Train: 1748, Val: 252, Test: 494
2026-06-26 00:55:14,033 [INFO] prediction.training - Training LSTM on split_1...
2026-06-26 00:55:14,061 [INFO] prediction.models.lstm - [LSTM] Training device: cuda (NVIDIA GeForce RTX 4060)
2026-06-26 00:55:14,572 [INFO] prediction.models.lstm - [LSTM] Epoch 10/50 — train_loss=0.007386, val_loss=0.004427
2026-06-26 00:55:14,754 [INFO] prediction.models.lstm - [LSTM] Epoch 20/50 — train_loss=0.002847, val_loss=0.004993
2026-06-26 00:55:14,922 [INFO] prediction.models.lstm - [LSTM] Epoch 30/50 — train_loss=0.001834, val_loss=0.001834
2026-06-26 00:55:15,245 [INFO] prediction.models.lstm - [LSTM] Epoch 40/50 — train_loss=0.003129, val_loss=0.012926
2026-06-26 00:55:15,376 [INFO] prediction.models.lstm - [LSTM] Early stopping at epoch 47 (val_loss=0.001974)
2026-06-26 00:55:15,377 [INFO] prediction.models.lstm - [LSTM] Training complete.
2026-06-26 00:55:15,381 [INFO] prediction.models.base - [LSTM] Evaluation: MAE=0.8500 | RMSE=1.2456 | MAPE=1.98% | DirAcc=45.70% | R²=0.7926
2026-06-26 00:55:15,381 [INFO] prediction.training - Training XGBoost on split_1...
2026-06-26 00:55:17,026 [INFO] prediction.models.xgboost_model - [XGBoost] Training complete. Top 5 features: ['cloture', 'plus_haut', 'plus_bas', 'close_lag_1', 'close_lag_2']
2026-06-26 00:55:17,029 [INFO] prediction.models.base - [XGBoost] Evaluation: MAE=0.5718 | RMSE=0.8033 | MAPE=1.34% | DirAcc=43.82% | R²=0.9156
2026-06-26 00:55:17,029 [INFO] prediction.training - Training Prophet on split_1...
2026-06-26 00:55:17,815 [INFO] prediction.models.prophet_model - [Prophet] Training complete on 1748 rows.
2026-06-26 00:55:17,852 [INFO] prediction.models.base - [Prophet] Evaluation: MAE=15.0598 | RMSE=15.2019 | MAPE=34.96% | DirAcc=47.01% | R²=-29.2225
2026-06-26 00:55:17,852 [INFO] prediction.training - ============================================================
2026-06-26 00:55:17,852 [INFO] prediction.training - Training CV split: split_2
2026-06-26 00:55:17,852 [INFO] prediction.training - ============================================================
2026-06-26 00:55:17,861 [INFO] prediction.etl.transform.silver_to_gold - Gold splits — Train: 2000, Val: 251, Test: 243
2026-06-26 00:55:17,865 [INFO] prediction.training - Training LSTM on split_2...
2026-06-26 00:55:17,895 [INFO] prediction.models.lstm - [LSTM] Training device: cuda (NVIDIA GeForce RTX 4060)
2026-06-26 00:55:18,276 [INFO] prediction.models.lstm - [LSTM] Epoch 10/50 — train_loss=0.006321, val_loss=0.021360
2026-06-26 00:55:18,473 [INFO] prediction.models.lstm - [LSTM] Epoch 20/50 — train_loss=0.002626, val_loss=0.005334
2026-06-26 00:55:18,493 [INFO] prediction.models.lstm - [LSTM] Early stopping at epoch 21 (val_loss=0.005633)
2026-06-26 00:55:18,493 [INFO] prediction.models.lstm - [LSTM] Training complete.
2026-06-26 00:55:18,499 [INFO] prediction.models.base - [LSTM] Evaluation: MAE=1.2480 | RMSE=1.5277 | MAPE=2.41% | DirAcc=42.73% | R²=0.5372
2026-06-26 00:55:18,499 [INFO] prediction.training - Training XGBoost on split_2...
2026-06-26 00:55:20,214 [INFO] prediction.models.xgboost_model - [XGBoost] Training complete. Top 5 features: ['close_lag_1', 'cloture', 'plus_haut', 'plus_bas', 'close_lag_2']
2026-06-26 00:55:20,216 [INFO] prediction.models.base - [XGBoost] Evaluation: MAE=0.7996 | RMSE=1.0036 | MAPE=1.56% | DirAcc=44.80% | R²=0.8852
2026-06-26 00:55:20,216 [INFO] prediction.training - Training Prophet on split_2...
2026-06-26 00:55:20,973 [INFO] prediction.models.prophet_model - [Prophet] Training complete on 2000 rows.
2026-06-26 00:55:21,009 [INFO] prediction.models.base - [Prophet] Evaluation: MAE=22.8647 | RMSE=22.9916 | MAPE=44.92% | DirAcc=45.60% | R²=-59.2519
2026-06-26 00:55:21,009 [INFO] prediction.training - ============================================================
2026-06-26 00:55:21,009 [INFO] prediction.training - Training CV split: split_3
2026-06-26 00:55:21,009 [INFO] prediction.training - ============================================================
2026-06-26 00:55:21,018 [INFO] prediction.etl.transform.silver_to_gold - Gold splits — Train: 2251, Val: 243, Test: 0
2026-06-26 00:55:21,022 [INFO] prediction.training - Training LSTM on split_3...
2026-06-26 00:55:21,053 [INFO] prediction.models.lstm - [LSTM] Training device: cuda (NVIDIA GeForce RTX 4060)
2026-06-26 00:55:21,476 [INFO] prediction.models.lstm - [LSTM] Epoch 10/50 — train_loss=0.015721, val_loss=0.076766
2026-06-26 00:55:21,696 [INFO] prediction.models.lstm - [LSTM] Epoch 20/50 — train_loss=0.007725, val_loss=0.064805
2026-06-26 00:55:21,822 [INFO] prediction.models.lstm - [LSTM] Early stopping at epoch 26 (val_loss=0.050798)
2026-06-26 00:55:21,823 [INFO] prediction.models.lstm - [LSTM] Training complete.
2026-06-26 00:55:21,829 [INFO] prediction.models.base - [LSTM] Evaluation: MAE=5.5633 | RMSE=6.7241 | MAPE=8.56% | DirAcc=46.23% | R²=-0.5155
2026-06-26 00:55:21,829 [INFO] prediction.training - Training XGBoost on split_3...
2026-06-26 00:55:23,557 [INFO] prediction.models.xgboost_model - [XGBoost] Training complete. Top 5 features: ['cloture', 'plus_haut', 'close_lag_1', 'plus_bas', 'sma_5']
2026-06-26 00:55:23,560 [INFO] prediction.models.base - [XGBoost] Evaluation: MAE=8.0945 | RMSE=9.7272 | MAPE=12.54% | DirAcc=47.11% | R²=-2.1513
2026-06-26 00:55:23,560 [INFO] prediction.training - Training Prophet on split_3...
2026-06-26 00:55:24,359 [INFO] prediction.models.prophet_model - [Prophet] Training complete on 2251 rows.
2026-06-26 00:55:24,396 [INFO] prediction.models.base - [Prophet] Evaluation: MAE=32.8862 | RMSE=33.1351 | MAPE=53.59% | DirAcc=46.69% | R²=-35.5672
2026-06-26 00:55:24,396 [INFO] prediction.training - ============================================================
2026-06-26 00:55:24,397 [INFO] prediction.training - TRAINING SUMMARY (Averaged across CV splits)
2026-06-26 00:55:24,397 [INFO] prediction.training - ============================================================
2026-06-26 00:55:24,397 [INFO] prediction.training - [LSTM] MAE=2.5538 | RMSE=3.1658 | MAPE=4.32% | DirAcc=44.89% | R²=0.2714
2026-06-26 00:55:24,397 [INFO] prediction.training - [XGBoost] MAE=3.1553 | RMSE=3.8447 | MAPE=5.15% | DirAcc=45.24% | R²=-0.1168
2026-06-26 00:55:24,397 [INFO] prediction.training - [Prophet] MAE=23.6036 | RMSE=23.7762 | MAPE=44.49% | DirAcc=46.44% | R²=-41.3472
2026-06-26 00:55:24,397 [INFO] prediction.training - ============================================================
2026-06-26 00:55:24,397 [INFO] prediction.training - VOLUME PREDICTION TRAINING
2026-06-26 00:55:24,397 [INFO] prediction.training - ============================================================
2026-06-26 00:55:24,405 [INFO] prediction.etl.transform.silver_to_gold - Gold splits — Train: 1748, Val: 252, Test: 494
2026-06-26 00:55:25,207 [INFO] prediction.models.volume_predictor - [VolumeXGB] Training complete.
2026-06-26 00:55:25,209 [INFO] prediction.models.base - [VolumeXGB] Evaluation: MAE=7729.3282 | RMSE=33990.2243 | MAPE=768.26% | DirAcc=38.65% | R²=-0.0314
2026-06-26 00:55:25,220 [INFO] prediction.etl.transform.silver_to_gold - Gold splits — Train: 2000, Val: 251, Test: 243
2026-06-26 00:55:25,975 [INFO] prediction.models.volume_predictor - [VolumeXGB] Training complete.
2026-06-26 00:55:25,979 [INFO] prediction.models.base - [VolumeXGB] Evaluation: MAE=5842.1784 | RMSE=30702.8746 | MAPE=151.25% | DirAcc=46.00% | R²=-0.0173
2026-06-26 00:55:25,991 [INFO] prediction.etl.transform.silver_to_gold - Gold splits — Train: 2251, Val: 243, Test: 0
2026-06-26 00:55:26,771 [INFO] prediction.models.volume_predictor - [VolumeXGB] Training complete.
2026-06-26 00:55:26,773 [INFO] prediction.models.base - [VolumeXGB] Evaluation: MAE=5963.7508 | RMSE=36373.6311 | MAPE=130.20% | DirAcc=45.87% | R²=-0.0145
2026-06-26 00:55:26,773 [INFO] prediction.training - [VolumeXGB] Avg CV: MAE=6511.7525 | RMSE=33688.9100 | MAPE=349.90% | DirAcc=43.50% | R²=-0.0211
2026-06-26 00:55:26,774 [INFO] prediction.training - ============================================================
2026-06-26 00:55:26,774 [INFO] prediction.training - LIQUIDITY CLASSIFICATION TRAINING
2026-06-26 00:55:26,774 [INFO] prediction.training - ============================================================
2026-06-26 00:55:26,782 [INFO] prediction.etl.transform.silver_to_gold - Gold splits — Train: 1748, Val: 252, Test: 494
2026-06-26 00:55:27,727 [INFO] prediction.models.liquidity_classifier - [LiquidityXGB] Training complete. Class distribution: {'low': 416, 'medium': 1134, 'high': 198}
2026-06-26 00:55:27,730 [INFO] prediction.models.liquidity_classifier - [LiquidityXGB] Accuracy=60.71% (252 samples)
2026-06-26 00:55:27,740 [INFO] prediction.etl.transform.silver_to_gold - Gold splits — Train: 2000, Val: 251, Test: 243
2026-06-26 00:55:28,739 [INFO] prediction.models.liquidity_classifier - [LiquidityXGB] Training complete. Class distribution: {'low': 483, 'medium': 1287, 'high': 230}
2026-06-26 00:55:28,741 [INFO] prediction.models.liquidity_classifier - [LiquidityXGB] Accuracy=69.32% (251 samples)
2026-06-26 00:55:28,751 [INFO] prediction.etl.transform.silver_to_gold - Gold splits — Train: 2251, Val: 243, Test: 0
2026-06-26 00:55:29,764 [INFO] prediction.models.liquidity_classifier - [LiquidityXGB] Training complete. Class distribution: {'low': 533, 'medium': 1460, 'high': 258}
2026-06-26 00:55:29,766 [INFO] prediction.models.liquidity_classifier - [LiquidityXGB] Accuracy=71.60% (243 samples)
2026-06-26 00:55:29,766 [INFO] prediction.training - [LiquidityXGB] Avg CV Accuracy: 67.21%
2026-06-26 00:55:29,767 [INFO] train_all_tickers - [ATTIJARI BANK][LSTM] MAE=2.5538  RMSE=3.1658  MAPE=4.32%  DirAcc=44.89%  R2=0.2714
2026-06-26 00:55:29,767 [INFO] train_all_tickers - [ATTIJARI BANK][XGBoost] MAE=3.1553  RMSE=3.8447  MAPE=5.15%  DirAcc=45.24%  R2=-0.1168
2026-06-26 00:55:29,767 [INFO] train_all_tickers - [ATTIJARI BANK][Prophet] MAE=23.6036  RMSE=23.7762  MAPE=44.49%  DirAcc=46.44%  R2=-41.3472
2026-06-26 00:55:29,767 [INFO] train_all_tickers - [ATTIJARI BANK][VolumeXGB] MAE=6511.7525  RMSE=33688.9100  MAPE=349.90%  DirAcc=43.50%  R2=-0.0211
2026-06-26 00:55:29,767 [INFO] train_all_tickers - [ATTIJARI BANK][LiquidityXGB] MAE=0.0000  RMSE=0.0000  MAPE=0.00%  DirAcc=67.21%  R2=0.0000
2026-06-26 00:55:29,771 [INFO] train_all_tickers - ======================================================================
2026-06-26 00:55:29,771 [INFO] train_all_tickers - [3/37] Training ticker: SAH  (2504 rows)
2026-06-26 00:55:29,772 [INFO] train_all_tickers - ======================================================================
2026-06-26 00:55:29,796 [WARNING] prediction.training - MLflow setup failed. Tracking disabled.
2026-06-26 00:55:29,800 [INFO] prediction.db_sink - Connected to PostgreSQL postgres:5432/fixtrade
2026-06-26 00:55:29,802 [INFO] prediction.db_sink - Database tables verified/created.
2026-06-26 00:55:29,802 [INFO] prediction.training - ============================================================
2026-06-26 00:55:29,803 [INFO] prediction.training - Training CV split: split_1
2026-06-26 00:55:29,803 [INFO] prediction.training - ============================================================
2026-06-26 00:55:29,812 [INFO] prediction.etl.transform.silver_to_gold - Gold splits — Train: 1748, Val: 252, Test: 494
2026-06-26 00:55:29,815 [INFO] prediction.training - Training LSTM on split_1...
2026-06-26 00:55:29,826 [INFO] prediction.models.lstm - [LSTM] Training device: cuda (NVIDIA GeForce RTX 4060)
2026-06-26 00:55:30,173 [INFO] prediction.models.lstm - [LSTM] Epoch 10/50 — train_loss=0.006913, val_loss=0.003637
2026-06-26 00:55:30,278 [INFO] prediction.models.lstm - [LSTM] Early stopping at epoch 16 (val_loss=0.004255)
2026-06-26 00:55:30,279 [INFO] prediction.models.lstm - [LSTM] Training complete.
2026-06-26 00:55:30,285 [INFO] prediction.models.base - [LSTM] Evaluation: MAE=0.2782 | RMSE=0.3358 | MAPE=3.14% | DirAcc=38.91% | R²=0.7698
2026-06-26 00:55:30,286 [INFO] prediction.training - Training XGBoost on split_1...
2026-06-26 00:55:31,941 [INFO] prediction.models.xgboost_model - [XGBoost] Training complete. Top 5 features: ['cloture', 'plus_bas', 'plus_haut', 'close_lag_2', 'close_lag_1']
2026-06-26 00:55:31,943 [INFO] prediction.models.base - [XGBoost] Evaluation: MAE=0.2191 | RMSE=0.2712 | MAPE=2.52% | DirAcc=41.04% | R²=0.8330
2026-06-26 00:55:31,943 [INFO] prediction.training - Training Prophet on split_1...
2026-06-26 00:55:32,645 [INFO] prediction.models.prophet_model - [Prophet] Training complete on 1748 rows.
2026-06-26 00:55:32,680 [INFO] prediction.models.base - [Prophet] Evaluation: MAE=2.9490 | RMSE=3.1433 | MAPE=34.02% | DirAcc=35.46% | R²=-21.4375
2026-06-26 00:55:32,681 [INFO] prediction.training - ============================================================
2026-06-26 00:55:32,681 [INFO] prediction.training - Training CV split: split_2
2026-06-26 00:55:32,681 [INFO] prediction.training - ============================================================
2026-06-26 00:55:32,690 [INFO] prediction.etl.transform.silver_to_gold - Gold splits — Train: 2000, Val: 251, Test: 243
2026-06-26 00:55:32,694 [INFO] prediction.training - Training LSTM on split_2...
2026-06-26 00:55:32,718 [INFO] prediction.models.lstm - [LSTM] Training device: cuda (NVIDIA GeForce RTX 4060)
2026-06-26 00:55:33,096 [INFO] prediction.models.lstm - [LSTM] Epoch 10/50 — train_loss=0.010785, val_loss=0.003022
2026-06-26 00:55:33,284 [INFO] prediction.models.lstm - [LSTM] Epoch 20/50 — train_loss=0.003088, val_loss=0.002220
2026-06-26 00:55:33,481 [INFO] prediction.models.lstm - [LSTM] Epoch 30/50 — train_loss=0.002721, val_loss=0.001431
2026-06-26 00:55:33,626 [INFO] prediction.models.lstm - [LSTM] Early stopping at epoch 38 (val_loss=0.001537)
2026-06-26 00:55:33,627 [INFO] prediction.models.lstm - [LSTM] Training complete.
2026-06-26 00:55:33,632 [INFO] prediction.models.base - [LSTM] Evaluation: MAE=0.2847 | RMSE=0.3541 | MAPE=3.25% | DirAcc=38.18% | R²=0.8015
2026-06-26 00:55:33,632 [INFO] prediction.training - Training XGBoost on split_2...
2026-06-26 00:55:35,469 [INFO] prediction.models.xgboost_model - [XGBoost] Training complete. Top 5 features: ['cloture', 'plus_bas', 'plus_haut', 'ema_12', 'ouverture']
2026-06-26 00:55:35,473 [INFO] prediction.models.base - [XGBoost] Evaluation: MAE=0.1707 | RMSE=0.2233 | MAPE=1.81% | DirAcc=41.60% | R²=0.9316
2026-06-26 00:55:35,473 [INFO] prediction.training - Training Prophet on split_2...
2026-06-26 00:55:36,216 [INFO] prediction.models.prophet_model - [Prophet] Training complete on 2000 rows.
2026-06-26 00:55:36,258 [INFO] prediction.models.base - [Prophet] Evaluation: MAE=2.9826 | RMSE=3.0244 | MAPE=33.32% | DirAcc=40.00% | R²=-11.5433
2026-06-26 00:55:36,258 [INFO] prediction.training - ============================================================
2026-06-26 00:55:36,258 [INFO] prediction.training - Training CV split: split_3
2026-06-26 00:55:36,258 [INFO] prediction.training - ============================================================
2026-06-26 00:55:36,268 [INFO] prediction.etl.transform.silver_to_gold - Gold splits — Train: 2251, Val: 243, Test: 0
2026-06-26 00:55:36,272 [INFO] prediction.training - Training LSTM on split_3...
2026-06-26 00:55:36,364 [INFO] prediction.models.lstm - [LSTM] Training device: cuda (NVIDIA GeForce RTX 4060)
2026-06-26 00:55:36,753 [INFO] prediction.models.lstm - [LSTM] Epoch 10/50 — train_loss=0.009886, val_loss=0.043641
2026-06-26 00:55:36,985 [INFO] prediction.models.lstm - [LSTM] Epoch 20/50 — train_loss=0.003122, val_loss=0.023115
2026-06-26 00:55:37,276 [INFO] prediction.models.lstm - [LSTM] Epoch 30/50 — train_loss=0.004810, val_loss=0.037234
2026-06-26 00:55:37,502 [INFO] prediction.models.lstm - [LSTM] Epoch 40/50 — train_loss=0.002966, val_loss=0.015709
2026-06-26 00:55:37,526 [INFO] prediction.models.lstm - [LSTM] Early stopping at epoch 41 (val_loss=0.002889)
2026-06-26 00:55:37,527 [INFO] prediction.models.lstm - [LSTM] Training complete.
2026-06-26 00:55:37,532 [INFO] prediction.models.base - [LSTM] Evaluation: MAE=0.2252 | RMSE=0.2854 | MAPE=1.84% | DirAcc=41.51% | R²=0.8643
2026-06-26 00:55:37,532 [INFO] prediction.training - Training XGBoost on split_3...
2026-06-26 00:55:39,426 [INFO] prediction.models.xgboost_model - [XGBoost] Training complete. Top 5 features: ['plus_bas', 'cloture', 'plus_haut', 'close_lag_1', 'ouverture']
2026-06-26 00:55:39,429 [INFO] prediction.models.base - [XGBoost] Evaluation: MAE=0.0989 | RMSE=0.1364 | MAPE=0.81% | DirAcc=41.74% | R²=0.9837
2026-06-26 00:55:39,429 [INFO] prediction.training - Training Prophet on split_3...
2026-06-26 00:55:40,049 [INFO] prediction.models.prophet_model - [Prophet] Training complete on 2251 rows.
2026-06-26 00:55:40,084 [INFO] prediction.models.base - [Prophet] Evaluation: MAE=0.2603 | RMSE=0.3208 | MAPE=2.18% | DirAcc=39.67% | R²=0.9100
2026-06-26 00:55:40,084 [INFO] prediction.training - ============================================================
2026-06-26 00:55:40,084 [INFO] prediction.training - TRAINING SUMMARY (Averaged across CV splits)
2026-06-26 00:55:40,084 [INFO] prediction.training - ============================================================
2026-06-26 00:55:40,084 [INFO] prediction.training - [LSTM] MAE=0.2627 | RMSE=0.3251 | MAPE=2.74% | DirAcc=39.54% | R²=0.8119
2026-06-26 00:55:40,084 [INFO] prediction.training - [XGBoost] MAE=0.1629 | RMSE=0.2103 | MAPE=1.72% | DirAcc=41.46% | R²=0.9161
2026-06-26 00:55:40,084 [INFO] prediction.training - [Prophet] MAE=2.0640 | RMSE=2.1629 | MAPE=23.18% | DirAcc=38.38% | R²=-10.6903
2026-06-26 00:55:40,084 [INFO] prediction.training - ============================================================
2026-06-26 00:55:40,084 [INFO] prediction.training - VOLUME PREDICTION TRAINING
2026-06-26 00:55:40,084 [INFO] prediction.training - ============================================================
2026-06-26 00:55:40,092 [INFO] prediction.etl.transform.silver_to_gold - Gold splits — Train: 1748, Val: 252, Test: 494
2026-06-26 00:55:40,986 [INFO] prediction.models.volume_predictor - [VolumeXGB] Training complete.
2026-06-26 00:55:40,989 [INFO] prediction.models.base - [VolumeXGB] Evaluation: MAE=38163.2361 | RMSE=165271.4125 | MAPE=160.82% | DirAcc=48.61% | R²=-0.0285
2026-06-26 00:55:41,002 [INFO] prediction.etl.transform.silver_to_gold - Gold splits — Train: 2000, Val: 251, Test: 243
2026-06-26 00:55:41,774 [INFO] prediction.models.volume_predictor - [VolumeXGB] Training complete.
2026-06-26 00:55:41,776 [INFO] prediction.models.base - [VolumeXGB] Evaluation: MAE=24284.0177 | RMSE=86961.4184 | MAPE=105.20% | DirAcc=45.60% | R²=-0.0046
2026-06-26 00:55:41,787 [INFO] prediction.etl.transform.silver_to_gold - Gold splits — Train: 2251, Val: 243, Test: 0
2026-06-26 00:55:42,620 [INFO] prediction.models.volume_predictor - [VolumeXGB] Training complete.
2026-06-26 00:55:42,624 [INFO] prediction.models.base - [VolumeXGB] Evaluation: MAE=17776.1375 | RMSE=31116.2888 | MAPE=112.52% | DirAcc=45.87% | R²=-0.0715
2026-06-26 00:55:42,625 [INFO] prediction.training - [VolumeXGB] Avg CV: MAE=26741.1304 | RMSE=94449.7066 | MAPE=126.18% | DirAcc=46.69% | R²=-0.0349
2026-06-26 00:55:42,625 [INFO] prediction.training - ============================================================
2026-06-26 00:55:42,625 [INFO] prediction.training - LIQUIDITY CLASSIFICATION TRAINING
2026-06-26 00:55:42,625 [INFO] prediction.training - ============================================================
2026-06-26 00:55:42,634 [INFO] prediction.etl.transform.silver_to_gold - Gold splits — Train: 1748, Val: 252, Test: 494
2026-06-26 00:55:43,543 [INFO] prediction.models.liquidity_classifier - [LiquidityXGB] Training complete. Class distribution: {'low': 43, 'medium': 826, 'high': 879}
2026-06-26 00:55:43,546 [INFO] prediction.models.liquidity_classifier - [LiquidityXGB] Accuracy=59.13% (252 samples)
2026-06-26 00:55:43,557 [INFO] prediction.etl.transform.silver_to_gold - Gold splits — Train: 2000, Val: 251, Test: 243
2026-06-26 00:55:44,483 [INFO] prediction.models.liquidity_classifier - [LiquidityXGB] Training complete. Class distribution: {'low': 45, 'medium': 923, 'high': 1032}
2026-06-26 00:55:44,486 [INFO] prediction.models.liquidity_classifier - [LiquidityXGB] Accuracy=63.75% (251 samples)
2026-06-26 00:55:44,497 [INFO] prediction.etl.transform.silver_to_gold - Gold splits — Train: 2251, Val: 243, Test: 0
2026-06-26 00:55:45,602 [INFO] prediction.models.liquidity_classifier - [LiquidityXGB] Training complete. Class distribution: {'low': 47, 'medium': 994, 'high': 1210}
2026-06-26 00:55:45,609 [INFO] prediction.models.liquidity_classifier - [LiquidityXGB] Accuracy=78.19% (243 samples)
2026-06-26 00:55:45,610 [INFO] prediction.training - [LiquidityXGB] Avg CV Accuracy: 67.02%
2026-06-26 00:55:45,612 [INFO] train_all_tickers - [SAH][LSTM] MAE=0.2627  RMSE=0.3251  MAPE=2.74%  DirAcc=39.54%  R2=0.8119
2026-06-26 00:55:45,612 [INFO] train_all_tickers - [SAH][XGBoost] MAE=0.1629  RMSE=0.2103  MAPE=1.72%  DirAcc=41.46%  R2=0.9161
2026-06-26 00:55:45,612 [INFO] train_all_tickers - [SAH][Prophet] MAE=2.0640  RMSE=2.1629  MAPE=23.18%  DirAcc=38.38%  R2=-10.6903
2026-06-26 00:55:45,612 [INFO] train_all_tickers - [SAH][VolumeXGB] MAE=26741.1304  RMSE=94449.7066  MAPE=126.18%  DirAcc=46.69%  R2=-0.0349
2026-06-26 00:55:45,613 [INFO] train_all_tickers - [SAH][LiquidityXGB] MAE=0.0000  RMSE=0.0000  MAPE=0.00%  DirAcc=67.02%  R2=0.0000
2026-06-26 00:55:45,617 [INFO] train_all_tickers - ======================================================================
2026-06-26 00:55:45,618 [INFO] train_all_tickers - [4/37] Training ticker: SOMOCER  (2504 rows)
2026-06-26 00:55:45,618 [INFO] train_all_tickers - ======================================================================
2026-06-26 00:55:45,645 [WARNING] prediction.training - MLflow setup failed. Tracking disabled.
2026-06-26 00:55:45,649 [INFO] prediction.db_sink - Connected to PostgreSQL postgres:5432/fixtrade
2026-06-26 00:55:45,652 [INFO] prediction.db_sink - Database tables verified/created.
2026-06-26 00:55:45,652 [INFO] prediction.training - ============================================================
2026-06-26 00:55:45,652 [INFO] prediction.training - Training CV split: split_1
2026-06-26 00:55:45,652 [INFO] prediction.training - ============================================================
2026-06-26 00:55:45,663 [INFO] prediction.etl.transform.silver_to_gold - Gold splits — Train: 1748, Val: 252, Test: 494
2026-06-26 00:55:45,666 [INFO] prediction.training - Training LSTM on split_1...
2026-06-26 00:55:45,697 [INFO] prediction.models.lstm - [LSTM] Training device: cuda (NVIDIA GeForce RTX 4060)
2026-06-26 00:55:46,354 [INFO] prediction.models.lstm - [LSTM] Epoch 10/50 — train_loss=0.004815, val_loss=0.003562
2026-06-26 00:55:46,562 [INFO] prediction.models.lstm - [LSTM] Epoch 20/50 — train_loss=0.002104, val_loss=0.001222
2026-06-26 00:55:46,616 [INFO] prediction.models.lstm - [LSTM] Early stopping at epoch 23 (val_loss=0.001291)
2026-06-26 00:55:46,617 [INFO] prediction.models.lstm - [LSTM] Training complete.
2026-06-26 00:55:46,622 [INFO] prediction.models.base - [LSTM] Evaluation: MAE=0.0224 | RMSE=0.0274 | MAPE=3.00% | DirAcc=26.24% | R²=0.7093
2026-06-26 00:55:46,622 [INFO] prediction.training - Training XGBoost on split_1...
2026-06-26 00:55:48,146 [INFO] prediction.models.xgboost_model - [XGBoost] Training complete. Top 5 features: ['cloture', 'plus_haut', 'plus_bas', 'close_lag_1', 'close_lag_2']
2026-06-26 00:55:48,149 [INFO] prediction.models.base - [XGBoost] Evaluation: MAE=0.0345 | RMSE=0.0494 | MAPE=4.79% | DirAcc=21.51% | R²=-0.0078
2026-06-26 00:55:48,149 [INFO] prediction.training - Training Prophet on split_1...
2026-06-26 00:55:48,701 [INFO] prediction.models.prophet_model - [Prophet] Training complete on 1748 rows.
2026-06-26 00:55:48,740 [INFO] prediction.models.base - [Prophet] Evaluation: MAE=0.8728 | RMSE=0.8891 | MAPE=112.95% | DirAcc=28.69% | R²=-325.7026
2026-06-26 00:55:48,740 [INFO] prediction.training - ============================================================
2026-06-26 00:55:48,740 [INFO] prediction.training - Training CV split: split_2
2026-06-26 00:55:48,740 [INFO] prediction.training - ============================================================
2026-06-26 00:55:48,750 [INFO] prediction.etl.transform.silver_to_gold - Gold splits — Train: 2000, Val: 251, Test: 243
2026-06-26 00:55:48,754 [INFO] prediction.training - Training LSTM on split_2...
2026-06-26 00:55:48,790 [INFO] prediction.models.lstm - [LSTM] Training device: cuda (NVIDIA GeForce RTX 4060)
2026-06-26 00:55:49,109 [INFO] prediction.models.lstm - [LSTM] Early stopping at epoch 9 (val_loss=0.022969)
2026-06-26 00:55:49,110 [INFO] prediction.models.lstm - [LSTM] Training complete.
2026-06-26 00:55:49,115 [INFO] prediction.models.base - [LSTM] Evaluation: MAE=0.0997 | RMSE=0.1123 | MAPE=22.09% | DirAcc=23.18% | R²=-1.0647
2026-06-26 00:55:49,115 [INFO] prediction.training - Training XGBoost on split_2...
2026-06-26 00:55:50,628 [INFO] prediction.models.xgboost_model - [XGBoost] Training complete. Top 5 features: ['cloture', 'plus_haut', 'plus_bas', 'close_lag_1', 'close_lag_2']
2026-06-26 00:55:50,631 [INFO] prediction.models.base - [XGBoost] Evaluation: MAE=0.1881 | RMSE=0.2130 | MAPE=40.96% | DirAcc=28.40% | R²=-3.2331
2026-06-26 00:55:50,631 [INFO] prediction.training - Training Prophet on split_2...
2026-06-26 00:55:51,653 [INFO] prediction.models.prophet_model - [Prophet] Training complete on 2000 rows.
2026-06-26 00:55:51,695 [INFO] prediction.models.base - [Prophet] Evaluation: MAE=1.1064 | RMSE=1.1113 | MAPE=216.63% | DirAcc=24.40% | R²=-114.2619
2026-06-26 00:55:51,695 [INFO] prediction.training - ============================================================
2026-06-26 00:55:51,695 [INFO] prediction.training - Training CV split: split_3
2026-06-26 00:55:51,695 [INFO] prediction.training - ============================================================
2026-06-26 00:55:51,705 [INFO] prediction.etl.transform.silver_to_gold - Gold splits — Train: 2251, Val: 243, Test: 0
2026-06-26 00:55:51,709 [INFO] prediction.training - Training LSTM on split_3...
2026-06-26 00:55:51,738 [INFO] prediction.models.lstm - [LSTM] Training device: cuda (NVIDIA GeForce RTX 4060)
2026-06-26 00:55:52,180 [INFO] prediction.models.lstm - [LSTM] Epoch 10/50 — train_loss=0.005493, val_loss=0.001464
2026-06-26 00:55:52,421 [INFO] prediction.models.lstm - [LSTM] Epoch 20/50 — train_loss=0.001631, val_loss=0.001739
2026-06-26 00:55:52,602 [INFO] prediction.models.lstm - [LSTM] Early stopping at epoch 27 (val_loss=0.001397)
2026-06-26 00:55:52,604 [INFO] prediction.models.lstm - [LSTM] Training complete.
2026-06-26 00:55:52,613 [INFO] prediction.models.base - [LSTM] Evaluation: MAE=0.0468 | RMSE=0.0586 | MAPE=9.36% | DirAcc=32.08% | R²=0.5377
2026-06-26 00:55:52,613 [INFO] prediction.training - Training XGBoost on split_3...
2026-06-26 00:55:54,366 [INFO] prediction.models.xgboost_model - [XGBoost] Training complete. Top 5 features: ['cloture', 'plus_haut', 'close_lag_1', 'plus_bas', 'ema_12']
2026-06-26 00:55:54,369 [INFO] prediction.models.base - [XGBoost] Evaluation: MAE=0.0283 | RMSE=0.0355 | MAPE=5.95% | DirAcc=31.40% | R²=0.8335
2026-06-26 00:55:54,369 [INFO] prediction.training - Training Prophet on split_3...
2026-06-26 00:55:55,449 [INFO] prediction.models.prophet_model - [Prophet] Training complete on 2251 rows.
2026-06-26 00:55:55,491 [INFO] prediction.models.base - [Prophet] Evaluation: MAE=1.1810 | RMSE=1.2034 | MAPE=254.66% | DirAcc=30.17% | R²=-189.7904
2026-06-26 00:55:55,492 [INFO] prediction.training - ============================================================
2026-06-26 00:55:55,492 [INFO] prediction.training - TRAINING SUMMARY (Averaged across CV splits)
2026-06-26 00:55:55,492 [INFO] prediction.training - ============================================================
2026-06-26 00:55:55,492 [INFO] prediction.training - [LSTM] MAE=0.0563 | RMSE=0.0661 | MAPE=11.48% | DirAcc=27.17% | R²=0.0608
2026-06-26 00:55:55,492 [INFO] prediction.training - [XGBoost] MAE=0.0837 | RMSE=0.0993 | MAPE=17.23% | DirAcc=27.11% | R²=-0.8025
2026-06-26 00:55:55,492 [INFO] prediction.training - [Prophet] MAE=1.0534 | RMSE=1.0679 | MAPE=194.75% | DirAcc=27.75% | R²=-209.9183
2026-06-26 00:55:55,492 [INFO] prediction.training - ============================================================
2026-06-26 00:55:55,492 [INFO] prediction.training - VOLUME PREDICTION TRAINING
2026-06-26 00:55:55,492 [INFO] prediction.training - ============================================================
2026-06-26 00:55:55,501 [INFO] prediction.etl.transform.silver_to_gold - Gold splits — Train: 1748, Val: 252, Test: 494
2026-06-26 00:55:56,421 [INFO] prediction.models.volume_predictor - [VolumeXGB] Training complete.
2026-06-26 00:55:56,424 [INFO] prediction.models.base - [VolumeXGB] Evaluation: MAE=13763.9320 | RMSE=26485.7026 | MAPE=4262.49% | DirAcc=46.61% | R²=-0.1054
2026-06-26 00:55:56,434 [INFO] prediction.etl.transform.silver_to_gold - Gold splits — Train: 2000, Val: 251, Test: 243
2026-06-26 00:55:57,256 [INFO] prediction.models.volume_predictor - [VolumeXGB] Training complete.
2026-06-26 00:55:57,260 [INFO] prediction.models.base - [VolumeXGB] Evaluation: MAE=23548.8055 | RMSE=39368.8125 | MAPE=1141.47% | DirAcc=39.20% | R²=-0.4014
2026-06-26 00:55:57,275 [INFO] prediction.etl.transform.silver_to_gold - Gold splits — Train: 2251, Val: 243, Test: 0
2026-06-26 00:55:58,047 [INFO] prediction.models.volume_predictor - [VolumeXGB] Training complete.
2026-06-26 00:55:58,049 [INFO] prediction.models.base - [VolumeXGB] Evaluation: MAE=18452.8559 | RMSE=49591.7152 | MAPE=509.65% | DirAcc=49.17% | R²=-0.0801
2026-06-26 00:55:58,050 [INFO] prediction.training - [VolumeXGB] Avg CV: MAE=18588.5312 | RMSE=38482.0767 | MAPE=1971.21% | DirAcc=45.00% | R²=-0.1956
2026-06-26 00:55:58,050 [INFO] prediction.training - ============================================================
2026-06-26 00:55:58,050 [INFO] prediction.training - LIQUIDITY CLASSIFICATION TRAINING
2026-06-26 00:55:58,050 [INFO] prediction.training - ============================================================
2026-06-26 00:55:58,061 [INFO] prediction.etl.transform.silver_to_gold - Gold splits — Train: 1748, Val: 252, Test: 494
2026-06-26 00:55:58,946 [INFO] prediction.models.liquidity_classifier - [LiquidityXGB] Training complete. Class distribution: {'low': 43, 'medium': 329, 'high': 1376}
2026-06-26 00:55:58,950 [INFO] prediction.models.liquidity_classifier - [LiquidityXGB] Accuracy=41.67% (252 samples)
2026-06-26 00:55:58,960 [INFO] prediction.etl.transform.silver_to_gold - Gold splits — Train: 2000, Val: 251, Test: 243
2026-06-26 00:55:59,807 [INFO] prediction.models.liquidity_classifier - [LiquidityXGB] Training complete. Class distribution: {'low': 66, 'medium': 454, 'high': 1480}
2026-06-26 00:55:59,810 [INFO] prediction.models.liquidity_classifier - [LiquidityXGB] Accuracy=60.56% (251 samples)
2026-06-26 00:55:59,821 [INFO] prediction.etl.transform.silver_to_gold - Gold splits — Train: 2251, Val: 243, Test: 0
2026-06-26 00:56:00,684 [INFO] prediction.models.liquidity_classifier - [LiquidityXGB] Training complete. Class distribution: {'low': 80, 'medium': 528, 'high': 1643}
2026-06-26 00:56:00,688 [INFO] prediction.models.liquidity_classifier - [LiquidityXGB] Accuracy=38.27% (243 samples)
2026-06-26 00:56:00,688 [INFO] prediction.training - [LiquidityXGB] Avg CV Accuracy: 46.83%
2026-06-26 00:56:00,690 [INFO] train_all_tickers - [SOMOCER][LSTM] MAE=0.0563  RMSE=0.0661  MAPE=11.48%  DirAcc=27.17%  R2=0.0608
2026-06-26 00:56:00,690 [INFO] train_all_tickers - [SOMOCER][XGBoost] MAE=0.0837  RMSE=0.0993  MAPE=17.23%  DirAcc=27.11%  R2=-0.8025
2026-06-26 00:56:00,690 [INFO] train_all_tickers - [SOMOCER][Prophet] MAE=1.0534  RMSE=1.0679  MAPE=194.75%  DirAcc=27.75%  R2=-209.9183
2026-06-26 00:56:00,690 [INFO] train_all_tickers - [SOMOCER][VolumeXGB] MAE=18588.5312  RMSE=38482.0767  MAPE=1971.21%  DirAcc=45.00%  R2=-0.1956
2026-06-26 00:56:00,690 [INFO] train_all_tickers - [SOMOCER][LiquidityXGB] MAE=0.0000  RMSE=0.0000  MAPE=0.00%  DirAcc=46.83%  R2=0.0000
2026-06-26 00:56:00,693 [INFO] train_all_tickers - ======================================================================
2026-06-26 00:56:00,694 [INFO] train_all_tickers - [5/37] Training ticker: BT  (2502 rows)
2026-06-26 00:56:00,694 [INFO] train_all_tickers - ======================================================================
2026-06-26 00:56:00,718 [WARNING] prediction.training - MLflow setup failed. Tracking disabled.
2026-06-26 00:56:00,722 [INFO] prediction.db_sink - Connected to PostgreSQL postgres:5432/fixtrade
2026-06-26 00:56:00,724 [INFO] prediction.db_sink - Database tables verified/created.
2026-06-26 00:56:00,724 [INFO] prediction.training - ============================================================
2026-06-26 00:56:00,725 [INFO] prediction.training - Training CV split: split_1
2026-06-26 00:56:00,725 [INFO] prediction.training - ============================================================
2026-06-26 00:56:00,735 [INFO] prediction.etl.transform.silver_to_gold - Gold splits — Train: 1746, Val: 252, Test: 494
2026-06-26 00:56:00,738 [INFO] prediction.training - Training LSTM on split_1...
2026-06-26 00:56:00,749 [INFO] prediction.models.lstm - [LSTM] Training device: cuda (NVIDIA GeForce RTX 4060)
2026-06-26 00:56:01,177 [INFO] prediction.models.lstm - [LSTM] Epoch 10/50 — train_loss=0.013269, val_loss=0.003203
2026-06-26 00:56:01,363 [INFO] prediction.models.lstm - [LSTM] Epoch 20/50 — train_loss=0.006508, val_loss=0.000786
2026-06-26 00:56:01,469 [INFO] prediction.models.lstm - [LSTM] Early stopping at epoch 26 (val_loss=0.003023)
2026-06-26 00:56:01,470 [INFO] prediction.models.lstm - [LSTM] Training complete.
2026-06-26 00:56:01,475 [INFO] prediction.models.base - [LSTM] Evaluation: MAE=0.1207 | RMSE=0.1338 | MAPE=2.34% | DirAcc=28.05% | R²=-0.4961
2026-06-26 00:56:01,475 [INFO] prediction.training - Training XGBoost on split_1...
2026-06-26 00:56:02,830 [INFO] prediction.models.xgboost_model - [XGBoost] Training complete. Top 5 features: ['ema_26', 'close_lag_1', 'cloture', 'plus_haut', 'ema_12']
2026-06-26 00:56:02,832 [INFO] prediction.models.base - [XGBoost] Evaluation: MAE=0.0475 | RMSE=0.0616 | MAPE=0.92% | DirAcc=25.90% | R²=0.7002
2026-06-26 00:56:02,832 [INFO] prediction.training - Training Prophet on split_1...
2026-06-26 00:56:03,493 [INFO] prediction.models.prophet_model - [Prophet] Training complete on 1746 rows.
2026-06-26 00:56:03,531 [INFO] prediction.models.base - [Prophet] Evaluation: MAE=3.8416 | RMSE=3.9457 | MAPE=74.45% | DirAcc=25.10% | R²=-1230.9716
2026-06-26 00:56:03,531 [INFO] prediction.training - ============================================================
2026-06-26 00:56:03,531 [INFO] prediction.training - Training CV split: split_2
2026-06-26 00:56:03,531 [INFO] prediction.training - ============================================================
2026-06-26 00:56:03,541 [INFO] prediction.etl.transform.silver_to_gold - Gold splits — Train: 1998, Val: 251, Test: 243
2026-06-26 00:56:03,545 [INFO] prediction.training - Training LSTM on split_2...
2026-06-26 00:56:03,561 [INFO] prediction.models.lstm - [LSTM] Training device: cuda (NVIDIA GeForce RTX 4060)
2026-06-26 00:56:03,899 [INFO] prediction.models.lstm - [LSTM] Epoch 10/50 — train_loss=0.007163, val_loss=0.000690
2026-06-26 00:56:04,093 [INFO] prediction.models.lstm - [LSTM] Epoch 20/50 — train_loss=0.003728, val_loss=0.001656
2026-06-26 00:56:04,259 [INFO] prediction.models.lstm - [LSTM] Early stopping at epoch 29 (val_loss=0.000620)
2026-06-26 00:56:04,260 [INFO] prediction.models.lstm - [LSTM] Training complete.
2026-06-26 00:56:04,265 [INFO] prediction.models.base - [LSTM] Evaluation: MAE=0.0510 | RMSE=0.0654 | MAPE=0.99% | DirAcc=36.36% | R²=0.6456
2026-06-26 00:56:04,265 [INFO] prediction.training - Training XGBoost on split_2...
2026-06-26 00:56:05,605 [INFO] prediction.models.xgboost_model - [XGBoost] Training complete. Top 5 features: ['ema_26', 'cloture', 'close_lag_1', 'ema_12', 'plus_haut']
2026-06-26 00:56:05,607 [INFO] prediction.models.base - [XGBoost] Evaluation: MAE=0.0292 | RMSE=0.0405 | MAPE=0.57% | DirAcc=27.20% | R²=0.8737
2026-06-26 00:56:05,608 [INFO] prediction.training - Training Prophet on split_2...
2026-06-26 00:56:06,445 [INFO] prediction.models.prophet_model - [Prophet] Training complete on 1998 rows.
2026-06-26 00:56:06,481 [INFO] prediction.models.base - [Prophet] Evaluation: MAE=3.8078 | RMSE=3.8878 | MAPE=73.30% | DirAcc=37.20% | R²=-1164.0192
2026-06-26 00:56:06,481 [INFO] prediction.training - ============================================================
2026-06-26 00:56:06,481 [INFO] prediction.training - Training CV split: split_3
2026-06-26 00:56:06,481 [INFO] prediction.training - ============================================================
2026-06-26 00:56:06,489 [INFO] prediction.etl.transform.silver_to_gold - Gold splits — Train: 2249, Val: 243, Test: 0
2026-06-26 00:56:06,493 [INFO] prediction.training - Training LSTM on split_3...
2026-06-26 00:56:06,510 [INFO] prediction.models.lstm - [LSTM] Training device: cuda (NVIDIA GeForce RTX 4060)
2026-06-26 00:56:06,907 [INFO] prediction.models.lstm - [LSTM] Epoch 10/50 — train_loss=0.008246, val_loss=0.012593
2026-06-26 00:56:07,167 [INFO] prediction.models.lstm - [LSTM] Epoch 20/50 — train_loss=0.005083, val_loss=0.011115
2026-06-26 00:56:07,437 [INFO] prediction.models.lstm - [LSTM] Epoch 30/50 — train_loss=0.003227, val_loss=0.008173
2026-06-26 00:56:07,691 [INFO] prediction.models.lstm - [LSTM] Epoch 40/50 — train_loss=0.002279, val_loss=0.005902
2026-06-26 00:56:07,717 [INFO] prediction.models.lstm - [LSTM] Early stopping at epoch 41 (val_loss=0.006737)
2026-06-26 00:56:07,718 [INFO] prediction.models.lstm - [LSTM] Training complete.
2026-06-26 00:56:07,725 [INFO] prediction.models.base - [LSTM] Evaluation: MAE=0.2674 | RMSE=0.3939 | MAPE=4.65% | DirAcc=37.26% | R²=0.4767
2026-06-26 00:56:07,725 [INFO] prediction.training - Training XGBoost on split_3...
2026-06-26 00:56:09,155 [INFO] prediction.models.xgboost_model - [XGBoost] Training complete. Top 5 features: ['close_lag_1', 'cloture', 'ema_12', 'plus_haut', 'ema_26']
2026-06-26 00:56:09,157 [INFO] prediction.models.base - [XGBoost] Evaluation: MAE=0.0534 | RMSE=0.0923 | MAPE=0.94% | DirAcc=37.60% | R²=0.9694
2026-06-26 00:56:09,157 [INFO] prediction.training - Training Prophet on split_3...
2026-06-26 00:56:10,432 [INFO] prediction.models.prophet_model - [Prophet] Training complete on 2249 rows.
2026-06-26 00:56:10,470 [INFO] prediction.models.base - [Prophet] Evaluation: MAE=3.7530 | RMSE=3.9171 | MAPE=71.27% | DirAcc=32.64% | R²=-54.1432
2026-06-26 00:56:10,470 [INFO] prediction.training - ============================================================
2026-06-26 00:56:10,470 [INFO] prediction.training - TRAINING SUMMARY (Averaged across CV splits)
2026-06-26 00:56:10,470 [INFO] prediction.training - ============================================================
2026-06-26 00:56:10,470 [INFO] prediction.training - [LSTM] MAE=0.1464 | RMSE=0.1977 | MAPE=2.66% | DirAcc=33.89% | R²=0.2087
2026-06-26 00:56:10,470 [INFO] prediction.training - [XGBoost] MAE=0.0434 | RMSE=0.0648 | MAPE=0.81% | DirAcc=30.23% | R²=0.8477
2026-06-26 00:56:10,470 [INFO] prediction.training - [Prophet] MAE=3.8008 | RMSE=3.9169 | MAPE=73.01% | DirAcc=31.65% | R²=-816.3780
2026-06-26 00:56:10,470 [INFO] prediction.training - ============================================================
2026-06-26 00:56:10,470 [INFO] prediction.training - VOLUME PREDICTION TRAINING
2026-06-26 00:56:10,470 [INFO] prediction.training - ============================================================
2026-06-26 00:56:10,478 [INFO] prediction.etl.transform.silver_to_gold - Gold splits — Train: 1746, Val: 252, Test: 494
2026-06-26 00:56:11,122 [INFO] prediction.models.volume_predictor - [VolumeXGB] Training complete.
2026-06-26 00:56:11,124 [INFO] prediction.models.base - [VolumeXGB] Evaluation: MAE=24800.5789 | RMSE=109721.0748 | MAPE=796.09% | DirAcc=52.99% | R²=-0.0221
2026-06-26 00:56:11,134 [INFO] prediction.etl.transform.silver_to_gold - Gold splits — Train: 1998, Val: 251, Test: 243
2026-06-26 00:56:11,893 [INFO] prediction.models.volume_predictor - [VolumeXGB] Training complete.
2026-06-26 00:56:11,896 [INFO] prediction.models.base - [VolumeXGB] Evaluation: MAE=16979.1082 | RMSE=92680.1542 | MAPE=142.51% | DirAcc=46.80% | R²=-0.0022
2026-06-26 00:56:11,907 [INFO] prediction.etl.transform.silver_to_gold - Gold splits — Train: 2249, Val: 243, Test: 0
2026-06-26 00:56:12,640 [INFO] prediction.models.volume_predictor - [VolumeXGB] Training complete.
2026-06-26 00:56:12,643 [INFO] prediction.models.base - [VolumeXGB] Evaluation: MAE=30566.4764 | RMSE=128954.3723 | MAPE=5488.63% | DirAcc=46.69% | R²=-0.0349
2026-06-26 00:56:12,643 [INFO] prediction.training - [VolumeXGB] Avg CV: MAE=24115.3879 | RMSE=110451.8671 | MAPE=2142.41% | DirAcc=48.83% | R²=-0.0197
2026-06-26 00:56:12,644 [INFO] prediction.training - ============================================================
2026-06-26 00:56:12,645 [INFO] prediction.training - LIQUIDITY CLASSIFICATION TRAINING
2026-06-26 00:56:12,645 [INFO] prediction.training - ============================================================
2026-06-26 00:56:12,655 [INFO] prediction.etl.transform.silver_to_gold - Gold splits — Train: 1746, Val: 252, Test: 494
2026-06-26 00:56:13,436 [INFO] prediction.models.liquidity_classifier - [LiquidityXGB] Training complete. Class distribution: {'low': 37, 'medium': 669, 'high': 1040}
2026-06-26 00:56:13,440 [INFO] prediction.models.liquidity_classifier - [LiquidityXGB] Accuracy=65.87% (252 samples)
2026-06-26 00:56:13,450 [INFO] prediction.etl.transform.silver_to_gold - Gold splits — Train: 1998, Val: 251, Test: 243
2026-06-26 00:56:14,312 [INFO] prediction.models.liquidity_classifier - [LiquidityXGB] Training complete. Class distribution: {'low': 44, 'medium': 754, 'high': 1200}
2026-06-26 00:56:14,315 [INFO] prediction.models.liquidity_classifier - [LiquidityXGB] Accuracy=62.95% (251 samples)
2026-06-26 00:56:14,325 [INFO] prediction.etl.transform.silver_to_gold - Gold splits — Train: 2249, Val: 243, Test: 0
2026-06-26 00:56:15,199 [INFO] prediction.models.liquidity_classifier - [LiquidityXGB] Training complete. Class distribution: {'low': 51, 'medium': 845, 'high': 1353}
2026-06-26 00:56:15,201 [INFO] prediction.models.liquidity_classifier - [LiquidityXGB] Accuracy=66.26% (243 samples)
2026-06-26 00:56:15,201 [INFO] prediction.training - [LiquidityXGB] Avg CV Accuracy: 65.03%
2026-06-26 00:56:15,203 [INFO] train_all_tickers - [BT][LSTM] MAE=0.1464  RMSE=0.1977  MAPE=2.66%  DirAcc=33.89%  R2=0.2087
2026-06-26 00:56:15,203 [INFO] train_all_tickers - [BT][XGBoost] MAE=0.0434  RMSE=0.0648  MAPE=0.81%  DirAcc=30.23%  R2=0.8477
2026-06-26 00:56:15,203 [INFO] train_all_tickers - [BT][Prophet] MAE=3.8008  RMSE=3.9169  MAPE=73.01%  DirAcc=31.65%  R2=-816.3780
2026-06-26 00:56:15,203 [INFO] train_all_tickers - [BT][VolumeXGB] MAE=24115.3879  RMSE=110451.8671  MAPE=2142.41%  DirAcc=48.83%  R2=-0.0197
2026-06-26 00:56:15,203 [INFO] train_all_tickers - [BT][LiquidityXGB] MAE=0.0000  RMSE=0.0000  MAPE=0.00%  DirAcc=65.03%  R2=0.0000
2026-06-26 00:56:15,206 [INFO] train_all_tickers - ======================================================================
2026-06-26 00:56:15,206 [INFO] train_all_tickers - [6/37] Training ticker: BIAT  (2502 rows)
2026-06-26 00:56:15,206 [INFO] train_all_tickers - ======================================================================
2026-06-26 00:56:15,231 [WARNING] prediction.training - MLflow setup failed. Tracking disabled.
2026-06-26 00:56:15,235 [INFO] prediction.db_sink - Connected to PostgreSQL postgres:5432/fixtrade
2026-06-26 00:56:15,238 [INFO] prediction.db_sink - Database tables verified/created.
2026-06-26 00:56:15,238 [INFO] prediction.training - ============================================================
2026-06-26 00:56:15,238 [INFO] prediction.training - Training CV split: split_1
2026-06-26 00:56:15,238 [INFO] prediction.training - ============================================================
2026-06-26 00:56:15,249 [INFO] prediction.etl.transform.silver_to_gold - Gold splits — Train: 1746, Val: 252, Test: 494
2026-06-26 00:56:15,251 [INFO] prediction.training - Training LSTM on split_1...
2026-06-26 00:56:15,262 [INFO] prediction.models.lstm - [LSTM] Training device: cuda (NVIDIA GeForce RTX 4060)
2026-06-26 00:56:15,916 [INFO] prediction.models.lstm - [LSTM] Epoch 10/50 — train_loss=0.009067, val_loss=0.006683
2026-06-26 00:56:15,978 [INFO] prediction.models.lstm - [LSTM] Early stopping at epoch 13 (val_loss=0.022713)
2026-06-26 00:56:15,979 [INFO] prediction.models.lstm - [LSTM] Training complete.
2026-06-26 00:56:15,984 [INFO] prediction.models.base - [LSTM] Evaluation: MAE=2.0354 | RMSE=2.8849 | MAPE=2.21% | DirAcc=42.99% | R²=-1.1004
2026-06-26 00:56:15,985 [INFO] prediction.training - Training XGBoost on split_1...
2026-06-26 00:56:17,751 [INFO] prediction.models.xgboost_model - [XGBoost] Training complete. Top 5 features: ['plus_haut', 'plus_bas', 'cloture', 'close_lag_1', 'close_lag_2']
2026-06-26 00:56:17,753 [INFO] prediction.models.base - [XGBoost] Evaluation: MAE=0.7823 | RMSE=1.1798 | MAPE=0.85% | DirAcc=49.80% | R²=0.7809
2026-06-26 00:56:17,753 [INFO] prediction.training - Training Prophet on split_1...
2026-06-26 00:56:18,724 [INFO] prediction.models.prophet_model - [Prophet] Training complete on 1746 rows.
2026-06-26 00:56:18,761 [INFO] prediction.models.base - [Prophet] Evaluation: MAE=7.0467 | RMSE=7.9809 | MAPE=7.57% | DirAcc=43.82% | R²=-9.0242
2026-06-26 00:56:18,761 [INFO] prediction.training - ============================================================
2026-06-26 00:56:18,761 [INFO] prediction.training - Training CV split: split_2
2026-06-26 00:56:18,761 [INFO] prediction.training - ============================================================
2026-06-26 00:56:18,770 [INFO] prediction.etl.transform.silver_to_gold - Gold splits — Train: 1998, Val: 251, Test: 243
2026-06-26 00:56:18,774 [INFO] prediction.training - Training LSTM on split_2...
2026-06-26 00:56:18,789 [INFO] prediction.models.lstm - [LSTM] Training device: cuda (NVIDIA GeForce RTX 4060)
2026-06-26 00:56:19,140 [INFO] prediction.models.lstm - [LSTM] Epoch 10/50 — train_loss=0.008692, val_loss=0.001387
2026-06-26 00:56:19,353 [INFO] prediction.models.lstm - [LSTM] Epoch 20/50 — train_loss=0.003683, val_loss=0.002981
2026-06-26 00:56:19,455 [INFO] prediction.models.lstm - [LSTM] Early stopping at epoch 25 (val_loss=0.001183)
2026-06-26 00:56:19,456 [INFO] prediction.models.lstm - [LSTM] Training complete.
2026-06-26 00:56:19,461 [INFO] prediction.models.base - [LSTM] Evaluation: MAE=3.0318 | RMSE=3.6858 | MAPE=3.05% | DirAcc=41.82% | R²=0.5477
2026-06-26 00:56:19,461 [INFO] prediction.training - Training XGBoost on split_2...
2026-06-26 00:56:20,987 [INFO] prediction.models.xgboost_model - [XGBoost] Training complete. Top 5 features: ['plus_bas', 'cloture', 'plus_haut', 'close_lag_1', 'close_lag_3']
2026-06-26 00:56:20,990 [INFO] prediction.models.base - [XGBoost] Evaluation: MAE=0.9608 | RMSE=1.5404 | MAPE=0.97% | DirAcc=41.60% | R²=0.9304
2026-06-26 00:56:20,990 [INFO] prediction.training - Training Prophet on split_2...
2026-06-26 00:56:21,992 [INFO] prediction.models.prophet_model - [Prophet] Training complete on 1998 rows.
2026-06-26 00:56:22,027 [INFO] prediction.models.base - [Prophet] Evaluation: MAE=11.4016 | RMSE=11.7899 | MAPE=11.67% | DirAcc=43.20% | R²=-3.0780
2026-06-26 00:56:22,027 [INFO] prediction.training - ============================================================
2026-06-26 00:56:22,027 [INFO] prediction.training - Training CV split: split_3
2026-06-26 00:56:22,027 [INFO] prediction.training - ============================================================
2026-06-26 00:56:22,036 [INFO] prediction.etl.transform.silver_to_gold - Gold splits — Train: 2249, Val: 243, Test: 0
2026-06-26 00:56:22,040 [INFO] prediction.training - Training LSTM on split_3...
2026-06-26 00:56:22,054 [INFO] prediction.models.lstm - [LSTM] Training device: cuda (NVIDIA GeForce RTX 4060)
2026-06-26 00:56:22,496 [INFO] prediction.models.lstm - [LSTM] Epoch 10/50 — train_loss=0.006149, val_loss=0.007611
2026-06-26 00:56:22,754 [INFO] prediction.models.lstm - [LSTM] Early stopping at epoch 19 (val_loss=0.000343)
2026-06-26 00:56:22,755 [INFO] prediction.models.lstm - [LSTM] Training complete.
2026-06-26 00:56:22,764 [INFO] prediction.models.base - [LSTM] Evaluation: MAE=1.6897 | RMSE=2.2145 | MAPE=1.69% | DirAcc=46.23% | R²=0.8386
2026-06-26 00:56:22,764 [INFO] prediction.training - Training XGBoost on split_3...
2026-06-26 00:56:24,407 [INFO] prediction.models.xgboost_model - [XGBoost] Training complete. Top 5 features: ['plus_bas', 'cloture', 'plus_haut', 'close_lag_1', 'close_lag_2']
2026-06-26 00:56:24,411 [INFO] prediction.models.base - [XGBoost] Evaluation: MAE=0.7167 | RMSE=1.1604 | MAPE=0.71% | DirAcc=40.08% | R²=0.9524
2026-06-26 00:56:24,411 [INFO] prediction.training - Training Prophet on split_3...
2026-06-26 00:56:25,363 [INFO] prediction.models.prophet_model - [Prophet] Training complete on 2249 rows.
2026-06-26 00:56:25,399 [INFO] prediction.models.base - [Prophet] Evaluation: MAE=13.8140 | RMSE=14.3466 | MAPE=13.83% | DirAcc=48.35% | R²=-6.2791
2026-06-26 00:56:25,399 [INFO] prediction.training - ============================================================
2026-06-26 00:56:25,399 [INFO] prediction.training - TRAINING SUMMARY (Averaged across CV splits)
2026-06-26 00:56:25,399 [INFO] prediction.training - ============================================================
2026-06-26 00:56:25,399 [INFO] prediction.training - [LSTM] MAE=2.2523 | RMSE=2.9284 | MAPE=2.32% | DirAcc=43.68% | R²=0.0953
2026-06-26 00:56:25,399 [INFO] prediction.training - [XGBoost] MAE=0.8199 | RMSE=1.2935 | MAPE=0.84% | DirAcc=43.83% | R²=0.8879
2026-06-26 00:56:25,399 [INFO] prediction.training - [Prophet] MAE=10.7541 | RMSE=11.3725 | MAPE=11.02% | DirAcc=45.12% | R²=-6.1271
2026-06-26 00:56:25,399 [INFO] prediction.training - ============================================================
2026-06-26 00:56:25,399 [INFO] prediction.training - VOLUME PREDICTION TRAINING
2026-06-26 00:56:25,399 [INFO] prediction.training - ============================================================
2026-06-26 00:56:25,408 [INFO] prediction.etl.transform.silver_to_gold - Gold splits — Train: 1746, Val: 252, Test: 494
2026-06-26 00:56:26,140 [INFO] prediction.models.volume_predictor - [VolumeXGB] Training complete.
2026-06-26 00:56:26,143 [INFO] prediction.models.base - [VolumeXGB] Evaluation: MAE=5813.1660 | RMSE=41908.0396 | MAPE=231.27% | DirAcc=51.00% | R²=-0.0109
2026-06-26 00:56:26,153 [INFO] prediction.etl.transform.silver_to_gold - Gold splits — Train: 1998, Val: 251, Test: 243
2026-06-26 00:56:27,054 [INFO] prediction.models.volume_predictor - [VolumeXGB] Training complete.
2026-06-26 00:56:27,058 [INFO] prediction.models.base - [VolumeXGB] Evaluation: MAE=4085.3210 | RMSE=15275.1051 | MAPE=183.36% | DirAcc=44.40% | R²=-0.0467
2026-06-26 00:56:27,077 [INFO] prediction.etl.transform.silver_to_gold - Gold splits — Train: 2249, Val: 243, Test: 0
2026-06-26 00:56:28,005 [INFO] prediction.models.volume_predictor - [VolumeXGB] Training complete.
2026-06-26 00:56:28,007 [INFO] prediction.models.base - [VolumeXGB] Evaluation: MAE=2101.4194 | RMSE=4205.0884 | MAPE=318.19% | DirAcc=45.04% | R²=-0.0765
2026-06-26 00:56:28,008 [INFO] prediction.training - [VolumeXGB] Avg CV: MAE=3999.9688 | RMSE=20462.7444 | MAPE=244.28% | DirAcc=46.81% | R²=-0.0447
2026-06-26 00:56:28,008 [INFO] prediction.training - ============================================================
2026-06-26 00:56:28,008 [INFO] prediction.training - LIQUIDITY CLASSIFICATION TRAINING
2026-06-26 00:56:28,008 [INFO] prediction.training - ============================================================
2026-06-26 00:56:28,017 [INFO] prediction.etl.transform.silver_to_gold - Gold splits — Train: 1746, Val: 252, Test: 494
2026-06-26 00:56:28,914 [INFO] prediction.models.liquidity_classifier - [LiquidityXGB] Training complete. Class distribution: {'low': 823, 'medium': 847, 'high': 76}
2026-06-26 00:56:28,917 [INFO] prediction.models.liquidity_classifier - [LiquidityXGB] Accuracy=69.44% (252 samples)
2026-06-26 00:56:28,931 [INFO] prediction.etl.transform.silver_to_gold - Gold splits — Train: 1998, Val: 251, Test: 243
2026-06-26 00:56:29,939 [INFO] prediction.models.liquidity_classifier - [LiquidityXGB] Training complete. Class distribution: {'low': 886, 'medium': 1019, 'high': 93}
2026-06-26 00:56:29,942 [INFO] prediction.models.liquidity_classifier - [LiquidityXGB] Accuracy=62.15% (251 samples)
2026-06-26 00:56:29,956 [INFO] prediction.etl.transform.silver_to_gold - Gold splits — Train: 2249, Val: 243, Test: 0
2026-06-26 00:56:30,897 [INFO] prediction.models.liquidity_classifier - [LiquidityXGB] Training complete. Class distribution: {'low': 947, 'medium': 1187, 'high': 115}
2026-06-26 00:56:30,899 [INFO] prediction.models.liquidity_classifier - [LiquidityXGB] Accuracy=70.37% (243 samples)
2026-06-26 00:56:30,899 [INFO] prediction.training - [LiquidityXGB] Avg CV Accuracy: 67.32%
2026-06-26 00:56:30,901 [INFO] train_all_tickers - [BIAT][LSTM] MAE=2.2523  RMSE=2.9284  MAPE=2.32%  DirAcc=43.68%  R2=0.0953
2026-06-26 00:56:30,901 [INFO] train_all_tickers - [BIAT][XGBoost] MAE=0.8199  RMSE=1.2935  MAPE=0.84%  DirAcc=43.83%  R2=0.8879
2026-06-26 00:56:30,901 [INFO] train_all_tickers - [BIAT][Prophet] MAE=10.7541  RMSE=11.3725  MAPE=11.02%  DirAcc=45.12%  R2=-6.1271
2026-06-26 00:56:30,901 [INFO] train_all_tickers - [BIAT][VolumeXGB] MAE=3999.9688  RMSE=20462.7444  MAPE=244.28%  DirAcc=46.81%  R2=-0.0447
2026-06-26 00:56:30,901 [INFO] train_all_tickers - [BIAT][LiquidityXGB] MAE=0.0000  RMSE=0.0000  MAPE=0.00%  DirAcc=67.32%  R2=0.0000
2026-06-26 00:56:30,905 [INFO] train_all_tickers - ======================================================================
2026-06-26 00:56:30,905 [INFO] train_all_tickers - [7/37] Training ticker: SOTUVER  (2502 rows)
2026-06-26 00:56:30,905 [INFO] train_all_tickers - ======================================================================
2026-06-26 00:56:30,929 [WARNING] prediction.training - MLflow setup failed. Tracking disabled.
2026-06-26 00:56:30,933 [INFO] prediction.db_sink - Connected to PostgreSQL postgres:5432/fixtrade
2026-06-26 00:56:30,936 [INFO] prediction.db_sink - Database tables verified/created.
2026-06-26 00:56:30,936 [INFO] prediction.training - ============================================================
2026-06-26 00:56:30,936 [INFO] prediction.training - Training CV split: split_1
2026-06-26 00:56:30,936 [INFO] prediction.training - ============================================================
2026-06-26 00:56:30,945 [INFO] prediction.etl.transform.silver_to_gold - Gold splits — Train: 1746, Val: 252, Test: 494
2026-06-26 00:56:30,948 [INFO] prediction.training - Training LSTM on split_1...
2026-06-26 00:56:30,959 [INFO] prediction.models.lstm - [LSTM] Training device: cuda (NVIDIA GeForce RTX 4060)
2026-06-26 00:56:31,364 [INFO] prediction.models.lstm - [LSTM] Epoch 10/50 — train_loss=0.010417, val_loss=0.025298
2026-06-26 00:56:31,510 [INFO] prediction.models.lstm - [LSTM] Early stopping at epoch 18 (val_loss=0.047682)
2026-06-26 00:56:31,511 [INFO] prediction.models.lstm - [LSTM] Training complete.
2026-06-26 00:56:31,515 [INFO] prediction.models.base - [LSTM] Evaluation: MAE=0.9905 | RMSE=1.1547 | MAPE=8.17% | DirAcc=44.34% | R²=0.1908
2026-06-26 00:56:31,515 [INFO] prediction.training - Training XGBoost on split_1...
2026-06-26 00:56:33,075 [INFO] prediction.models.xgboost_model - [XGBoost] Training complete. Top 5 features: ['close_lag_1', 'cloture', 'close_lag_2', 'sma_5', 'plus_haut']
2026-06-26 00:56:33,078 [INFO] prediction.models.base - [XGBoost] Evaluation: MAE=1.6737 | RMSE=2.0617 | MAPE=13.69% | DirAcc=42.23% | R²=-1.1649
2026-06-26 00:56:33,078 [INFO] prediction.training - Training Prophet on split_1...
2026-06-26 00:56:34,024 [INFO] prediction.models.prophet_model - [Prophet] Training complete on 1746 rows.
2026-06-26 00:56:34,063 [INFO] prediction.models.base - [Prophet] Evaluation: MAE=7.2635 | RMSE=7.3758 | MAPE=64.15% | DirAcc=41.04% | R²=-26.7066
2026-06-26 00:56:34,063 [INFO] prediction.training - ============================================================
2026-06-26 00:56:34,063 [INFO] prediction.training - Training CV split: split_2
2026-06-26 00:56:34,063 [INFO] prediction.training - ============================================================
2026-06-26 00:56:34,072 [INFO] prediction.etl.transform.silver_to_gold - Gold splits — Train: 1998, Val: 251, Test: 243
2026-06-26 00:56:34,076 [INFO] prediction.training - Training LSTM on split_2...
2026-06-26 00:56:34,089 [INFO] prediction.models.lstm - [LSTM] Training device: cuda (NVIDIA GeForce RTX 4060)
2026-06-26 00:56:34,485 [INFO] prediction.models.lstm - [LSTM] Epoch 10/50 — train_loss=0.007618, val_loss=0.008031
2026-06-26 00:56:34,718 [INFO] prediction.models.lstm - [LSTM] Epoch 20/50 — train_loss=0.002460, val_loss=0.000493
2026-06-26 00:56:34,880 [INFO] prediction.models.lstm - [LSTM] Early stopping at epoch 28 (val_loss=0.000763)
2026-06-26 00:56:34,881 [INFO] prediction.models.lstm - [LSTM] Training complete.
2026-06-26 00:56:34,888 [INFO] prediction.models.base - [LSTM] Evaluation: MAE=0.1732 | RMSE=0.2278 | MAPE=1.39% | DirAcc=41.36% | R²=0.5887
2026-06-26 00:56:34,888 [INFO] prediction.training - Training XGBoost on split_2...
2026-06-26 00:56:36,591 [INFO] prediction.models.xgboost_model - [XGBoost] Training complete. Top 5 features: ['close_lag_1', 'ema_12', 'cloture', 'sma_20', 'close_lag_2']
2026-06-26 00:56:36,594 [INFO] prediction.models.base - [XGBoost] Evaluation: MAE=0.1581 | RMSE=0.1940 | MAPE=1.27% | DirAcc=35.20% | R²=0.7676
2026-06-26 00:56:36,594 [INFO] prediction.training - Training Prophet on split_2...
2026-06-26 00:56:37,231 [INFO] prediction.models.prophet_model - [Prophet] Training complete on 1998 rows.
2026-06-26 00:56:37,284 [INFO] prediction.models.base - [Prophet] Evaluation: MAE=8.5834 | RMSE=8.5897 | MAPE=69.17% | DirAcc=41.20% | R²=-454.8973
2026-06-26 00:56:37,284 [INFO] prediction.training - ============================================================
2026-06-26 00:56:37,284 [INFO] prediction.training - Training CV split: split_3
2026-06-26 00:56:37,284 [INFO] prediction.training - ============================================================
2026-06-26 00:56:37,295 [INFO] prediction.etl.transform.silver_to_gold - Gold splits — Train: 2249, Val: 243, Test: 0
2026-06-26 00:56:37,301 [INFO] prediction.training - Training LSTM on split_3...
2026-06-26 00:56:37,324 [INFO] prediction.models.lstm - [LSTM] Training device: cuda (NVIDIA GeForce RTX 4060)
2026-06-26 00:56:37,751 [INFO] prediction.models.lstm - [LSTM] Epoch 10/50 — train_loss=0.007020, val_loss=0.011565
2026-06-26 00:56:38,042 [INFO] prediction.models.lstm - [LSTM] Epoch 20/50 — train_loss=0.002329, val_loss=0.002733
2026-06-26 00:56:38,065 [INFO] prediction.models.lstm - [LSTM] Early stopping at epoch 21 (val_loss=0.002181)
2026-06-26 00:56:38,065 [INFO] prediction.models.lstm - [LSTM] Training complete.
2026-06-26 00:56:38,071 [INFO] prediction.models.base - [LSTM] Evaluation: MAE=0.2478 | RMSE=0.3317 | MAPE=1.79% | DirAcc=41.98% | R²=0.0709
2026-06-26 00:56:38,072 [INFO] prediction.training - Training XGBoost on split_3...
2026-06-26 00:56:39,947 [INFO] prediction.models.xgboost_model - [XGBoost] Training complete. Top 5 features: ['close_lag_1', 'sma_5', 'ema_12', 'cloture', 'sma_10']
2026-06-26 00:56:39,950 [INFO] prediction.models.base - [XGBoost] Evaluation: MAE=0.6618 | RMSE=0.7578 | MAPE=4.82% | DirAcc=42.98% | R²=-2.1122
2026-06-26 00:56:39,950 [INFO] prediction.training - Training Prophet on split_3...
2026-06-26 00:56:40,584 [INFO] prediction.models.prophet_model - [Prophet] Training complete on 2249 rows.
2026-06-26 00:56:40,624 [INFO] prediction.models.base - [Prophet] Evaluation: MAE=9.6862 | RMSE=9.6921 | MAPE=71.71% | DirAcc=39.26% | R²=-508.0386
2026-06-26 00:56:40,624 [INFO] prediction.training - ============================================================
2026-06-26 00:56:40,624 [INFO] prediction.training - TRAINING SUMMARY (Averaged across CV splits)
2026-06-26 00:56:40,624 [INFO] prediction.training - ============================================================
2026-06-26 00:56:40,624 [INFO] prediction.training - [LSTM] MAE=0.4705 | RMSE=0.5714 | MAPE=3.78% | DirAcc=42.56% | R²=0.2835
2026-06-26 00:56:40,624 [INFO] prediction.training - [XGBoost] MAE=0.8312 | RMSE=1.0045 | MAPE=6.59% | DirAcc=40.14% | R²=-0.8365
2026-06-26 00:56:40,624 [INFO] prediction.training - [Prophet] MAE=8.5110 | RMSE=8.5525 | MAPE=68.34% | DirAcc=40.50% | R²=-329.8808
2026-06-26 00:56:40,624 [INFO] prediction.training - ============================================================
2026-06-26 00:56:40,624 [INFO] prediction.training - VOLUME PREDICTION TRAINING
2026-06-26 00:56:40,624 [INFO] prediction.training - ============================================================
2026-06-26 00:56:40,635 [INFO] prediction.etl.transform.silver_to_gold - Gold splits — Train: 1746, Val: 252, Test: 494
2026-06-26 00:56:41,463 [INFO] prediction.models.volume_predictor - [VolumeXGB] Training complete.
2026-06-26 00:56:41,465 [INFO] prediction.models.base - [VolumeXGB] Evaluation: MAE=30676.2957 | RMSE=217457.9700 | MAPE=90.28% | DirAcc=47.81% | R²=-0.0173
2026-06-26 00:56:41,476 [INFO] prediction.etl.transform.silver_to_gold - Gold splits — Train: 1998, Val: 251, Test: 243
2026-06-26 00:56:42,340 [INFO] prediction.models.volume_predictor - [VolumeXGB] Training complete.
2026-06-26 00:56:42,343 [INFO] prediction.models.base - [VolumeXGB] Evaluation: MAE=27292.1767 | RMSE=179826.3317 | MAPE=146.37% | DirAcc=54.40% | R²=-0.0110
2026-06-26 00:56:42,357 [INFO] prediction.etl.transform.silver_to_gold - Gold splits — Train: 2249, Val: 243, Test: 0
2026-06-26 00:56:43,236 [INFO] prediction.models.volume_predictor - [VolumeXGB] Training complete.
2026-06-26 00:56:43,238 [INFO] prediction.models.base - [VolumeXGB] Evaluation: MAE=14982.2743 | RMSE=77780.6138 | MAPE=258.54% | DirAcc=44.21% | R²=-0.0185
2026-06-26 00:56:43,239 [INFO] prediction.training - [VolumeXGB] Avg CV: MAE=24316.9156 | RMSE=158354.9718 | MAPE=165.06% | DirAcc=48.81% | R²=-0.0156
2026-06-26 00:56:43,239 [INFO] prediction.training - ============================================================
2026-06-26 00:56:43,239 [INFO] prediction.training - LIQUIDITY CLASSIFICATION TRAINING
2026-06-26 00:56:43,239 [INFO] prediction.training - ============================================================
2026-06-26 00:56:43,250 [INFO] prediction.etl.transform.silver_to_gold - Gold splits — Train: 1746, Val: 252, Test: 494
2026-06-26 00:56:44,218 [INFO] prediction.models.liquidity_classifier - [LiquidityXGB] Training complete. Class distribution: {'low': 195, 'medium': 969, 'high': 582}
2026-06-26 00:56:44,221 [INFO] prediction.models.liquidity_classifier - [LiquidityXGB] Accuracy=62.30% (252 samples)
2026-06-26 00:56:44,231 [INFO] prediction.etl.transform.silver_to_gold - Gold splits — Train: 1998, Val: 251, Test: 243
2026-06-26 00:56:45,325 [INFO] prediction.models.liquidity_classifier - [LiquidityXGB] Training complete. Class distribution: {'low': 202, 'medium': 1110, 'high': 686}
2026-06-26 00:56:45,329 [INFO] prediction.models.liquidity_classifier - [LiquidityXGB] Accuracy=56.18% (251 samples)
2026-06-26 00:56:45,339 [INFO] prediction.etl.transform.silver_to_gold - Gold splits — Train: 2249, Val: 243, Test: 0
2026-06-26 00:56:46,369 [INFO] prediction.models.liquidity_classifier - [LiquidityXGB] Training complete. Class distribution: {'low': 212, 'medium': 1257, 'high': 780}
2026-06-26 00:56:46,372 [INFO] prediction.models.liquidity_classifier - [LiquidityXGB] Accuracy=62.55% (243 samples)
2026-06-26 00:56:46,373 [INFO] prediction.training - [LiquidityXGB] Avg CV Accuracy: 60.34%
2026-06-26 00:56:46,374 [INFO] train_all_tickers - [SOTUVER][LSTM] MAE=0.4705  RMSE=0.5714  MAPE=3.78%  DirAcc=42.56%  R2=0.2835
2026-06-26 00:56:46,374 [INFO] train_all_tickers - [SOTUVER][XGBoost] MAE=0.8312  RMSE=1.0045  MAPE=6.59%  DirAcc=40.14%  R2=-0.8365
2026-06-26 00:56:46,374 [INFO] train_all_tickers - [SOTUVER][Prophet] MAE=8.5110  RMSE=8.5525  MAPE=68.34%  DirAcc=40.50%  R2=-329.8808
2026-06-26 00:56:46,374 [INFO] train_all_tickers - [SOTUVER][VolumeXGB] MAE=24316.9156  RMSE=158354.9718  MAPE=165.06%  DirAcc=48.81%  R2=-0.0156
2026-06-26 00:56:46,374 [INFO] train_all_tickers - [SOTUVER][LiquidityXGB] MAE=0.0000  RMSE=0.0000  MAPE=0.00%  DirAcc=60.34%  R2=0.0000
2026-06-26 00:56:46,377 [INFO] train_all_tickers - ======================================================================
2026-06-26 00:56:46,378 [INFO] train_all_tickers - [8/37] Training ticker: TPR  (2501 rows)
2026-06-26 00:56:46,378 [INFO] train_all_tickers - ======================================================================
2026-06-26 00:56:46,403 [WARNING] prediction.training - MLflow setup failed. Tracking disabled.
2026-06-26 00:56:46,407 [INFO] prediction.db_sink - Connected to PostgreSQL postgres:5432/fixtrade
2026-06-26 00:56:46,409 [INFO] prediction.db_sink - Database tables verified/created.
2026-06-26 00:56:46,409 [INFO] prediction.training - ============================================================
2026-06-26 00:56:46,409 [INFO] prediction.training - Training CV split: split_1
2026-06-26 00:56:46,409 [INFO] prediction.training - ============================================================
2026-06-26 00:56:46,420 [INFO] prediction.etl.transform.silver_to_gold - Gold splits — Train: 1745, Val: 252, Test: 494
2026-06-26 00:56:46,423 [INFO] prediction.training - Training LSTM on split_1...
2026-06-26 00:56:46,435 [INFO] prediction.models.lstm - [LSTM] Training device: cuda (NVIDIA GeForce RTX 4060)
2026-06-26 00:56:46,930 [INFO] prediction.models.lstm - [LSTM] Early stopping at epoch 9 (val_loss=0.029909)
2026-06-26 00:56:46,931 [INFO] prediction.models.lstm - [LSTM] Training complete.
2026-06-26 00:56:46,936 [INFO] prediction.models.base - [LSTM] Evaluation: MAE=0.2425 | RMSE=0.3476 | MAPE=5.38% | DirAcc=40.72% | R²=-0.0929
2026-06-26 00:56:46,936 [INFO] prediction.training - Training XGBoost on split_1...
2026-06-26 00:56:48,983 [INFO] prediction.models.xgboost_model - [XGBoost] Training complete. Top 5 features: ['close_lag_1', 'cloture', 'close_lag_2', 'plus_haut', 'sma_5']
2026-06-26 00:56:48,987 [INFO] prediction.models.base - [XGBoost] Evaluation: MAE=0.0517 | RMSE=0.0673 | MAPE=1.08% | DirAcc=39.04% | R²=0.9717
2026-06-26 00:56:48,987 [INFO] prediction.training - Training Prophet on split_1...
2026-06-26 00:56:49,682 [INFO] prediction.models.prophet_model - [Prophet] Training complete on 1745 rows.
2026-06-26 00:56:49,725 [INFO] prediction.models.base - [Prophet] Evaluation: MAE=1.5943 | RMSE=1.6599 | MAPE=33.09% | DirAcc=43.03% | R²=-16.2062
2026-06-26 00:56:49,725 [INFO] prediction.training - ============================================================
2026-06-26 00:56:49,725 [INFO] prediction.training - Training CV split: split_2
2026-06-26 00:56:49,725 [INFO] prediction.training - ============================================================
2026-06-26 00:56:49,734 [INFO] prediction.etl.transform.silver_to_gold - Gold splits — Train: 1997, Val: 251, Test: 243
2026-06-26 00:56:49,738 [INFO] prediction.training - Training LSTM on split_2...
2026-06-26 00:56:49,755 [INFO] prediction.models.lstm - [LSTM] Training device: cuda (NVIDIA GeForce RTX 4060)
2026-06-26 00:56:50,121 [INFO] prediction.models.lstm - [LSTM] Epoch 10/50 — train_loss=0.019339, val_loss=0.017786
2026-06-26 00:56:50,314 [INFO] prediction.models.lstm - [LSTM] Early stopping at epoch 19 (val_loss=0.022081)
2026-06-26 00:56:50,315 [INFO] prediction.models.lstm - [LSTM] Training complete.
2026-06-26 00:56:50,319 [INFO] prediction.models.base - [LSTM] Evaluation: MAE=0.2846 | RMSE=0.3748 | MAPE=4.87% | DirAcc=43.64% | R²=0.2735
2026-06-26 00:56:50,319 [INFO] prediction.training - Training XGBoost on split_2...
2026-06-26 00:56:52,073 [INFO] prediction.models.xgboost_model - [XGBoost] Training complete. Top 5 features: ['close_lag_1', 'cloture', 'close_lag_2', 'plus_haut', 'sma_5']
2026-06-26 00:56:52,075 [INFO] prediction.models.base - [XGBoost] Evaluation: MAE=0.3509 | RMSE=0.5112 | MAPE=5.94% | DirAcc=38.40% | R²=-0.1304
2026-06-26 00:56:52,076 [INFO] prediction.training - Training Prophet on split_2...
2026-06-26 00:56:53,011 [INFO] prediction.models.prophet_model - [Prophet] Training complete on 1997 rows.
2026-06-26 00:56:53,049 [INFO] prediction.models.base - [Prophet] Evaluation: MAE=2.2611 | RMSE=2.3142 | MAPE=41.00% | DirAcc=40.00% | R²=-22.1661
2026-06-26 00:56:53,049 [INFO] prediction.training - ============================================================
2026-06-26 00:56:53,049 [INFO] prediction.training - Training CV split: split_3
2026-06-26 00:56:53,049 [INFO] prediction.training - ============================================================
2026-06-26 00:56:53,060 [INFO] prediction.etl.transform.silver_to_gold - Gold splits — Train: 2248, Val: 243, Test: 0
2026-06-26 00:56:53,065 [INFO] prediction.training - Training LSTM on split_3...
2026-06-26 00:56:53,086 [INFO] prediction.models.lstm - [LSTM] Training device: cuda (NVIDIA GeForce RTX 4060)
2026-06-26 00:56:53,675 [INFO] prediction.models.lstm - [LSTM] Early stopping at epoch 9 (val_loss=1.235603)
2026-06-26 00:56:53,676 [INFO] prediction.models.lstm - [LSTM] Training complete.
2026-06-26 00:56:53,686 [INFO] prediction.models.base - [LSTM] Evaluation: MAE=3.4928 | RMSE=3.6858 | MAPE=34.10% | DirAcc=44.81% | R²=-8.6384
2026-06-26 00:56:53,686 [INFO] prediction.training - Training XGBoost on split_3...
2026-06-26 00:56:55,502 [INFO] prediction.models.xgboost_model - [XGBoost] Training complete. Top 5 features: ['close_lag_1', 'cloture', 'close_lag_2', 'plus_haut', 'plus_bas']
2026-06-26 00:56:55,505 [INFO] prediction.models.base - [XGBoost] Evaluation: MAE=3.5642 | RMSE=3.8897 | MAPE=35.43% | DirAcc=45.45% | R²=-5.1369
2026-06-26 00:56:55,505 [INFO] prediction.training - Training Prophet on split_3...
2026-06-26 00:56:56,417 [INFO] prediction.models.prophet_model - [Prophet] Training complete on 2248 rows.
2026-06-26 00:56:56,456 [INFO] prediction.models.base - [Prophet] Evaluation: MAE=6.0446 | RMSE=6.2965 | MAPE=62.17% | DirAcc=39.26% | R²=-15.0809
2026-06-26 00:56:56,456 [INFO] prediction.training - ============================================================
2026-06-26 00:56:56,456 [INFO] prediction.training - TRAINING SUMMARY (Averaged across CV splits)
2026-06-26 00:56:56,456 [INFO] prediction.training - ============================================================
2026-06-26 00:56:56,456 [INFO] prediction.training - [LSTM] MAE=1.3399 | RMSE=1.4694 | MAPE=14.78% | DirAcc=43.06% | R²=-2.8192
2026-06-26 00:56:56,456 [INFO] prediction.training - [XGBoost] MAE=1.3223 | RMSE=1.4894 | MAPE=14.15% | DirAcc=40.97% | R²=-1.4319
2026-06-26 00:56:56,456 [INFO] prediction.training - [Prophet] MAE=3.3000 | RMSE=3.4235 | MAPE=45.42% | DirAcc=40.76% | R²=-17.8178
2026-06-26 00:56:56,456 [INFO] prediction.training - ============================================================
2026-06-26 00:56:56,456 [INFO] prediction.training - VOLUME PREDICTION TRAINING
2026-06-26 00:56:56,456 [INFO] prediction.training - ============================================================
2026-06-26 00:56:56,470 [INFO] prediction.etl.transform.silver_to_gold - Gold splits — Train: 1745, Val: 252, Test: 494
2026-06-26 00:56:57,296 [INFO] prediction.models.volume_predictor - [VolumeXGB] Training complete.
2026-06-26 00:56:57,299 [INFO] prediction.models.base - [VolumeXGB] Evaluation: MAE=15822.9060 | RMSE=72101.5360 | MAPE=612.23% | DirAcc=50.60% | R²=-0.0398
2026-06-26 00:56:57,314 [INFO] prediction.etl.transform.silver_to_gold - Gold splits — Train: 1997, Val: 251, Test: 243
2026-06-26 00:56:58,222 [INFO] prediction.models.volume_predictor - [VolumeXGB] Training complete.
2026-06-26 00:56:58,228 [INFO] prediction.models.base - [VolumeXGB] Evaluation: MAE=21843.3616 | RMSE=114495.5053 | MAPE=1562.34% | DirAcc=39.20% | R²=-0.0229
2026-06-26 00:56:58,244 [INFO] prediction.etl.transform.silver_to_gold - Gold splits — Train: 2248, Val: 243, Test: 0
2026-06-26 00:56:59,078 [INFO] prediction.models.volume_predictor - [VolumeXGB] Training complete.
2026-06-26 00:56:59,081 [INFO] prediction.models.base - [VolumeXGB] Evaluation: MAE=54046.9372 | RMSE=387572.0570 | MAPE=69.70% | DirAcc=40.50% | R²=-0.0169
2026-06-26 00:56:59,081 [INFO] prediction.training - [VolumeXGB] Avg CV: MAE=30571.0683 | RMSE=191389.6994 | MAPE=748.09% | DirAcc=43.43% | R²=-0.0265
2026-06-26 00:56:59,083 [INFO] prediction.training - ============================================================
2026-06-26 00:56:59,083 [INFO] prediction.training - LIQUIDITY CLASSIFICATION TRAINING
2026-06-26 00:56:59,083 [INFO] prediction.training - ============================================================
2026-06-26 00:56:59,097 [INFO] prediction.etl.transform.silver_to_gold - Gold splits — Train: 1745, Val: 252, Test: 494
2026-06-26 00:57:00,063 [INFO] prediction.models.liquidity_classifier - [LiquidityXGB] Training complete. Class distribution: {'low': 228, 'medium': 920, 'high': 597}
2026-06-26 00:57:00,066 [INFO] prediction.models.liquidity_classifier - [LiquidityXGB] Accuracy=50.00% (252 samples)
2026-06-26 00:57:00,075 [INFO] prediction.etl.transform.silver_to_gold - Gold splits — Train: 1997, Val: 251, Test: 243
2026-06-26 00:57:01,042 [INFO] prediction.models.liquidity_classifier - [LiquidityXGB] Training complete. Class distribution: {'low': 260, 'medium': 1061, 'high': 676}
2026-06-26 00:57:01,045 [INFO] prediction.models.liquidity_classifier - [LiquidityXGB] Accuracy=60.16% (251 samples)
2026-06-26 00:57:01,056 [INFO] prediction.etl.transform.silver_to_gold - Gold splits — Train: 2248, Val: 243, Test: 0
2026-06-26 00:57:02,001 [INFO] prediction.models.liquidity_classifier - [LiquidityXGB] Training complete. Class distribution: {'low': 287, 'medium': 1208, 'high': 753}
2026-06-26 00:57:02,004 [INFO] prediction.models.liquidity_classifier - [LiquidityXGB] Accuracy=57.61% (243 samples)
2026-06-26 00:57:02,005 [INFO] prediction.training - [LiquidityXGB] Avg CV Accuracy: 55.92%
2026-06-26 00:57:02,006 [INFO] train_all_tickers - [TPR][LSTM] MAE=1.3399  RMSE=1.4694  MAPE=14.78%  DirAcc=43.06%  R2=-2.8192
2026-06-26 00:57:02,006 [INFO] train_all_tickers - [TPR][XGBoost] MAE=1.3223  RMSE=1.4894  MAPE=14.15%  DirAcc=40.97%  R2=-1.4319
2026-06-26 00:57:02,006 [INFO] train_all_tickers - [TPR][Prophet] MAE=3.3000  RMSE=3.4235  MAPE=45.42%  DirAcc=40.76%  R2=-17.8178
2026-06-26 00:57:02,006 [INFO] train_all_tickers - [TPR][VolumeXGB] MAE=30571.0683  RMSE=191389.6994  MAPE=748.09%  DirAcc=43.43%  R2=-0.0265
2026-06-26 00:57:02,006 [INFO] train_all_tickers - [TPR][LiquidityXGB] MAE=0.0000  RMSE=0.0000  MAPE=0.00%  DirAcc=55.92%  R2=0.0000
2026-06-26 00:57:02,009 [INFO] train_all_tickers - ======================================================================
2026-06-26 00:57:02,009 [INFO] train_all_tickers - [9/37] Training ticker: EURO-CYCLES  (2498 rows)
2026-06-26 00:57:02,009 [INFO] train_all_tickers - ======================================================================
2026-06-26 00:57:02,035 [WARNING] prediction.training - MLflow setup failed. Tracking disabled.
2026-06-26 00:57:02,040 [INFO] prediction.db_sink - Connected to PostgreSQL postgres:5432/fixtrade
2026-06-26 00:57:02,042 [INFO] prediction.db_sink - Database tables verified/created.
2026-06-26 00:57:02,042 [INFO] prediction.training - ============================================================
2026-06-26 00:57:02,042 [INFO] prediction.training - Training CV split: split_1
2026-06-26 00:57:02,042 [INFO] prediction.training - ============================================================
2026-06-26 00:57:02,052 [INFO] prediction.etl.transform.silver_to_gold - Gold splits — Train: 1742, Val: 252, Test: 494
2026-06-26 00:57:02,056 [INFO] prediction.training - Training LSTM on split_1...
2026-06-26 00:57:02,069 [INFO] prediction.models.lstm - [LSTM] Training device: cuda (NVIDIA GeForce RTX 4060)
2026-06-26 00:57:02,546 [INFO] prediction.models.lstm - [LSTM] Epoch 10/50 — train_loss=0.025598, val_loss=0.033393
2026-06-26 00:57:02,566 [INFO] prediction.models.lstm - [LSTM] Early stopping at epoch 11 (val_loss=0.032116)
2026-06-26 00:57:02,567 [INFO] prediction.models.lstm - [LSTM] Training complete.
2026-06-26 00:57:02,572 [INFO] prediction.models.base - [LSTM] Evaluation: MAE=5.2639 | RMSE=5.7167 | MAPE=35.41% | DirAcc=50.23% | R²=-1.1027
2026-06-26 00:57:02,572 [INFO] prediction.training - Training XGBoost on split_1...
2026-06-26 00:57:04,281 [INFO] prediction.models.xgboost_model - [XGBoost] Training complete. Top 5 features: ['plus_haut', 'cloture', 'plus_bas', 'close_lag_2', 'close_lag_1']
2026-06-26 00:57:04,284 [INFO] prediction.models.base - [XGBoost] Evaluation: MAE=0.6395 | RMSE=0.8750 | MAPE=4.26% | DirAcc=52.19% | R²=0.9625
2026-06-26 00:57:04,284 [INFO] prediction.training - Training Prophet on split_1...
2026-06-26 00:57:04,897 [INFO] prediction.models.prophet_model - [Prophet] Training complete on 1742 rows.
2026-06-26 00:57:04,937 [INFO] prediction.models.base - [Prophet] Evaluation: MAE=25.4688 | RMSE=26.3159 | MAPE=159.31% | DirAcc=45.42% | R²=-32.9374
2026-06-26 00:57:04,937 [INFO] prediction.training - ============================================================
2026-06-26 00:57:04,937 [INFO] prediction.training - Training CV split: split_2
2026-06-26 00:57:04,937 [INFO] prediction.training - ============================================================
2026-06-26 00:57:04,945 [INFO] prediction.etl.transform.silver_to_gold - Gold splits — Train: 1994, Val: 251, Test: 243
2026-06-26 00:57:04,948 [INFO] prediction.training - Training LSTM on split_2...
2026-06-26 00:57:04,962 [INFO] prediction.models.lstm - [LSTM] Training device: cuda (NVIDIA GeForce RTX 4060)
2026-06-26 00:57:05,315 [INFO] prediction.models.lstm - [LSTM] Epoch 10/50 — train_loss=0.003172, val_loss=0.007159
2026-06-26 00:57:05,531 [INFO] prediction.models.lstm - [LSTM] Epoch 20/50 — train_loss=0.001587, val_loss=0.002079
2026-06-26 00:57:05,741 [INFO] prediction.models.lstm - [LSTM] Epoch 30/50 — train_loss=0.001527, val_loss=0.001936
2026-06-26 00:57:05,761 [INFO] prediction.models.lstm - [LSTM] Early stopping at epoch 31 (val_loss=0.001485)
2026-06-26 00:57:05,763 [INFO] prediction.models.lstm - [LSTM] Training complete.
2026-06-26 00:57:05,768 [INFO] prediction.models.base - [LSTM] Evaluation: MAE=1.5752 | RMSE=1.6833 | MAPE=13.21% | DirAcc=37.73% | R²=-6.5879
2026-06-26 00:57:05,768 [INFO] prediction.training - Training XGBoost on split_2...
2026-06-26 00:57:07,539 [INFO] prediction.models.xgboost_model - [XGBoost] Training complete. Top 5 features: ['plus_haut', 'cloture', 'plus_bas', 'close_lag_1', 'close_lag_2']
2026-06-26 00:57:07,542 [INFO] prediction.models.base - [XGBoost] Evaluation: MAE=0.6069 | RMSE=0.6713 | MAPE=5.05% | DirAcc=40.80% | R²=0.2514
2026-06-26 00:57:07,542 [INFO] prediction.training - Training Prophet on split_2...
2026-06-26 00:57:08,345 [INFO] prediction.models.prophet_model - [Prophet] Training complete on 1994 rows.
2026-06-26 00:57:08,391 [INFO] prediction.models.base - [Prophet] Evaluation: MAE=31.7245 | RMSE=31.9829 | MAPE=261.69% | DirAcc=40.40% | R²=-1698.2566
2026-06-26 00:57:08,391 [INFO] prediction.training - ============================================================
2026-06-26 00:57:08,391 [INFO] prediction.training - Training CV split: split_3
2026-06-26 00:57:08,391 [INFO] prediction.training - ============================================================
2026-06-26 00:57:08,401 [INFO] prediction.etl.transform.silver_to_gold - Gold splits — Train: 2245, Val: 243, Test: 0
2026-06-26 00:57:08,407 [INFO] prediction.training - Training LSTM on split_3...
2026-06-26 00:57:08,439 [INFO] prediction.models.lstm - [LSTM] Training device: cuda (NVIDIA GeForce RTX 4060)
2026-06-26 00:57:08,915 [INFO] prediction.models.lstm - [LSTM] Epoch 10/50 — train_loss=0.004638, val_loss=0.000408
2026-06-26 00:57:09,187 [INFO] prediction.models.lstm - [LSTM] Epoch 20/50 — train_loss=0.001813, val_loss=0.000155
2026-06-26 00:57:09,464 [INFO] prediction.models.lstm - [LSTM] Epoch 30/50 — train_loss=0.001525, val_loss=0.000202
2026-06-26 00:57:09,623 [INFO] prediction.models.lstm - [LSTM] Early stopping at epoch 37 (val_loss=0.000402)
2026-06-26 00:57:09,623 [INFO] prediction.models.lstm - [LSTM] Training complete.
2026-06-26 00:57:09,632 [INFO] prediction.models.base - [LSTM] Evaluation: MAE=0.3750 | RMSE=0.4453 | MAPE=2.82% | DirAcc=52.36% | R²=0.6070
2026-06-26 00:57:09,632 [INFO] prediction.training - Training XGBoost on split_3...
2026-06-26 00:57:11,391 [INFO] prediction.models.xgboost_model - [XGBoost] Training complete. Top 5 features: ['plus_haut', 'cloture', 'plus_bas', 'close_lag_1', 'close_lag_2']
2026-06-26 00:57:11,393 [INFO] prediction.models.base - [XGBoost] Evaluation: MAE=0.2123 | RMSE=0.2797 | MAPE=1.61% | DirAcc=45.45% | R²=0.8743
2026-06-26 00:57:11,393 [INFO] prediction.training - Training Prophet on split_3...
2026-06-26 00:57:12,680 [INFO] prediction.models.prophet_model - [Prophet] Training complete on 2245 rows.
2026-06-26 00:57:12,719 [INFO] prediction.models.base - [Prophet] Evaluation: MAE=31.2692 | RMSE=31.4225 | MAPE=237.91% | DirAcc=52.89% | R²=-1585.9132
2026-06-26 00:57:12,719 [INFO] prediction.training - ============================================================
2026-06-26 00:57:12,719 [INFO] prediction.training - TRAINING SUMMARY (Averaged across CV splits)
2026-06-26 00:57:12,719 [INFO] prediction.training - ============================================================
2026-06-26 00:57:12,719 [INFO] prediction.training - [LSTM] MAE=2.4047 | RMSE=2.6151 | MAPE=17.14% | DirAcc=46.77% | R²=-2.3612
2026-06-26 00:57:12,719 [INFO] prediction.training - [XGBoost] MAE=0.4862 | RMSE=0.6087 | MAPE=3.64% | DirAcc=46.15% | R²=0.6961
2026-06-26 00:57:12,719 [INFO] prediction.training - [Prophet] MAE=29.4875 | RMSE=29.9071 | MAPE=219.64% | DirAcc=46.24% | R²=-1105.7024
2026-06-26 00:57:12,719 [INFO] prediction.training - ============================================================
2026-06-26 00:57:12,719 [INFO] prediction.training - VOLUME PREDICTION TRAINING
2026-06-26 00:57:12,719 [INFO] prediction.training - ============================================================
2026-06-26 00:57:12,727 [INFO] prediction.etl.transform.silver_to_gold - Gold splits — Train: 1742, Val: 252, Test: 494
2026-06-26 00:57:13,472 [INFO] prediction.models.volume_predictor - [VolumeXGB] Training complete.
2026-06-26 00:57:13,474 [INFO] prediction.models.base - [VolumeXGB] Evaluation: MAE=3949.9605 | RMSE=6459.2267 | MAPE=323.31% | DirAcc=42.63% | R²=0.0311
2026-06-26 00:57:13,485 [INFO] prediction.etl.transform.silver_to_gold - Gold splits — Train: 1994, Val: 251, Test: 243
2026-06-26 00:57:14,292 [INFO] prediction.models.volume_predictor - [VolumeXGB] Training complete.
2026-06-26 00:57:14,295 [INFO] prediction.models.base - [VolumeXGB] Evaluation: MAE=3652.4143 | RMSE=7021.8306 | MAPE=137.70% | DirAcc=50.00% | R²=-0.1495
2026-06-26 00:57:14,308 [INFO] prediction.etl.transform.silver_to_gold - Gold splits — Train: 2245, Val: 243, Test: 0
2026-06-26 00:57:15,090 [INFO] prediction.models.volume_predictor - [VolumeXGB] Training complete.
2026-06-26 00:57:15,093 [INFO] prediction.models.base - [VolumeXGB] Evaluation: MAE=4368.0682 | RMSE=7417.9839 | MAPE=131.98% | DirAcc=48.35% | R²=0.0258
2026-06-26 00:57:15,093 [INFO] prediction.training - [VolumeXGB] Avg CV: MAE=3990.1477 | RMSE=6966.3471 | MAPE=197.66% | DirAcc=46.99% | R²=-0.0309
2026-06-26 00:57:15,093 [INFO] prediction.training - ============================================================
2026-06-26 00:57:15,093 [INFO] prediction.training - LIQUIDITY CLASSIFICATION TRAINING
2026-06-26 00:57:15,093 [INFO] prediction.training - ============================================================
2026-06-26 00:57:15,103 [INFO] prediction.etl.transform.silver_to_gold - Gold splits — Train: 1742, Val: 252, Test: 494
2026-06-26 00:57:16,018 [INFO] prediction.models.liquidity_classifier - [LiquidityXGB] Training complete. Class distribution: {'low': 140, 'medium': 1218, 'high': 384}
2026-06-26 00:57:16,021 [INFO] prediction.models.liquidity_classifier - [LiquidityXGB] Accuracy=66.27% (252 samples)
2026-06-26 00:57:16,031 [INFO] prediction.etl.transform.silver_to_gold - Gold splits — Train: 1994, Val: 251, Test: 243
2026-06-26 00:57:17,002 [INFO] prediction.models.liquidity_classifier - [LiquidityXGB] Training complete. Class distribution: {'low': 162, 'medium': 1398, 'high': 434}
2026-06-26 00:57:17,005 [INFO] prediction.models.liquidity_classifier - [LiquidityXGB] Accuracy=72.11% (251 samples)
2026-06-26 00:57:17,015 [INFO] prediction.etl.transform.silver_to_gold - Gold splits — Train: 2245, Val: 243, Test: 0
2026-06-26 00:57:18,085 [INFO] prediction.models.liquidity_classifier - [LiquidityXGB] Training complete. Class distribution: {'low': 198, 'medium': 1586, 'high': 461}
2026-06-26 00:57:18,088 [INFO] prediction.models.liquidity_classifier - [LiquidityXGB] Accuracy=70.37% (243 samples)
2026-06-26 00:57:18,088 [INFO] prediction.training - [LiquidityXGB] Avg CV Accuracy: 69.58%
2026-06-26 00:57:18,090 [INFO] train_all_tickers - [EURO-CYCLES][LSTM] MAE=2.4047  RMSE=2.6151  MAPE=17.14%  DirAcc=46.77%  R2=-2.3612
2026-06-26 00:57:18,090 [INFO] train_all_tickers - [EURO-CYCLES][XGBoost] MAE=0.4862  RMSE=0.6087  MAPE=3.64%  DirAcc=46.15%  R2=0.6961
2026-06-26 00:57:18,090 [INFO] train_all_tickers - [EURO-CYCLES][Prophet] MAE=29.4875  RMSE=29.9071  MAPE=219.64%  DirAcc=46.24%  R2=-1105.7024
2026-06-26 00:57:18,090 [INFO] train_all_tickers - [EURO-CYCLES][VolumeXGB] MAE=3990.1477  RMSE=6966.3471  MAPE=197.66%  DirAcc=46.99%  R2=-0.0309
2026-06-26 00:57:18,090 [INFO] train_all_tickers - [EURO-CYCLES][LiquidityXGB] MAE=0.0000  RMSE=0.0000  MAPE=0.00%  DirAcc=69.58%  R2=0.0000
2026-06-26 00:57:18,095 [INFO] train_all_tickers - ======================================================================
2026-06-26 00:57:18,095 [INFO] train_all_tickers - [10/37] Training ticker: CARTHAGE CEMENT  (2497 rows)
2026-06-26 00:57:18,095 [INFO] train_all_tickers - ======================================================================
2026-06-26 00:57:18,120 [WARNING] prediction.training - MLflow setup failed. Tracking disabled.
2026-06-26 00:57:18,124 [INFO] prediction.db_sink - Connected to PostgreSQL postgres:5432/fixtrade
2026-06-26 00:57:18,126 [INFO] prediction.db_sink - Database tables verified/created.
2026-06-26 00:57:18,126 [INFO] prediction.training - ============================================================
2026-06-26 00:57:18,126 [INFO] prediction.training - Training CV split: split_1
2026-06-26 00:57:18,126 [INFO] prediction.training - ============================================================
2026-06-26 00:57:18,135 [INFO] prediction.etl.transform.silver_to_gold - Gold splits — Train: 1741, Val: 252, Test: 494
2026-06-26 00:57:18,138 [INFO] prediction.training - Training LSTM on split_1...
2026-06-26 00:57:18,150 [INFO] prediction.models.lstm - [LSTM] Training device: cuda (NVIDIA GeForce RTX 4060)
2026-06-26 00:57:18,573 [INFO] prediction.models.lstm - [LSTM] Early stopping at epoch 9 (val_loss=0.024287)
2026-06-26 00:57:18,574 [INFO] prediction.models.lstm - [LSTM] Training complete.
2026-06-26 00:57:18,580 [INFO] prediction.models.base - [LSTM] Evaluation: MAE=0.1143 | RMSE=0.1297 | MAPE=5.87% | DirAcc=39.82% | R²=0.3893
2026-06-26 00:57:18,580 [INFO] prediction.training - Training XGBoost on split_1...
2026-06-26 00:57:20,299 [INFO] prediction.models.xgboost_model - [XGBoost] Training complete. Top 5 features: ['close_lag_1', 'cloture', 'close_lag_2', 'plus_haut', 'plus_bas']
2026-06-26 00:57:20,301 [INFO] prediction.models.base - [XGBoost] Evaluation: MAE=0.0235 | RMSE=0.0289 | MAPE=1.21% | DirAcc=36.25% | R²=0.9665
2026-06-26 00:57:20,301 [INFO] prediction.training - Training Prophet on split_1...
2026-06-26 00:57:21,112 [INFO] prediction.models.prophet_model - [Prophet] Training complete on 1741 rows.
2026-06-26 00:57:21,148 [INFO] prediction.models.base - [Prophet] Evaluation: MAE=0.1960 | RMSE=0.2466 | MAPE=10.32% | DirAcc=39.84% | R²=-1.4451
2026-06-26 00:57:21,148 [INFO] prediction.training - ============================================================
2026-06-26 00:57:21,148 [INFO] prediction.training - Training CV split: split_2
2026-06-26 00:57:21,148 [INFO] prediction.training - ============================================================
2026-06-26 00:57:21,156 [INFO] prediction.etl.transform.silver_to_gold - Gold splits — Train: 1993, Val: 251, Test: 243
2026-06-26 00:57:21,160 [INFO] prediction.training - Training LSTM on split_2...
2026-06-26 00:57:21,172 [INFO] prediction.models.lstm - [LSTM] Training device: cuda (NVIDIA GeForce RTX 4060)
2026-06-26 00:57:21,504 [INFO] prediction.models.lstm - [LSTM] Epoch 10/50 — train_loss=0.024989, val_loss=0.001709
2026-06-26 00:57:21,697 [INFO] prediction.models.lstm - [LSTM] Epoch 20/50 — train_loss=0.005674, val_loss=0.001055
2026-06-26 00:57:21,807 [INFO] prediction.models.lstm - [LSTM] Early stopping at epoch 26 (val_loss=0.001069)
2026-06-26 00:57:21,808 [INFO] prediction.models.lstm - [LSTM] Training complete.
2026-06-26 00:57:21,812 [INFO] prediction.models.base - [LSTM] Evaluation: MAE=0.0385 | RMSE=0.0548 | MAPE=1.89% | DirAcc=37.27% | R²=0.8124
2026-06-26 00:57:21,812 [INFO] prediction.training - Training XGBoost on split_2...
2026-06-26 00:57:23,470 [INFO] prediction.models.xgboost_model - [XGBoost] Training complete. Top 5 features: ['close_lag_1', 'cloture', 'close_lag_2', 'plus_haut', 'plus_bas']
2026-06-26 00:57:23,473 [INFO] prediction.models.base - [XGBoost] Evaluation: MAE=0.0225 | RMSE=0.0308 | MAPE=1.12% | DirAcc=34.80% | R²=0.9375
2026-06-26 00:57:23,474 [INFO] prediction.training - Training Prophet on split_2...
2026-06-26 00:57:24,284 [INFO] prediction.models.prophet_model - [Prophet] Training complete on 1993 rows.
2026-06-26 00:57:24,325 [INFO] prediction.models.base - [Prophet] Evaluation: MAE=0.2010 | RMSE=0.2778 | MAPE=10.42% | DirAcc=39.60% | R²=-4.0686
2026-06-26 00:57:24,325 [INFO] prediction.training - ============================================================
2026-06-26 00:57:24,325 [INFO] prediction.training - Training CV split: split_3
2026-06-26 00:57:24,325 [INFO] prediction.training - ============================================================
2026-06-26 00:57:24,334 [INFO] prediction.etl.transform.silver_to_gold - Gold splits — Train: 2244, Val: 243, Test: 0
2026-06-26 00:57:24,338 [INFO] prediction.training - Training LSTM on split_3...
2026-06-26 00:57:24,353 [INFO] prediction.models.lstm - [LSTM] Training device: cuda (NVIDIA GeForce RTX 4060)
2026-06-26 00:57:24,727 [INFO] prediction.models.lstm - [LSTM] Epoch 10/50 — train_loss=0.011022, val_loss=0.003652
2026-06-26 00:57:24,951 [INFO] prediction.models.lstm - [LSTM] Epoch 20/50 — train_loss=0.004096, val_loss=0.001144
2026-06-26 00:57:25,328 [INFO] prediction.models.lstm - [LSTM] Epoch 30/50 — train_loss=0.004010, val_loss=0.001106
2026-06-26 00:57:25,421 [INFO] prediction.models.lstm - [LSTM] Early stopping at epoch 34 (val_loss=0.002320)
2026-06-26 00:57:25,422 [INFO] prediction.models.lstm - [LSTM] Training complete.
2026-06-26 00:57:25,430 [INFO] prediction.models.base - [LSTM] Evaluation: MAE=0.0365 | RMSE=0.0519 | MAPE=1.87% | DirAcc=33.96% | R²=0.8413
2026-06-26 00:57:25,430 [INFO] prediction.training - Training XGBoost on split_3...
2026-06-26 00:57:27,185 [INFO] prediction.models.xgboost_model - [XGBoost] Training complete. Top 5 features: ['close_lag_1', 'cloture', 'close_lag_2', 'plus_haut', 'plus_bas']
2026-06-26 00:57:27,189 [INFO] prediction.models.base - [XGBoost] Evaluation: MAE=0.0199 | RMSE=0.0261 | MAPE=0.99% | DirAcc=35.95% | R²=0.9690
2026-06-26 00:57:27,189 [INFO] prediction.training - Training Prophet on split_3...
2026-06-26 00:57:28,082 [INFO] prediction.models.prophet_model - [Prophet] Training complete on 2244 rows.
2026-06-26 00:57:28,119 [INFO] prediction.models.base - [Prophet] Evaluation: MAE=0.3927 | RMSE=0.4752 | MAPE=18.79% | DirAcc=32.23% | R²=-9.2428
2026-06-26 00:57:28,119 [INFO] prediction.training - ============================================================
2026-06-26 00:57:28,119 [INFO] prediction.training - TRAINING SUMMARY (Averaged across CV splits)
2026-06-26 00:57:28,119 [INFO] prediction.training - ============================================================
2026-06-26 00:57:28,119 [INFO] prediction.training - [LSTM] MAE=0.0631 | RMSE=0.0788 | MAPE=3.21% | DirAcc=37.02% | R²=0.6810
2026-06-26 00:57:28,119 [INFO] prediction.training - [XGBoost] MAE=0.0220 | RMSE=0.0286 | MAPE=1.11% | DirAcc=35.67% | R²=0.9577
2026-06-26 00:57:28,119 [INFO] prediction.training - [Prophet] MAE=0.2633 | RMSE=0.3332 | MAPE=13.18% | DirAcc=37.22% | R²=-4.9188
2026-06-26 00:57:28,119 [INFO] prediction.training - ============================================================
2026-06-26 00:57:28,119 [INFO] prediction.training - VOLUME PREDICTION TRAINING
2026-06-26 00:57:28,119 [INFO] prediction.training - ============================================================
2026-06-26 00:57:28,129 [INFO] prediction.etl.transform.silver_to_gold - Gold splits — Train: 1741, Val: 252, Test: 494
2026-06-26 00:57:28,997 [INFO] prediction.models.volume_predictor - [VolumeXGB] Training complete.
2026-06-26 00:57:29,001 [INFO] prediction.models.base - [VolumeXGB] Evaluation: MAE=102229.6564 | RMSE=492929.4144 | MAPE=511.20% | DirAcc=44.62% | R²=0.0144
2026-06-26 00:57:29,022 [INFO] prediction.etl.transform.silver_to_gold - Gold splits — Train: 1993, Val: 251, Test: 243
2026-06-26 00:57:29,877 [INFO] prediction.models.volume_predictor - [VolumeXGB] Training complete.
2026-06-26 00:57:29,880 [INFO] prediction.models.base - [VolumeXGB] Evaluation: MAE=77845.6907 | RMSE=307413.4073 | MAPE=110.07% | DirAcc=42.40% | R²=0.0065
2026-06-26 00:57:29,890 [INFO] prediction.etl.transform.silver_to_gold - Gold splits — Train: 2244, Val: 243, Test: 0
2026-06-26 00:57:30,649 [INFO] prediction.models.volume_predictor - [VolumeXGB] Training complete.
2026-06-26 00:57:30,651 [INFO] prediction.models.base - [VolumeXGB] Evaluation: MAE=129205.1809 | RMSE=550957.7163 | MAPE=78.08% | DirAcc=43.39% | R²=-0.0278
2026-06-26 00:57:30,651 [INFO] prediction.training - [VolumeXGB] Avg CV: MAE=103093.5093 | RMSE=450433.5126 | MAPE=233.12% | DirAcc=43.47% | R²=-0.0023
2026-06-26 00:57:30,652 [INFO] prediction.training - ============================================================
2026-06-26 00:57:30,652 [INFO] prediction.training - LIQUIDITY CLASSIFICATION TRAINING
2026-06-26 00:57:30,652 [INFO] prediction.training - ============================================================
2026-06-26 00:57:30,662 [INFO] prediction.etl.transform.silver_to_gold - Gold splits — Train: 1741, Val: 252, Test: 494
2026-06-26 00:57:31,370 [INFO] prediction.models.liquidity_classifier - [LiquidityXGB] Training complete. Class distribution: {'low': 64, 'medium': 90, 'high': 1587}
2026-06-26 00:57:31,373 [INFO] prediction.models.liquidity_classifier - [LiquidityXGB] Accuracy=86.51% (252 samples)
2026-06-26 00:57:31,384 [INFO] prediction.etl.transform.silver_to_gold - Gold splits — Train: 1993, Val: 251, Test: 243
2026-06-26 00:57:32,152 [INFO] prediction.models.liquidity_classifier - [LiquidityXGB] Training complete. Class distribution: {'low': 66, 'medium': 122, 'high': 1805}
2026-06-26 00:57:32,154 [INFO] prediction.models.liquidity_classifier - [LiquidityXGB] Accuracy=92.83% (251 samples)
2026-06-26 00:57:32,164 [INFO] prediction.etl.transform.silver_to_gold - Gold splits — Train: 2244, Val: 243, Test: 0
2026-06-26 00:57:32,945 [INFO] prediction.models.liquidity_classifier - [LiquidityXGB] Training complete. Class distribution: {'low': 66, 'medium': 139, 'high': 2039}
2026-06-26 00:57:32,948 [INFO] prediction.models.liquidity_classifier - [LiquidityXGB] Accuracy=99.18% (243 samples)
2026-06-26 00:57:32,948 [INFO] prediction.training - [LiquidityXGB] Avg CV Accuracy: 92.84%
2026-06-26 00:57:32,950 [INFO] train_all_tickers - [CARTHAGE CEMENT][LSTM] MAE=0.0631  RMSE=0.0788  MAPE=3.21%  DirAcc=37.02%  R2=0.6810
2026-06-26 00:57:32,950 [INFO] train_all_tickers - [CARTHAGE CEMENT][XGBoost] MAE=0.0220  RMSE=0.0286  MAPE=1.11%  DirAcc=35.67%  R2=0.9577
2026-06-26 00:57:32,951 [INFO] train_all_tickers - [CARTHAGE CEMENT][Prophet] MAE=0.2633  RMSE=0.3332  MAPE=13.18%  DirAcc=37.22%  R2=-4.9188
2026-06-26 00:57:32,951 [INFO] train_all_tickers - [CARTHAGE CEMENT][VolumeXGB] MAE=103093.5093  RMSE=450433.5126  MAPE=233.12%  DirAcc=43.47%  R2=-0.0023
2026-06-26 00:57:32,951 [INFO] train_all_tickers - [CARTHAGE CEMENT][LiquidityXGB] MAE=0.0000  RMSE=0.0000  MAPE=0.00%  DirAcc=92.84%  R2=0.0000
2026-06-26 00:57:32,955 [INFO] train_all_tickers - ======================================================================
2026-06-26 00:57:32,955 [INFO] train_all_tickers - [11/37] Training ticker: UIB  (2496 rows)
2026-06-26 00:57:32,955 [INFO] train_all_tickers - ======================================================================
2026-06-26 00:57:32,980 [WARNING] prediction.training - MLflow setup failed. Tracking disabled.
2026-06-26 00:57:32,984 [INFO] prediction.db_sink - Connected to PostgreSQL postgres:5432/fixtrade
2026-06-26 00:57:32,987 [INFO] prediction.db_sink - Database tables verified/created.
2026-06-26 00:57:32,987 [INFO] prediction.training - ============================================================
2026-06-26 00:57:32,987 [INFO] prediction.training - Training CV split: split_1
2026-06-26 00:57:32,987 [INFO] prediction.training - ============================================================
2026-06-26 00:57:32,996 [INFO] prediction.etl.transform.silver_to_gold - Gold splits — Train: 1740, Val: 252, Test: 494
2026-06-26 00:57:32,999 [INFO] prediction.training - Training LSTM on split_1...
2026-06-26 00:57:33,013 [INFO] prediction.models.lstm - [LSTM] Training device: cuda (NVIDIA GeForce RTX 4060)
2026-06-26 00:57:33,557 [INFO] prediction.models.lstm - [LSTM] Epoch 10/50 — train_loss=0.005212, val_loss=0.007577
2026-06-26 00:57:33,759 [INFO] prediction.models.lstm - [LSTM] Epoch 20/50 — train_loss=0.001675, val_loss=0.003229
2026-06-26 00:57:33,781 [INFO] prediction.models.lstm - [LSTM] Early stopping at epoch 21 (val_loss=0.002973)
2026-06-26 00:57:33,782 [INFO] prediction.models.lstm - [LSTM] Training complete.
2026-06-26 00:57:33,787 [INFO] prediction.models.base - [LSTM] Evaluation: MAE=0.8433 | RMSE=1.1135 | MAPE=3.35% | DirAcc=46.15% | R²=0.7056
2026-06-26 00:57:33,788 [INFO] prediction.training - Training XGBoost on split_1...
2026-06-26 00:57:35,565 [INFO] prediction.models.xgboost_model - [XGBoost] Training complete. Top 5 features: ['close_lag_1', 'cloture', 'plus_haut', 'plus_bas', 'sma_5']
2026-06-26 00:57:35,569 [INFO] prediction.models.base - [XGBoost] Evaluation: MAE=0.4728 | RMSE=0.6847 | MAPE=1.81% | DirAcc=35.86% | R²=0.8760
2026-06-26 00:57:35,569 [INFO] prediction.training - Training Prophet on split_1...
2026-06-26 00:57:36,170 [INFO] prediction.models.prophet_model - [Prophet] Training complete on 1740 rows.
2026-06-26 00:57:36,217 [INFO] prediction.models.base - [Prophet] Evaluation: MAE=6.9930 | RMSE=7.0964 | MAPE=27.96% | DirAcc=41.43% | R²=-12.3235
2026-06-26 00:57:36,217 [INFO] prediction.training - ============================================================
2026-06-26 00:57:36,217 [INFO] prediction.training - Training CV split: split_2
2026-06-26 00:57:36,217 [INFO] prediction.training - ============================================================
2026-06-26 00:57:36,227 [INFO] prediction.etl.transform.silver_to_gold - Gold splits — Train: 1992, Val: 251, Test: 243
2026-06-26 00:57:36,231 [INFO] prediction.training - Training LSTM on split_2...
2026-06-26 00:57:36,250 [INFO] prediction.models.lstm - [LSTM] Training device: cuda (NVIDIA GeForce RTX 4060)
2026-06-26 00:57:36,676 [INFO] prediction.models.lstm - [LSTM] Epoch 10/50 — train_loss=0.007280, val_loss=0.008580
2026-06-26 00:57:36,882 [INFO] prediction.models.lstm - [LSTM] Epoch 20/50 — train_loss=0.002395, val_loss=0.001165
2026-06-26 00:57:37,089 [INFO] prediction.models.lstm - [LSTM] Epoch 30/50 — train_loss=0.001887, val_loss=0.000944
2026-06-26 00:57:37,340 [INFO] prediction.models.lstm - [LSTM] Early stopping at epoch 39 (val_loss=0.001166)
2026-06-26 00:57:37,341 [INFO] prediction.models.lstm - [LSTM] Training complete.
2026-06-26 00:57:37,345 [INFO] prediction.models.base - [LSTM] Evaluation: MAE=0.4584 | RMSE=0.5665 | MAPE=1.91% | DirAcc=36.82% | R²=0.8028
2026-06-26 00:57:37,345 [INFO] prediction.training - Training XGBoost on split_2...
2026-06-26 00:57:39,230 [INFO] prediction.models.xgboost_model - [XGBoost] Training complete. Top 5 features: ['close_lag_1', 'cloture', 'close_lag_2', 'plus_bas', 'ouverture']
2026-06-26 00:57:39,233 [INFO] prediction.models.base - [XGBoost] Evaluation: MAE=0.2641 | RMSE=0.3704 | MAPE=1.08% | DirAcc=29.60% | R²=0.9262
2026-06-26 00:57:39,233 [INFO] prediction.training - Training Prophet on split_2...
2026-06-26 00:57:39,921 [INFO] prediction.models.prophet_model - [Prophet] Training complete on 1992 rows.
2026-06-26 00:57:39,974 [INFO] prediction.models.base - [Prophet] Evaluation: MAE=6.5795 | RMSE=6.7546 | MAPE=27.05% | DirAcc=34.80% | R²=-23.5320
2026-06-26 00:57:39,974 [INFO] prediction.training - ============================================================
2026-06-26 00:57:39,974 [INFO] prediction.training - Training CV split: split_3
2026-06-26 00:57:39,974 [INFO] prediction.training - ============================================================
2026-06-26 00:57:39,993 [INFO] prediction.etl.transform.silver_to_gold - Gold splits — Train: 2243, Val: 243, Test: 0
2026-06-26 00:57:39,998 [INFO] prediction.training - Training LSTM on split_3...
2026-06-26 00:57:40,024 [INFO] prediction.models.lstm - [LSTM] Training device: cuda (NVIDIA GeForce RTX 4060)
2026-06-26 00:57:40,489 [INFO] prediction.models.lstm - [LSTM] Epoch 10/50 — train_loss=0.010613, val_loss=0.001684
2026-06-26 00:57:40,787 [INFO] prediction.models.lstm - [LSTM] Early stopping at epoch 20 (val_loss=0.001601)
2026-06-26 00:57:40,788 [INFO] prediction.models.lstm - [LSTM] Training complete.
2026-06-26 00:57:40,798 [INFO] prediction.models.base - [LSTM] Evaluation: MAE=0.5956 | RMSE=0.7372 | MAPE=2.61% | DirAcc=33.96% | R²=0.6775
2026-06-26 00:57:40,798 [INFO] prediction.training - Training XGBoost on split_3...
2026-06-26 00:57:42,602 [INFO] prediction.models.xgboost_model - [XGBoost] Training complete. Top 5 features: ['close_lag_1', 'cloture', 'close_lag_2', 'plus_haut', 'plus_bas']
2026-06-26 00:57:42,605 [INFO] prediction.models.base - [XGBoost] Evaluation: MAE=0.2440 | RMSE=0.3651 | MAPE=1.06% | DirAcc=30.17% | R²=0.9103
2026-06-26 00:57:42,605 [INFO] prediction.training - Training Prophet on split_3...
2026-06-26 00:57:43,606 [INFO] prediction.models.prophet_model - [Prophet] Training complete on 2243 rows.
2026-06-26 00:57:43,647 [INFO] prediction.models.base - [Prophet] Evaluation: MAE=4.8012 | RMSE=4.8998 | MAPE=21.04% | DirAcc=32.23% | R²=-15.1546
2026-06-26 00:57:43,647 [INFO] prediction.training - ============================================================
2026-06-26 00:57:43,647 [INFO] prediction.training - TRAINING SUMMARY (Averaged across CV splits)
2026-06-26 00:57:43,647 [INFO] prediction.training - ============================================================
2026-06-26 00:57:43,647 [INFO] prediction.training - [LSTM] MAE=0.6324 | RMSE=0.8057 | MAPE=2.63% | DirAcc=38.98% | R²=0.7287
2026-06-26 00:57:43,647 [INFO] prediction.training - [XGBoost] MAE=0.3270 | RMSE=0.4734 | MAPE=1.32% | DirAcc=31.87% | R²=0.9042
2026-06-26 00:57:43,647 [INFO] prediction.training - [Prophet] MAE=6.1246 | RMSE=6.2503 | MAPE=25.35% | DirAcc=36.16% | R²=-17.0034
2026-06-26 00:57:43,647 [INFO] prediction.training - ============================================================
2026-06-26 00:57:43,647 [INFO] prediction.training - VOLUME PREDICTION TRAINING
2026-06-26 00:57:43,647 [INFO] prediction.training - ============================================================
2026-06-26 00:57:43,661 [INFO] prediction.etl.transform.silver_to_gold - Gold splits — Train: 1740, Val: 252, Test: 494
2026-06-26 00:57:44,589 [INFO] prediction.models.volume_predictor - [VolumeXGB] Training complete.
2026-06-26 00:57:44,592 [INFO] prediction.models.base - [VolumeXGB] Evaluation: MAE=11755.1960 | RMSE=83555.6390 | MAPE=2663.02% | DirAcc=49.80% | R²=-0.0054
2026-06-26 00:57:44,606 [INFO] prediction.etl.transform.silver_to_gold - Gold splits — Train: 1992, Val: 251, Test: 243
2026-06-26 00:57:45,522 [INFO] prediction.models.volume_predictor - [VolumeXGB] Training complete.
2026-06-26 00:57:45,525 [INFO] prediction.models.base - [VolumeXGB] Evaluation: MAE=5787.6618 | RMSE=37087.0973 | MAPE=1698.37% | DirAcc=43.60% | R²=-0.0170
2026-06-26 00:57:45,536 [INFO] prediction.etl.transform.silver_to_gold - Gold splits — Train: 2243, Val: 243, Test: 0
2026-06-26 00:57:46,477 [INFO] prediction.models.volume_predictor - [VolumeXGB] Training complete.
2026-06-26 00:57:46,479 [INFO] prediction.models.base - [VolumeXGB] Evaluation: MAE=6961.4872 | RMSE=36438.1128 | MAPE=707.74% | DirAcc=46.28% | R²=-0.0318
2026-06-26 00:57:46,479 [INFO] prediction.training - [VolumeXGB] Avg CV: MAE=8168.1150 | RMSE=52360.2830 | MAPE=1689.71% | DirAcc=46.56% | R²=-0.0180
2026-06-26 00:57:46,480 [INFO] prediction.training - ============================================================
2026-06-26 00:57:46,480 [INFO] prediction.training - LIQUIDITY CLASSIFICATION TRAINING
2026-06-26 00:57:46,480 [INFO] prediction.training - ============================================================
2026-06-26 00:57:46,490 [INFO] prediction.etl.transform.silver_to_gold - Gold splits — Train: 1740, Val: 252, Test: 494
2026-06-26 00:57:47,558 [INFO] prediction.models.liquidity_classifier - [LiquidityXGB] Training complete. Class distribution: {'low': 420, 'medium': 1009, 'high': 311}
2026-06-26 00:57:47,561 [INFO] prediction.models.liquidity_classifier - [LiquidityXGB] Accuracy=53.17% (252 samples)
2026-06-26 00:57:47,570 [INFO] prediction.etl.transform.silver_to_gold - Gold splits — Train: 1992, Val: 251, Test: 243
2026-06-26 00:57:48,766 [INFO] prediction.models.liquidity_classifier - [LiquidityXGB] Training complete. Class distribution: {'low': 511, 'medium': 1142, 'high': 339}
2026-06-26 00:57:48,770 [INFO] prediction.models.liquidity_classifier - [LiquidityXGB] Accuracy=49.00% (251 samples)
2026-06-26 00:57:48,782 [INFO] prediction.etl.transform.silver_to_gold - Gold splits — Train: 2243, Val: 243, Test: 0
2026-06-26 00:57:50,100 [INFO] prediction.models.liquidity_classifier - [LiquidityXGB] Training complete. Class distribution: {'low': 656, 'medium': 1235, 'high': 352}
2026-06-26 00:57:50,103 [INFO] prediction.models.liquidity_classifier - [LiquidityXGB] Accuracy=48.56% (243 samples)
2026-06-26 00:57:50,103 [INFO] prediction.training - [LiquidityXGB] Avg CV Accuracy: 50.25%
2026-06-26 00:57:50,104 [INFO] train_all_tickers - [UIB][LSTM] MAE=0.6324  RMSE=0.8057  MAPE=2.63%  DirAcc=38.98%  R2=0.7287
2026-06-26 00:57:50,105 [INFO] train_all_tickers - [UIB][XGBoost] MAE=0.3270  RMSE=0.4734  MAPE=1.32%  DirAcc=31.87%  R2=0.9042
2026-06-26 00:57:50,105 [INFO] train_all_tickers - [UIB][Prophet] MAE=6.1246  RMSE=6.2503  MAPE=25.35%  DirAcc=36.16%  R2=-17.0034
2026-06-26 00:57:50,105 [INFO] train_all_tickers - [UIB][VolumeXGB] MAE=8168.1150  RMSE=52360.2830  MAPE=1689.71%  DirAcc=46.56%  R2=-0.0180
2026-06-26 00:57:50,105 [INFO] train_all_tickers - [UIB][LiquidityXGB] MAE=0.0000  RMSE=0.0000  MAPE=0.00%  DirAcc=50.25%  R2=0.0000
2026-06-26 00:57:50,108 [INFO] train_all_tickers - ======================================================================
2026-06-26 00:57:50,109 [INFO] train_all_tickers - [12/37] Training ticker: TUNISAIR  (2494 rows)
2026-06-26 00:57:50,109 [INFO] train_all_tickers - ======================================================================
2026-06-26 00:57:50,135 [WARNING] prediction.training - MLflow setup failed. Tracking disabled.
2026-06-26 00:57:50,140 [INFO] prediction.db_sink - Connected to PostgreSQL postgres:5432/fixtrade
2026-06-26 00:57:50,144 [INFO] prediction.db_sink - Database tables verified/created.
2026-06-26 00:57:50,144 [INFO] prediction.training - ============================================================
2026-06-26 00:57:50,144 [INFO] prediction.training - Training CV split: split_1
2026-06-26 00:57:50,144 [INFO] prediction.training - ============================================================
2026-06-26 00:57:50,165 [INFO] prediction.etl.transform.silver_to_gold - Gold splits — Train: 1738, Val: 252, Test: 494
2026-06-26 00:57:50,169 [INFO] prediction.training - Training LSTM on split_1...
2026-06-26 00:57:50,190 [INFO] prediction.models.lstm - [LSTM] Training device: cuda (NVIDIA GeForce RTX 4060)
2026-06-26 00:57:50,762 [INFO] prediction.models.lstm - [LSTM] Epoch 10/50 — train_loss=0.007924, val_loss=0.008060
2026-06-26 00:57:50,995 [INFO] prediction.models.lstm - [LSTM] Epoch 20/50 — train_loss=0.003415, val_loss=0.005897
2026-06-26 00:57:51,256 [INFO] prediction.models.lstm - [LSTM] Epoch 30/50 — train_loss=0.002960, val_loss=0.004959
2026-06-26 00:57:51,310 [INFO] prediction.models.lstm - [LSTM] Early stopping at epoch 32 (val_loss=0.006931)
2026-06-26 00:57:51,310 [INFO] prediction.models.lstm - [LSTM] Training complete.
2026-06-26 00:57:51,317 [INFO] prediction.models.base - [LSTM] Evaluation: MAE=0.0294 | RMSE=0.0315 | MAPE=7.21% | DirAcc=17.19% | R²=-1.7539
2026-06-26 00:57:51,317 [INFO] prediction.training - Training XGBoost on split_1...
2026-06-26 00:57:52,939 [INFO] prediction.models.xgboost_model - [XGBoost] Training complete. Top 5 features: ['close_lag_1', 'cloture', 'close_lag_2', 'ema_12', 'plus_haut']
2026-06-26 00:57:52,943 [INFO] prediction.models.base - [XGBoost] Evaluation: MAE=0.0356 | RMSE=0.0394 | MAPE=8.75% | DirAcc=17.93% | R²=-2.3716
2026-06-26 00:57:52,943 [INFO] prediction.training - Training Prophet on split_1...
2026-06-26 00:57:54,075 [INFO] prediction.models.prophet_model - [Prophet] Training complete on 1738 rows.
2026-06-26 00:57:54,120 [INFO] prediction.models.base - [Prophet] Evaluation: MAE=0.2209 | RMSE=0.2232 | MAPE=53.13% | DirAcc=19.52% | R²=-107.0638
2026-06-26 00:57:54,120 [INFO] prediction.training - ============================================================
2026-06-26 00:57:54,120 [INFO] prediction.training - Training CV split: split_2
2026-06-26 00:57:54,120 [INFO] prediction.training - ============================================================
2026-06-26 00:57:54,131 [INFO] prediction.etl.transform.silver_to_gold - Gold splits — Train: 1990, Val: 251, Test: 243
2026-06-26 00:57:54,136 [INFO] prediction.training - Training LSTM on split_2...
2026-06-26 00:57:54,151 [INFO] prediction.models.lstm - [LSTM] Training device: cuda (NVIDIA GeForce RTX 4060)
2026-06-26 00:57:54,569 [INFO] prediction.models.lstm - [LSTM] Epoch 10/50 — train_loss=0.006937, val_loss=0.007237
2026-06-26 00:57:54,836 [INFO] prediction.models.lstm - [LSTM] Epoch 20/50 — train_loss=0.005942, val_loss=0.006729
2026-06-26 00:57:55,076 [INFO] prediction.models.lstm - [LSTM] Epoch 30/50 — train_loss=0.002822, val_loss=0.001482
2026-06-26 00:57:55,218 [INFO] prediction.models.lstm - [LSTM] Early stopping at epoch 35 (val_loss=0.000986)
2026-06-26 00:57:55,220 [INFO] prediction.models.lstm - [LSTM] Training complete.
2026-06-26 00:57:55,225 [INFO] prediction.models.base - [LSTM] Evaluation: MAE=0.0141 | RMSE=0.0171 | MAPE=3.67% | DirAcc=21.36% | R²=-0.0149
2026-06-26 00:57:55,225 [INFO] prediction.training - Training XGBoost on split_2...
2026-06-26 00:57:56,794 [INFO] prediction.models.xgboost_model - [XGBoost] Training complete. Top 5 features: ['close_lag_1', 'cloture', 'close_lag_2', 'plus_bas', 'plus_haut']
2026-06-26 00:57:56,796 [INFO] prediction.models.base - [XGBoost] Evaluation: MAE=0.0097 | RMSE=0.0123 | MAPE=2.52% | DirAcc=20.40% | R²=0.5828
2026-06-26 00:57:56,796 [INFO] prediction.training - Training Prophet on split_2...
2026-06-26 00:57:57,854 [INFO] prediction.models.prophet_model - [Prophet] Training complete on 1990 rows.
2026-06-26 00:57:57,900 [INFO] prediction.models.base - [Prophet] Evaluation: MAE=0.2448 | RMSE=0.2478 | MAPE=62.10% | DirAcc=22.40% | R²=-167.2365
2026-06-26 00:57:57,900 [INFO] prediction.training - ============================================================
2026-06-26 00:57:57,900 [INFO] prediction.training - Training CV split: split_3
2026-06-26 00:57:57,900 [INFO] prediction.training - ============================================================
2026-06-26 00:57:57,909 [INFO] prediction.etl.transform.silver_to_gold - Gold splits — Train: 2241, Val: 243, Test: 0
2026-06-26 00:57:57,914 [INFO] prediction.training - Training LSTM on split_3...
2026-06-26 00:57:57,930 [INFO] prediction.models.lstm - [LSTM] Training device: cuda (NVIDIA GeForce RTX 4060)
2026-06-26 00:57:58,578 [INFO] prediction.models.lstm - [LSTM] Epoch 10/50 — train_loss=0.006013, val_loss=0.005999
2026-06-26 00:57:58,669 [INFO] prediction.models.lstm - [LSTM] Early stopping at epoch 13 (val_loss=0.003324)
2026-06-26 00:57:58,670 [INFO] prediction.models.lstm - [LSTM] Training complete.
2026-06-26 00:57:58,677 [INFO] prediction.models.base - [LSTM] Evaluation: MAE=0.0282 | RMSE=0.0319 | MAPE=7.80% | DirAcc=18.87% | R²=-5.9673
2026-06-26 00:57:58,677 [INFO] prediction.training - Training XGBoost on split_3...
2026-06-26 00:58:00,177 [INFO] prediction.models.xgboost_model - [XGBoost] Training complete. Top 5 features: ['close_lag_1', 'cloture', 'ema_12', 'close_lag_2', 'plus_haut']
2026-06-26 00:58:00,180 [INFO] prediction.models.base - [XGBoost] Evaluation: MAE=0.0168 | RMSE=0.0200 | MAPE=4.74% | DirAcc=18.60% | R²=-1.6363
2026-06-26 00:58:00,180 [INFO] prediction.training - Training Prophet on split_3...
2026-06-26 00:58:01,336 [INFO] prediction.models.prophet_model - [Prophet] Training complete on 2241 rows.
2026-06-26 00:58:01,373 [INFO] prediction.models.base - [Prophet] Evaluation: MAE=0.2776 | RMSE=0.2806 | MAPE=76.63% | DirAcc=14.88% | R²=-520.0813
2026-06-26 00:58:01,373 [INFO] prediction.training - ============================================================
2026-06-26 00:58:01,373 [INFO] prediction.training - TRAINING SUMMARY (Averaged across CV splits)
2026-06-26 00:58:01,373 [INFO] prediction.training - ============================================================
2026-06-26 00:58:01,373 [INFO] prediction.training - [LSTM] MAE=0.0239 | RMSE=0.0269 | MAPE=6.23% | DirAcc=19.14% | R²=-2.5787
2026-06-26 00:58:01,373 [INFO] prediction.training - [XGBoost] MAE=0.0207 | RMSE=0.0239 | MAPE=5.34% | DirAcc=18.97% | R²=-1.1417
2026-06-26 00:58:01,373 [INFO] prediction.training - [Prophet] MAE=0.2478 | RMSE=0.2505 | MAPE=63.95% | DirAcc=18.93% | R²=-264.7939
2026-06-26 00:58:01,373 [INFO] prediction.training - ============================================================
2026-06-26 00:58:01,373 [INFO] prediction.training - VOLUME PREDICTION TRAINING
2026-06-26 00:58:01,373 [INFO] prediction.training - ============================================================
2026-06-26 00:58:01,382 [INFO] prediction.etl.transform.silver_to_gold - Gold splits — Train: 1738, Val: 252, Test: 494
2026-06-26 00:58:01,998 [INFO] prediction.models.volume_predictor - [VolumeXGB] Training complete.
2026-06-26 00:58:02,000 [INFO] prediction.models.base - [VolumeXGB] Evaluation: MAE=7837.9285 | RMSE=14346.4808 | MAPE=3939.66% | DirAcc=48.21% | R²=-0.2148
2026-06-26 00:58:02,010 [INFO] prediction.etl.transform.silver_to_gold - Gold splits — Train: 1990, Val: 251, Test: 243
2026-06-26 00:58:02,657 [INFO] prediction.models.volume_predictor - [VolumeXGB] Training complete.
2026-06-26 00:58:02,659 [INFO] prediction.models.base - [VolumeXGB] Evaluation: MAE=7754.7866 | RMSE=13860.2953 | MAPE=454.19% | DirAcc=61.60% | R²=-0.3416
2026-06-26 00:58:02,673 [INFO] prediction.etl.transform.silver_to_gold - Gold splits — Train: 2241, Val: 243, Test: 0
2026-06-26 00:58:03,350 [INFO] prediction.models.volume_predictor - [VolumeXGB] Training complete.
2026-06-26 00:58:03,353 [INFO] prediction.models.base - [VolumeXGB] Evaluation: MAE=8091.1519 | RMSE=13892.8670 | MAPE=176.06% | DirAcc=62.81% | R²=-0.4741
2026-06-26 00:58:03,353 [INFO] prediction.training - [VolumeXGB] Avg CV: MAE=7894.6223 | RMSE=14033.2144 | MAPE=1523.30% | DirAcc=57.54% | R²=-0.3435
2026-06-26 00:58:03,354 [INFO] prediction.training - ============================================================
2026-06-26 00:58:03,354 [INFO] prediction.training - LIQUIDITY CLASSIFICATION TRAINING
2026-06-26 00:58:03,354 [INFO] prediction.training - ============================================================
2026-06-26 00:58:03,367 [INFO] prediction.etl.transform.silver_to_gold - Gold splits — Train: 1738, Val: 252, Test: 494
2026-06-26 00:58:04,303 [INFO] prediction.models.liquidity_classifier - [LiquidityXGB] Training complete. Class distribution: {'low': 140, 'medium': 604, 'high': 994}
2026-06-26 00:58:04,306 [INFO] prediction.models.liquidity_classifier - [LiquidityXGB] Accuracy=33.33% (252 samples)
2026-06-26 00:58:04,317 [INFO] prediction.etl.transform.silver_to_gold - Gold splits — Train: 1990, Val: 251, Test: 243
2026-06-26 00:58:05,142 [INFO] prediction.models.liquidity_classifier - [LiquidityXGB] Training complete. Class distribution: {'low': 210, 'medium': 718, 'high': 1062}
2026-06-26 00:58:05,146 [INFO] prediction.models.liquidity_classifier - [LiquidityXGB] Accuracy=38.65% (251 samples)
2026-06-26 00:58:05,157 [INFO] prediction.etl.transform.silver_to_gold - Gold splits — Train: 2241, Val: 243, Test: 0
2026-06-26 00:58:05,974 [INFO] prediction.models.liquidity_classifier - [LiquidityXGB] Training complete. Class distribution: {'low': 289, 'medium': 820, 'high': 1132}
2026-06-26 00:58:05,980 [INFO] prediction.models.liquidity_classifier - [LiquidityXGB] Accuracy=37.86% (243 samples)
2026-06-26 00:58:05,981 [INFO] prediction.training - [LiquidityXGB] Avg CV Accuracy: 36.61%
2026-06-26 00:58:05,983 [INFO] train_all_tickers - [TUNISAIR][LSTM] MAE=0.0239  RMSE=0.0269  MAPE=6.23%  DirAcc=19.14%  R2=-2.5787
2026-06-26 00:58:05,983 [INFO] train_all_tickers - [TUNISAIR][XGBoost] MAE=0.0207  RMSE=0.0239  MAPE=5.34%  DirAcc=18.97%  R2=-1.1417
2026-06-26 00:58:05,984 [INFO] train_all_tickers - [TUNISAIR][Prophet] MAE=0.2478  RMSE=0.2505  MAPE=63.95%  DirAcc=18.93%  R2=-264.7939
2026-06-26 00:58:05,984 [INFO] train_all_tickers - [TUNISAIR][VolumeXGB] MAE=7894.6223  RMSE=14033.2144  MAPE=1523.30%  DirAcc=57.54%  R2=-0.3435
2026-06-26 00:58:05,984 [INFO] train_all_tickers - [TUNISAIR][LiquidityXGB] MAE=0.0000  RMSE=0.0000  MAPE=0.00%  DirAcc=36.61%  R2=0.0000
2026-06-26 00:58:05,994 [INFO] train_all_tickers - ======================================================================
2026-06-26 00:58:05,995 [INFO] train_all_tickers - [13/37] Training ticker: TELNET HOLDING  (2493 rows)
2026-06-26 00:58:05,995 [INFO] train_all_tickers - ======================================================================
2026-06-26 00:58:06,020 [WARNING] prediction.training - MLflow setup failed. Tracking disabled.
2026-06-26 00:58:06,024 [INFO] prediction.db_sink - Connected to PostgreSQL postgres:5432/fixtrade
2026-06-26 00:58:06,026 [INFO] prediction.db_sink - Database tables verified/created.
2026-06-26 00:58:06,026 [INFO] prediction.training - ============================================================
2026-06-26 00:58:06,026 [INFO] prediction.training - Training CV split: split_1
2026-06-26 00:58:06,027 [INFO] prediction.training - ============================================================
2026-06-26 00:58:06,038 [INFO] prediction.etl.transform.silver_to_gold - Gold splits — Train: 1737, Val: 252, Test: 494
2026-06-26 00:58:06,041 [INFO] prediction.training - Training LSTM on split_1...
2026-06-26 00:58:06,053 [INFO] prediction.models.lstm - [LSTM] Training device: cuda (NVIDIA GeForce RTX 4060)
2026-06-26 00:58:06,534 [INFO] prediction.models.lstm - [LSTM] Epoch 10/50 — train_loss=0.007678, val_loss=0.004888
2026-06-26 00:58:06,554 [INFO] prediction.models.lstm - [LSTM] Early stopping at epoch 11 (val_loss=0.002224)
2026-06-26 00:58:06,555 [INFO] prediction.models.lstm - [LSTM] Training complete.
2026-06-26 00:58:06,560 [INFO] prediction.models.base - [LSTM] Evaluation: MAE=0.2632 | RMSE=0.3119 | MAPE=3.97% | DirAcc=40.27% | R²=0.5860
2026-06-26 00:58:06,560 [INFO] prediction.training - Training XGBoost on split_1...
2026-06-26 00:58:08,202 [INFO] prediction.models.xgboost_model - [XGBoost] Training complete. Top 5 features: ['close_lag_1', 'cloture', 'close_lag_2', 'plus_haut', 'ema_12']
2026-06-26 00:58:08,205 [INFO] prediction.models.base - [XGBoost] Evaluation: MAE=0.0751 | RMSE=0.1070 | MAPE=1.11% | DirAcc=36.25% | R²=0.9487
2026-06-26 00:58:08,205 [INFO] prediction.training - Training Prophet on split_1...
2026-06-26 00:58:09,210 [INFO] prediction.models.prophet_model - [Prophet] Training complete on 1737 rows.
2026-06-26 00:58:09,250 [INFO] prediction.models.base - [Prophet] Evaluation: MAE=3.7881 | RMSE=3.8108 | MAPE=55.44% | DirAcc=36.25% | R²=-64.0712
2026-06-26 00:58:09,250 [INFO] prediction.training - ============================================================
2026-06-26 00:58:09,250 [INFO] prediction.training - Training CV split: split_2
2026-06-26 00:58:09,250 [INFO] prediction.training - ============================================================
2026-06-26 00:58:09,263 [INFO] prediction.etl.transform.silver_to_gold - Gold splits — Train: 1989, Val: 251, Test: 243
2026-06-26 00:58:09,267 [INFO] prediction.training - Training LSTM on split_2...
2026-06-26 00:58:09,285 [INFO] prediction.models.lstm - [LSTM] Training device: cuda (NVIDIA GeForce RTX 4060)
2026-06-26 00:58:09,664 [INFO] prediction.models.lstm - [LSTM] Epoch 10/50 — train_loss=0.007636, val_loss=0.002215
2026-06-26 00:58:09,858 [INFO] prediction.models.lstm - [LSTM] Epoch 20/50 — train_loss=0.003183, val_loss=0.001378
2026-06-26 00:58:10,039 [INFO] prediction.models.lstm - [LSTM] Epoch 30/50 — train_loss=0.004044, val_loss=0.002797
2026-06-26 00:58:10,116 [INFO] prediction.models.lstm - [LSTM] Early stopping at epoch 34 (val_loss=0.001424)
2026-06-26 00:58:10,117 [INFO] prediction.models.lstm - [LSTM] Training complete.
2026-06-26 00:58:10,121 [INFO] prediction.models.base - [LSTM] Evaluation: MAE=0.1674 | RMSE=0.2033 | MAPE=2.98% | DirAcc=37.27% | R²=0.8038
2026-06-26 00:58:10,121 [INFO] prediction.training - Training XGBoost on split_2...
2026-06-26 00:58:11,807 [INFO] prediction.models.xgboost_model - [XGBoost] Training complete. Top 5 features: ['close_lag_1', 'cloture', 'close_lag_2', 'sma_50', 'sma_5']
2026-06-26 00:58:11,809 [INFO] prediction.models.base - [XGBoost] Evaluation: MAE=0.1511 | RMSE=0.1871 | MAPE=2.79% | DirAcc=44.40% | R²=0.8546
2026-06-26 00:58:11,809 [INFO] prediction.training - Training Prophet on split_2...
2026-06-26 00:58:13,080 [INFO] prediction.models.prophet_model - [Prophet] Training complete on 1989 rows.
2026-06-26 00:58:13,115 [INFO] prediction.models.base - [Prophet] Evaluation: MAE=2.5202 | RMSE=2.5360 | MAPE=44.73% | DirAcc=44.80% | R²=-25.7033
2026-06-26 00:58:13,115 [INFO] prediction.training - ============================================================
2026-06-26 00:58:13,115 [INFO] prediction.training - Training CV split: split_3
2026-06-26 00:58:13,115 [INFO] prediction.training - ============================================================
2026-06-26 00:58:13,125 [INFO] prediction.etl.transform.silver_to_gold - Gold splits — Train: 2240, Val: 243, Test: 0
2026-06-26 00:58:13,128 [INFO] prediction.training - Training LSTM on split_3...
2026-06-26 00:58:13,143 [INFO] prediction.models.lstm - [LSTM] Training device: cuda (NVIDIA GeForce RTX 4060)
2026-06-26 00:58:13,512 [INFO] prediction.models.lstm - [LSTM] Epoch 10/50 — train_loss=0.005772, val_loss=0.001820
2026-06-26 00:58:13,600 [INFO] prediction.models.lstm - [LSTM] Early stopping at epoch 14 (val_loss=0.000683)
2026-06-26 00:58:13,601 [INFO] prediction.models.lstm - [LSTM] Training complete.
2026-06-26 00:58:13,608 [INFO] prediction.models.base - [LSTM] Evaluation: MAE=0.1621 | RMSE=0.2026 | MAPE=2.34% | DirAcc=45.28% | R²=0.6500
2026-06-26 00:58:13,608 [INFO] prediction.training - Training XGBoost on split_3...
2026-06-26 00:58:15,260 [INFO] prediction.models.xgboost_model - [XGBoost] Training complete. Top 5 features: ['close_lag_1', 'cloture', 'close_lag_2', 'sma_10', 'ema_12']
2026-06-26 00:58:15,262 [INFO] prediction.models.base - [XGBoost] Evaluation: MAE=0.0757 | RMSE=0.1017 | MAPE=1.11% | DirAcc=38.84% | R²=0.9196
2026-06-26 00:58:15,262 [INFO] prediction.training - Training Prophet on split_3...
2026-06-26 00:58:16,803 [INFO] prediction.models.prophet_model - [Prophet] Training complete on 2240 rows.
2026-06-26 00:58:16,837 [INFO] prediction.models.base - [Prophet] Evaluation: MAE=3.6932 | RMSE=3.7220 | MAPE=53.87% | DirAcc=42.15% | R²=-106.6740
2026-06-26 00:58:16,837 [INFO] prediction.training - ============================================================
2026-06-26 00:58:16,837 [INFO] prediction.training - TRAINING SUMMARY (Averaged across CV splits)
2026-06-26 00:58:16,837 [INFO] prediction.training - ============================================================
2026-06-26 00:58:16,837 [INFO] prediction.training - [LSTM] MAE=0.1976 | RMSE=0.2392 | MAPE=3.10% | DirAcc=40.94% | R²=0.6799
2026-06-26 00:58:16,837 [INFO] prediction.training - [XGBoost] MAE=0.1006 | RMSE=0.1320 | MAPE=1.67% | DirAcc=39.83% | R²=0.9076
2026-06-26 00:58:16,837 [INFO] prediction.training - [Prophet] MAE=3.3338 | RMSE=3.3563 | MAPE=51.35% | DirAcc=41.07% | R²=-65.4828
2026-06-26 00:58:16,837 [INFO] prediction.training - ============================================================
2026-06-26 00:58:16,837 [INFO] prediction.training - VOLUME PREDICTION TRAINING
2026-06-26 00:58:16,837 [INFO] prediction.training - ============================================================
2026-06-26 00:58:16,845 [INFO] prediction.etl.transform.silver_to_gold - Gold splits — Train: 1737, Val: 252, Test: 494
2026-06-26 00:58:17,579 [INFO] prediction.models.volume_predictor - [VolumeXGB] Training complete.
2026-06-26 00:58:17,581 [INFO] prediction.models.base - [VolumeXGB] Evaluation: MAE=4125.4116 | RMSE=9990.1868 | MAPE=6788.86% | DirAcc=49.40% | R²=0.1556
2026-06-26 00:58:17,590 [INFO] prediction.etl.transform.silver_to_gold - Gold splits — Train: 1989, Val: 251, Test: 243
2026-06-26 00:58:18,301 [INFO] prediction.models.volume_predictor - [VolumeXGB] Training complete.
2026-06-26 00:58:18,304 [INFO] prediction.models.base - [VolumeXGB] Evaluation: MAE=5302.4285 | RMSE=8623.8772 | MAPE=314.31% | DirAcc=39.60% | R²=-0.1828
2026-06-26 00:58:18,313 [INFO] prediction.etl.transform.silver_to_gold - Gold splits — Train: 2240, Val: 243, Test: 0
2026-06-26 00:58:19,071 [INFO] prediction.models.volume_predictor - [VolumeXGB] Training complete.
2026-06-26 00:58:19,073 [INFO] prediction.models.base - [VolumeXGB] Evaluation: MAE=5285.5108 | RMSE=8916.7062 | MAPE=1239.08% | DirAcc=45.45% | R²=-0.0774
2026-06-26 00:58:19,073 [INFO] prediction.training - [VolumeXGB] Avg CV: MAE=4904.4503 | RMSE=9176.9234 | MAPE=2780.75% | DirAcc=44.82% | R²=-0.0349
2026-06-26 00:58:19,074 [INFO] prediction.training - ============================================================
2026-06-26 00:58:19,074 [INFO] prediction.training - LIQUIDITY CLASSIFICATION TRAINING
2026-06-26 00:58:19,074 [INFO] prediction.training - ============================================================
2026-06-26 00:58:19,084 [INFO] prediction.etl.transform.silver_to_gold - Gold splits — Train: 1737, Val: 252, Test: 494
2026-06-26 00:58:19,973 [INFO] prediction.models.liquidity_classifier - [LiquidityXGB] Training complete. Class distribution: {'low': 218, 'medium': 845, 'high': 674}
2026-06-26 00:58:19,976 [INFO] prediction.models.liquidity_classifier - [LiquidityXGB] Accuracy=56.35% (252 samples)
2026-06-26 00:58:19,985 [INFO] prediction.etl.transform.silver_to_gold - Gold splits — Train: 1989, Val: 251, Test: 243
2026-06-26 00:58:20,953 [INFO] prediction.models.liquidity_classifier - [LiquidityXGB] Training complete. Class distribution: {'low': 294, 'medium': 991, 'high': 704}
2026-06-26 00:58:20,956 [INFO] prediction.models.liquidity_classifier - [LiquidityXGB] Accuracy=55.38% (251 samples)
2026-06-26 00:58:20,968 [INFO] prediction.etl.transform.silver_to_gold - Gold splits — Train: 2240, Val: 243, Test: 0
2026-06-26 00:58:21,960 [INFO] prediction.models.liquidity_classifier - [LiquidityXGB] Training complete. Class distribution: {'low': 335, 'medium': 1135, 'high': 770}
2026-06-26 00:58:21,963 [INFO] prediction.models.liquidity_classifier - [LiquidityXGB] Accuracy=59.67% (243 samples)
2026-06-26 00:58:21,963 [INFO] prediction.training - [LiquidityXGB] Avg CV Accuracy: 57.13%
2026-06-26 00:58:21,965 [INFO] train_all_tickers - [TELNET HOLDING][LSTM] MAE=0.1976  RMSE=0.2392  MAPE=3.10%  DirAcc=40.94%  R2=0.6799
2026-06-26 00:58:21,965 [INFO] train_all_tickers - [TELNET HOLDING][XGBoost] MAE=0.1006  RMSE=0.1320  MAPE=1.67%  DirAcc=39.83%  R2=0.9076
2026-06-26 00:58:21,965 [INFO] train_all_tickers - [TELNET HOLDING][Prophet] MAE=3.3338  RMSE=3.3563  MAPE=51.35%  DirAcc=41.07%  R2=-65.4828
2026-06-26 00:58:21,965 [INFO] train_all_tickers - [TELNET HOLDING][VolumeXGB] MAE=4904.4503  RMSE=9176.9234  MAPE=2780.75%  DirAcc=44.82%  R2=-0.0349
2026-06-26 00:58:21,965 [INFO] train_all_tickers - [TELNET HOLDING][LiquidityXGB] MAE=0.0000  RMSE=0.0000  MAPE=0.00%  DirAcc=57.13%  R2=0.0000
2026-06-26 00:58:21,968 [INFO] train_all_tickers - ======================================================================
2026-06-26 00:58:21,968 [INFO] train_all_tickers - [14/37] Training ticker: BNA  (2493 rows)
2026-06-26 00:58:21,968 [INFO] train_all_tickers - ======================================================================
2026-06-26 00:58:21,992 [WARNING] prediction.training - MLflow setup failed. Tracking disabled.
2026-06-26 00:58:21,996 [INFO] prediction.db_sink - Connected to PostgreSQL postgres:5432/fixtrade
2026-06-26 00:58:21,999 [INFO] prediction.db_sink - Database tables verified/created.
2026-06-26 00:58:21,999 [INFO] prediction.training - ============================================================
2026-06-26 00:58:21,999 [INFO] prediction.training - Training CV split: split_1
2026-06-26 00:58:21,999 [INFO] prediction.training - ============================================================
2026-06-26 00:58:22,009 [INFO] prediction.etl.transform.silver_to_gold - Gold splits — Train: 1737, Val: 252, Test: 494
2026-06-26 00:58:22,012 [INFO] prediction.training - Training LSTM on split_1...
2026-06-26 00:58:22,023 [INFO] prediction.models.lstm - [LSTM] Training device: cuda (NVIDIA GeForce RTX 4060)
2026-06-26 00:58:22,508 [INFO] prediction.models.lstm - [LSTM] Epoch 10/50 — train_loss=0.003504, val_loss=0.001441
2026-06-26 00:58:22,684 [INFO] prediction.models.lstm - [LSTM] Epoch 20/50 — train_loss=0.001799, val_loss=0.000498
2026-06-26 00:58:22,866 [INFO] prediction.models.lstm - [LSTM] Epoch 30/50 — train_loss=0.001555, val_loss=0.000558
2026-06-26 00:58:22,969 [INFO] prediction.models.lstm - [LSTM] Early stopping at epoch 36 (val_loss=0.000775)
2026-06-26 00:58:22,970 [INFO] prediction.models.lstm - [LSTM] Training complete.
2026-06-26 00:58:22,976 [INFO] prediction.models.base - [LSTM] Evaluation: MAE=0.2576 | RMSE=0.3280 | MAPE=3.17% | DirAcc=38.01% | R²=0.5389
2026-06-26 00:58:22,977 [INFO] prediction.training - Training XGBoost on split_1...
2026-06-26 00:58:24,478 [INFO] prediction.models.xgboost_model - [XGBoost] Training complete. Top 5 features: ['close_lag_1', 'cloture', 'close_lag_2', 'plus_haut', 'obv']
2026-06-26 00:58:24,480 [INFO] prediction.models.base - [XGBoost] Evaluation: MAE=0.0988 | RMSE=0.1349 | MAPE=1.25% | DirAcc=37.45% | R²=0.9320
2026-06-26 00:58:24,481 [INFO] prediction.training - Training Prophet on split_1...
2026-06-26 00:58:25,299 [INFO] prediction.models.prophet_model - [Prophet] Training complete on 1737 rows.
2026-06-26 00:58:25,334 [INFO] prediction.models.base - [Prophet] Evaluation: MAE=1.4809 | RMSE=1.6269 | MAPE=18.12% | DirAcc=41.43% | R²=-8.8840
2026-06-26 00:58:25,334 [INFO] prediction.training - ============================================================
2026-06-26 00:58:25,334 [INFO] prediction.training - Training CV split: split_2
2026-06-26 00:58:25,334 [INFO] prediction.training - ============================================================
2026-06-26 00:58:25,343 [INFO] prediction.etl.transform.silver_to_gold - Gold splits — Train: 1989, Val: 251, Test: 243
2026-06-26 00:58:25,346 [INFO] prediction.training - Training LSTM on split_2...
2026-06-26 00:58:25,359 [INFO] prediction.models.lstm - [LSTM] Training device: cuda (NVIDIA GeForce RTX 4060)
2026-06-26 00:58:25,764 [INFO] prediction.models.lstm - [LSTM] Epoch 10/50 — train_loss=0.004913, val_loss=0.001169
2026-06-26 00:58:25,958 [INFO] prediction.models.lstm - [LSTM] Epoch 20/50 — train_loss=0.001923, val_loss=0.000500
2026-06-26 00:58:26,138 [INFO] prediction.models.lstm - [LSTM] Epoch 30/50 — train_loss=0.001426, val_loss=0.000404
2026-06-26 00:58:26,290 [INFO] prediction.models.lstm - [LSTM] Early stopping at epoch 38 (val_loss=0.000479)
2026-06-26 00:58:26,291 [INFO] prediction.models.lstm - [LSTM] Training complete.
2026-06-26 00:58:26,296 [INFO] prediction.models.base - [LSTM] Evaluation: MAE=0.2117 | RMSE=0.3003 | MAPE=2.55% | DirAcc=36.82% | R²=0.5950
2026-06-26 00:58:26,296 [INFO] prediction.training - Training XGBoost on split_2...
2026-06-26 00:58:27,863 [INFO] prediction.models.xgboost_model - [XGBoost] Training complete. Top 5 features: ['close_lag_1', 'cloture', 'close_lag_2', 'plus_haut', 'sma_5']
2026-06-26 00:58:27,865 [INFO] prediction.models.base - [XGBoost] Evaluation: MAE=0.0904 | RMSE=0.1302 | MAPE=1.12% | DirAcc=38.00% | R²=0.9252
2026-06-26 00:58:27,865 [INFO] prediction.training - Training Prophet on split_2...
2026-06-26 00:58:28,937 [INFO] prediction.models.prophet_model - [Prophet] Training complete on 1989 rows.
2026-06-26 00:58:28,974 [INFO] prediction.models.base - [Prophet] Evaluation: MAE=1.4295 | RMSE=1.8486 | MAPE=17.92% | DirAcc=32.00% | R²=-14.0653
2026-06-26 00:58:28,974 [INFO] prediction.training - ============================================================
2026-06-26 00:58:28,974 [INFO] prediction.training - Training CV split: split_3
2026-06-26 00:58:28,974 [INFO] prediction.training - ============================================================
2026-06-26 00:58:28,983 [INFO] prediction.etl.transform.silver_to_gold - Gold splits — Train: 2240, Val: 243, Test: 0
2026-06-26 00:58:28,987 [INFO] prediction.training - Training LSTM on split_3...
2026-06-26 00:58:29,003 [INFO] prediction.models.lstm - [LSTM] Training device: cuda (NVIDIA GeForce RTX 4060)
2026-06-26 00:58:29,419 [INFO] prediction.models.lstm - [LSTM] Epoch 10/50 — train_loss=0.009038, val_loss=0.005152
2026-06-26 00:58:29,638 [INFO] prediction.models.lstm - [LSTM] Epoch 20/50 — train_loss=0.001473, val_loss=0.003724
2026-06-26 00:58:29,991 [INFO] prediction.models.lstm - [LSTM] Epoch 30/50 — train_loss=0.003453, val_loss=0.010457
2026-06-26 00:58:30,184 [INFO] prediction.models.lstm - [LSTM] Early stopping at epoch 39 (val_loss=0.004194)
2026-06-26 00:58:30,185 [INFO] prediction.models.lstm - [LSTM] Training complete.
2026-06-26 00:58:30,193 [INFO] prediction.models.base - [LSTM] Evaluation: MAE=0.4296 | RMSE=0.5449 | MAPE=4.48% | DirAcc=41.51% | R²=0.8608
2026-06-26 00:58:30,193 [INFO] prediction.training - Training XGBoost on split_3...
2026-06-26 00:58:31,855 [INFO] prediction.models.xgboost_model - [XGBoost] Training complete. Top 5 features: ['close_lag_1', 'cloture', 'close_lag_2', 'plus_haut', 'sma_5']
2026-06-26 00:58:31,857 [INFO] prediction.models.base - [XGBoost] Evaluation: MAE=0.1103 | RMSE=0.1655 | MAPE=1.15% | DirAcc=41.32% | R²=0.9871
2026-06-26 00:58:31,857 [INFO] prediction.training - Training Prophet on split_3...
2026-06-26 00:58:33,237 [INFO] prediction.models.prophet_model - [Prophet] Training complete on 2240 rows.
2026-06-26 00:58:33,273 [INFO] prediction.models.base - [Prophet] Evaluation: MAE=1.5661 | RMSE=1.9348 | MAPE=16.42% | DirAcc=40.08% | R²=-0.7645
2026-06-26 00:58:33,273 [INFO] prediction.training - ============================================================
2026-06-26 00:58:33,274 [INFO] prediction.training - TRAINING SUMMARY (Averaged across CV splits)
2026-06-26 00:58:33,274 [INFO] prediction.training - ============================================================
2026-06-26 00:58:33,274 [INFO] prediction.training - [LSTM] MAE=0.2996 | RMSE=0.3911 | MAPE=3.40% | DirAcc=38.78% | R²=0.6649
2026-06-26 00:58:33,274 [INFO] prediction.training - [XGBoost] MAE=0.0998 | RMSE=0.1436 | MAPE=1.17% | DirAcc=38.92% | R²=0.9481
2026-06-26 00:58:33,274 [INFO] prediction.training - [Prophet] MAE=1.4922 | RMSE=1.8034 | MAPE=17.49% | DirAcc=37.84% | R²=-7.9046
2026-06-26 00:58:33,274 [INFO] prediction.training - ============================================================
2026-06-26 00:58:33,274 [INFO] prediction.training - VOLUME PREDICTION TRAINING
2026-06-26 00:58:33,274 [INFO] prediction.training - ============================================================
2026-06-26 00:58:33,283 [INFO] prediction.etl.transform.silver_to_gold - Gold splits — Train: 1737, Val: 252, Test: 494
2026-06-26 00:58:33,988 [INFO] prediction.models.volume_predictor - [VolumeXGB] Training complete.
2026-06-26 00:58:33,991 [INFO] prediction.models.base - [VolumeXGB] Evaluation: MAE=9690.0259 | RMSE=19527.2546 | MAPE=159.51% | DirAcc=40.24% | R²=-0.0370
2026-06-26 00:58:34,002 [INFO] prediction.etl.transform.silver_to_gold - Gold splits — Train: 1989, Val: 251, Test: 243
2026-06-26 00:58:34,709 [INFO] prediction.models.volume_predictor - [VolumeXGB] Training complete.
2026-06-26 00:58:34,713 [INFO] prediction.models.base - [VolumeXGB] Evaluation: MAE=8889.3236 | RMSE=21519.0729 | MAPE=211.85% | DirAcc=46.00% | R²=-0.0398
2026-06-26 00:58:34,724 [INFO] prediction.etl.transform.silver_to_gold - Gold splits — Train: 2240, Val: 243, Test: 0
2026-06-26 00:58:35,521 [INFO] prediction.models.volume_predictor - [VolumeXGB] Training complete.
2026-06-26 00:58:35,524 [INFO] prediction.models.base - [VolumeXGB] Evaluation: MAE=16529.6513 | RMSE=34393.9975 | MAPE=132.13% | DirAcc=38.43% | R²=-0.1261
2026-06-26 00:58:35,524 [INFO] prediction.training - [VolumeXGB] Avg CV: MAE=11703.0003 | RMSE=25146.7750 | MAPE=167.83% | DirAcc=41.56% | R²=-0.0676
2026-06-26 00:58:35,524 [INFO] prediction.training - ============================================================
2026-06-26 00:58:35,524 [INFO] prediction.training - LIQUIDITY CLASSIFICATION TRAINING
2026-06-26 00:58:35,524 [INFO] prediction.training - ============================================================
2026-06-26 00:58:35,536 [INFO] prediction.etl.transform.silver_to_gold - Gold splits — Train: 1737, Val: 252, Test: 494
2026-06-26 00:58:36,505 [INFO] prediction.models.liquidity_classifier - [LiquidityXGB] Training complete. Class distribution: {'low': 201, 'medium': 875, 'high': 661}
2026-06-26 00:58:36,508 [INFO] prediction.models.liquidity_classifier - [LiquidityXGB] Accuracy=57.94% (252 samples)
2026-06-26 00:58:36,519 [INFO] prediction.etl.transform.silver_to_gold - Gold splits — Train: 1989, Val: 251, Test: 243
2026-06-26 00:58:37,517 [INFO] prediction.models.liquidity_classifier - [LiquidityXGB] Training complete. Class distribution: {'low': 219, 'medium': 999, 'high': 771}
2026-06-26 00:58:37,520 [INFO] prediction.models.liquidity_classifier - [LiquidityXGB] Accuracy=52.19% (251 samples)
2026-06-26 00:58:37,531 [INFO] prediction.etl.transform.silver_to_gold - Gold splits — Train: 2240, Val: 243, Test: 0
2026-06-26 00:58:38,543 [INFO] prediction.models.liquidity_classifier - [LiquidityXGB] Training complete. Class distribution: {'low': 244, 'medium': 1146, 'high': 850}
2026-06-26 00:58:38,548 [INFO] prediction.models.liquidity_classifier - [LiquidityXGB] Accuracy=59.26% (243 samples)
2026-06-26 00:58:38,548 [INFO] prediction.training - [LiquidityXGB] Avg CV Accuracy: 56.46%
2026-06-26 00:58:38,551 [INFO] train_all_tickers - [BNA][LSTM] MAE=0.2996  RMSE=0.3911  MAPE=3.40%  DirAcc=38.78%  R2=0.6649
2026-06-26 00:58:38,551 [INFO] train_all_tickers - [BNA][XGBoost] MAE=0.0998  RMSE=0.1436  MAPE=1.17%  DirAcc=38.92%  R2=0.9481
2026-06-26 00:58:38,551 [INFO] train_all_tickers - [BNA][Prophet] MAE=1.4922  RMSE=1.8034  MAPE=17.49%  DirAcc=37.84%  R2=-7.9046
2026-06-26 00:58:38,551 [INFO] train_all_tickers - [BNA][VolumeXGB] MAE=11703.0003  RMSE=25146.7750  MAPE=167.83%  DirAcc=41.56%  R2=-0.0676
2026-06-26 00:58:38,551 [INFO] train_all_tickers - [BNA][LiquidityXGB] MAE=0.0000  RMSE=0.0000  MAPE=0.00%  DirAcc=56.46%  R2=0.0000
2026-06-26 00:58:38,559 [INFO] train_all_tickers - ======================================================================
2026-06-26 00:58:38,559 [INFO] train_all_tickers - [15/37] Training ticker: ASSAD  (2488 rows)
2026-06-26 00:58:38,559 [INFO] train_all_tickers - ======================================================================
2026-06-26 00:58:38,583 [WARNING] prediction.training - MLflow setup failed. Tracking disabled.
2026-06-26 00:58:38,588 [INFO] prediction.db_sink - Connected to PostgreSQL postgres:5432/fixtrade
2026-06-26 00:58:38,590 [INFO] prediction.db_sink - Database tables verified/created.
2026-06-26 00:58:38,590 [INFO] prediction.training - ============================================================
2026-06-26 00:58:38,590 [INFO] prediction.training - Training CV split: split_1
2026-06-26 00:58:38,591 [INFO] prediction.training - ============================================================
2026-06-26 00:58:38,602 [INFO] prediction.etl.transform.silver_to_gold - Gold splits — Train: 1732, Val: 252, Test: 494
2026-06-26 00:58:38,605 [INFO] prediction.training - Training LSTM on split_1...
2026-06-26 00:58:38,618 [INFO] prediction.models.lstm - [LSTM] Training device: cuda (NVIDIA GeForce RTX 4060)
2026-06-26 00:58:39,108 [INFO] prediction.models.lstm - [LSTM] Epoch 10/50 — train_loss=0.003363, val_loss=0.000846
2026-06-26 00:58:39,224 [INFO] prediction.models.lstm - [LSTM] Early stopping at epoch 15 (val_loss=0.001375)
2026-06-26 00:58:39,224 [INFO] prediction.models.lstm - [LSTM] Training complete.
2026-06-26 00:58:39,228 [INFO] prediction.models.base - [LSTM] Evaluation: MAE=0.1167 | RMSE=0.1281 | MAPE=12.69% | DirAcc=35.75% | R²=-0.0650
2026-06-26 00:58:39,228 [INFO] prediction.training - Training XGBoost on split_1...
2026-06-26 00:58:40,708 [INFO] prediction.models.xgboost_model - [XGBoost] Training complete. Top 5 features: ['close_lag_1', 'cloture', 'close_lag_2', 'plus_bas', 'ema_12']
2026-06-26 00:58:40,710 [INFO] prediction.models.base - [XGBoost] Evaluation: MAE=0.1365 | RMSE=0.1788 | MAPE=15.82% | DirAcc=37.05% | R²=-1.1619
2026-06-26 00:58:40,711 [INFO] prediction.training - Training Prophet on split_1...
2026-06-26 00:58:41,463 [INFO] prediction.models.prophet_model - [Prophet] Training complete on 1732 rows.
2026-06-26 00:58:41,507 [INFO] prediction.models.base - [Prophet] Evaluation: MAE=3.8626 | RMSE=3.8947 | MAPE=403.50% | DirAcc=30.68% | R²=-1024.8496
2026-06-26 00:58:41,507 [INFO] prediction.training - ============================================================
2026-06-26 00:58:41,507 [INFO] prediction.training - Training CV split: split_2
2026-06-26 00:58:41,507 [INFO] prediction.training - ============================================================
2026-06-26 00:58:41,521 [INFO] prediction.etl.transform.silver_to_gold - Gold splits — Train: 1984, Val: 251, Test: 243
2026-06-26 00:58:41,527 [INFO] prediction.training - Training LSTM on split_2...
2026-06-26 00:58:41,550 [INFO] prediction.models.lstm - [LSTM] Training device: cuda (NVIDIA GeForce RTX 4060)
2026-06-26 00:58:42,001 [INFO] prediction.models.lstm - [LSTM] Epoch 10/50 — train_loss=0.003987, val_loss=0.001100
2026-06-26 00:58:42,154 [INFO] prediction.models.lstm - [LSTM] Early stopping at epoch 16 (val_loss=0.000190)
2026-06-26 00:58:42,155 [INFO] prediction.models.lstm - [LSTM] Training complete.
2026-06-26 00:58:42,162 [INFO] prediction.models.base - [LSTM] Evaluation: MAE=0.1078 | RMSE=0.1292 | MAPE=15.87% | DirAcc=31.36% | R²=-5.4416
2026-06-26 00:58:42,162 [INFO] prediction.training - Training XGBoost on split_2...
2026-06-26 00:58:43,672 [INFO] prediction.models.xgboost_model - [XGBoost] Training complete. Top 5 features: ['close_lag_1', 'cloture', 'close_lag_2', 'sma_5', 'plus_bas']
2026-06-26 00:58:43,674 [INFO] prediction.models.base - [XGBoost] Evaluation: MAE=0.1100 | RMSE=0.1244 | MAPE=16.58% | DirAcc=33.60% | R²=-3.5881
2026-06-26 00:58:43,674 [INFO] prediction.training - Training Prophet on split_2...
2026-06-26 00:58:44,877 [INFO] prediction.models.prophet_model - [Prophet] Training complete on 1984 rows.
2026-06-26 00:58:44,919 [INFO] prediction.models.base - [Prophet] Evaluation: MAE=4.1301 | RMSE=4.1684 | MAPE=596.64% | DirAcc=36.80% | R²=-5149.0860
2026-06-26 00:58:44,919 [INFO] prediction.training - ============================================================
2026-06-26 00:58:44,919 [INFO] prediction.training - Training CV split: split_3
2026-06-26 00:58:44,919 [INFO] prediction.training - ============================================================
2026-06-26 00:58:44,928 [INFO] prediction.etl.transform.silver_to_gold - Gold splits — Train: 2235, Val: 243, Test: 0
2026-06-26 00:58:44,933 [INFO] prediction.training - Training LSTM on split_3...
2026-06-26 00:58:44,948 [INFO] prediction.models.lstm - [LSTM] Training device: cuda (NVIDIA GeForce RTX 4060)
2026-06-26 00:58:45,442 [INFO] prediction.models.lstm - [LSTM] Epoch 10/50 — train_loss=0.003455, val_loss=0.009123
2026-06-26 00:58:45,515 [INFO] prediction.models.lstm - [LSTM] Early stopping at epoch 13 (val_loss=0.009668)
2026-06-26 00:58:45,516 [INFO] prediction.models.lstm - [LSTM] Training complete.
2026-06-26 00:58:45,523 [INFO] prediction.models.base - [LSTM] Evaluation: MAE=0.3342 | RMSE=0.3956 | MAPE=17.34% | DirAcc=44.81% | R²=0.4976
2026-06-26 00:58:45,523 [INFO] prediction.training - Training XGBoost on split_3...
2026-06-26 00:58:47,072 [INFO] prediction.models.xgboost_model - [XGBoost] Training complete. Top 5 features: ['close_lag_1', 'cloture', 'sma_5', 'ema_12', 'close_lag_2']
2026-06-26 00:58:47,075 [INFO] prediction.models.base - [XGBoost] Evaluation: MAE=0.2365 | RMSE=0.3233 | MAPE=10.26% | DirAcc=42.15% | R²=0.8067
2026-06-26 00:58:47,075 [INFO] prediction.training - Training Prophet on split_3...
2026-06-26 00:58:48,342 [INFO] prediction.models.prophet_model - [Prophet] Training complete on 2235 rows.
2026-06-26 00:58:48,378 [INFO] prediction.models.base - [Prophet] Evaluation: MAE=2.9980 | RMSE=3.1469 | MAPE=214.79% | DirAcc=41.74% | R²=-17.3133
2026-06-26 00:58:48,379 [INFO] prediction.training - ============================================================
2026-06-26 00:58:48,379 [INFO] prediction.training - TRAINING SUMMARY (Averaged across CV splits)
2026-06-26 00:58:48,379 [INFO] prediction.training - ============================================================
2026-06-26 00:58:48,379 [INFO] prediction.training - [LSTM] MAE=0.1862 | RMSE=0.2176 | MAPE=15.30% | DirAcc=37.31% | R²=-1.6697
2026-06-26 00:58:48,379 [INFO] prediction.training - [XGBoost] MAE=0.1610 | RMSE=0.2088 | MAPE=14.22% | DirAcc=37.60% | R²=-1.3145
2026-06-26 00:58:48,379 [INFO] prediction.training - [Prophet] MAE=3.6636 | RMSE=3.7366 | MAPE=404.98% | DirAcc=36.40% | R²=-2063.7496
2026-06-26 00:58:48,379 [INFO] prediction.training - ============================================================
2026-06-26 00:58:48,379 [INFO] prediction.training - VOLUME PREDICTION TRAINING
2026-06-26 00:58:48,379 [INFO] prediction.training - ============================================================
2026-06-26 00:58:48,389 [INFO] prediction.etl.transform.silver_to_gold - Gold splits — Train: 1732, Val: 252, Test: 494
2026-06-26 00:58:49,170 [INFO] prediction.models.volume_predictor - [VolumeXGB] Training complete.
2026-06-26 00:58:49,173 [INFO] prediction.models.base - [VolumeXGB] Evaluation: MAE=15649.7218 | RMSE=28180.5713 | MAPE=332.84% | DirAcc=48.21% | R²=-0.1767
2026-06-26 00:58:49,184 [INFO] prediction.etl.transform.silver_to_gold - Gold splits — Train: 1984, Val: 251, Test: 243
2026-06-26 00:58:49,944 [INFO] prediction.models.volume_predictor - [VolumeXGB] Training complete.
2026-06-26 00:58:49,946 [INFO] prediction.models.base - [VolumeXGB] Evaluation: MAE=14032.0465 | RMSE=60697.2507 | MAPE=409.85% | DirAcc=49.60% | R²=-0.0227
2026-06-26 00:58:49,958 [INFO] prediction.etl.transform.silver_to_gold - Gold splits — Train: 2235, Val: 243, Test: 0
2026-06-26 00:58:50,669 [INFO] prediction.models.volume_predictor - [VolumeXGB] Training complete.
2026-06-26 00:58:50,672 [INFO] prediction.models.base - [VolumeXGB] Evaluation: MAE=31147.0752 | RMSE=60907.1225 | MAPE=162.97% | DirAcc=41.74% | R²=-0.2625
2026-06-26 00:58:50,672 [INFO] prediction.training - [VolumeXGB] Avg CV: MAE=20276.2812 | RMSE=49928.3149 | MAPE=301.89% | DirAcc=46.51% | R²=-0.1539
2026-06-26 00:58:50,673 [INFO] prediction.training - ============================================================
2026-06-26 00:58:50,673 [INFO] prediction.training - LIQUIDITY CLASSIFICATION TRAINING
2026-06-26 00:58:50,673 [INFO] prediction.training - ============================================================
2026-06-26 00:58:50,684 [INFO] prediction.etl.transform.silver_to_gold - Gold splits — Train: 1732, Val: 252, Test: 494
2026-06-26 00:58:51,642 [INFO] prediction.models.liquidity_classifier - [LiquidityXGB] Training complete. Class distribution: {'low': 289, 'medium': 910, 'high': 533}
2026-06-26 00:58:51,646 [INFO] prediction.models.liquidity_classifier - [LiquidityXGB] Accuracy=59.92% (252 samples)
2026-06-26 00:58:51,657 [INFO] prediction.etl.transform.silver_to_gold - Gold splits — Train: 1984, Val: 251, Test: 243
2026-06-26 00:58:52,796 [INFO] prediction.models.liquidity_classifier - [LiquidityXGB] Training complete. Class distribution: {'low': 300, 'medium': 1003, 'high': 681}
2026-06-26 00:58:52,799 [INFO] prediction.models.liquidity_classifier - [LiquidityXGB] Accuracy=40.64% (251 samples)
2026-06-26 00:58:52,813 [INFO] prediction.etl.transform.silver_to_gold - Gold splits — Train: 2235, Val: 243, Test: 0
2026-06-26 00:58:53,781 [INFO] prediction.models.liquidity_classifier - [LiquidityXGB] Training complete. Class distribution: {'low': 340, 'medium': 1117, 'high': 778}
2026-06-26 00:58:53,784 [INFO] prediction.models.liquidity_classifier - [LiquidityXGB] Accuracy=42.39% (243 samples)
2026-06-26 00:58:53,785 [INFO] prediction.training - [LiquidityXGB] Avg CV Accuracy: 47.65%
2026-06-26 00:58:53,786 [INFO] train_all_tickers - [ASSAD][LSTM] MAE=0.1862  RMSE=0.2176  MAPE=15.30%  DirAcc=37.31%  R2=-1.6697
2026-06-26 00:58:53,786 [INFO] train_all_tickers - [ASSAD][XGBoost] MAE=0.1610  RMSE=0.2088  MAPE=14.22%  DirAcc=37.60%  R2=-1.3145
2026-06-26 00:58:53,786 [INFO] train_all_tickers - [ASSAD][Prophet] MAE=3.6636  RMSE=3.7366  MAPE=404.98%  DirAcc=36.40%  R2=-2063.7496
2026-06-26 00:58:53,786 [INFO] train_all_tickers - [ASSAD][VolumeXGB] MAE=20276.2812  RMSE=49928.3149  MAPE=301.89%  DirAcc=46.51%  R2=-0.1539
2026-06-26 00:58:53,786 [INFO] train_all_tickers - [ASSAD][LiquidityXGB] MAE=0.0000  RMSE=0.0000  MAPE=0.00%  DirAcc=47.65%  R2=0.0000
2026-06-26 00:58:53,790 [INFO] train_all_tickers - ======================================================================
2026-06-26 00:58:53,791 [INFO] train_all_tickers - [16/37] Training ticker: SOTUMAG  (2487 rows)
2026-06-26 00:58:53,791 [INFO] train_all_tickers - ======================================================================
2026-06-26 00:58:53,816 [WARNING] prediction.training - MLflow setup failed. Tracking disabled.
2026-06-26 00:58:53,821 [INFO] prediction.db_sink - Connected to PostgreSQL postgres:5432/fixtrade
2026-06-26 00:58:53,823 [INFO] prediction.db_sink - Database tables verified/created.
2026-06-26 00:58:53,823 [INFO] prediction.training - ============================================================
2026-06-26 00:58:53,823 [INFO] prediction.training - Training CV split: split_1
2026-06-26 00:58:53,823 [INFO] prediction.training - ============================================================
2026-06-26 00:58:53,835 [INFO] prediction.etl.transform.silver_to_gold - Gold splits — Train: 1731, Val: 252, Test: 494
2026-06-26 00:58:53,838 [INFO] prediction.training - Training LSTM on split_1...
2026-06-26 00:58:53,851 [INFO] prediction.models.lstm - [LSTM] Training device: cuda (NVIDIA GeForce RTX 4060)
2026-06-26 00:58:54,318 [INFO] prediction.models.lstm - [LSTM] Epoch 10/50 — train_loss=0.007555, val_loss=0.001221
2026-06-26 00:58:54,530 [INFO] prediction.models.lstm - [LSTM] Epoch 20/50 — train_loss=0.002842, val_loss=0.000817
2026-06-26 00:58:54,597 [INFO] prediction.models.lstm - [LSTM] Early stopping at epoch 23 (val_loss=0.000947)
2026-06-26 00:58:54,598 [INFO] prediction.models.lstm - [LSTM] Training complete.
2026-06-26 00:58:54,603 [INFO] prediction.models.base - [LSTM] Evaluation: MAE=0.0812 | RMSE=0.1088 | MAPE=1.66% | DirAcc=34.84% | R²=0.2257
2026-06-26 00:58:54,603 [INFO] prediction.training - Training XGBoost on split_1...
2026-06-26 00:58:56,139 [INFO] prediction.models.xgboost_model - [XGBoost] Training complete. Top 5 features: ['cloture', 'ema_12', 'sma_20', 'sma_50', 'close_lag_5']
2026-06-26 00:58:56,142 [INFO] prediction.models.base - [XGBoost] Evaluation: MAE=0.0492 | RMSE=0.0672 | MAPE=1.01% | DirAcc=29.48% | R²=0.6946
2026-06-26 00:58:56,142 [INFO] prediction.training - Training Prophet on split_1...
2026-06-26 00:58:56,888 [INFO] prediction.models.prophet_model - [Prophet] Training complete on 1731 rows.
2026-06-26 00:58:56,924 [INFO] prediction.models.base - [Prophet] Evaluation: MAE=2.8010 | RMSE=2.8027 | MAPE=57.64% | DirAcc=35.46% | R²=-530.4354
2026-06-26 00:58:56,924 [INFO] prediction.training - ============================================================
2026-06-26 00:58:56,924 [INFO] prediction.training - Training CV split: split_2
2026-06-26 00:58:56,924 [INFO] prediction.training - ============================================================
2026-06-26 00:58:56,932 [INFO] prediction.etl.transform.silver_to_gold - Gold splits — Train: 1983, Val: 251, Test: 243
2026-06-26 00:58:56,936 [INFO] prediction.training - Training LSTM on split_2...
2026-06-26 00:58:56,950 [INFO] prediction.models.lstm - [LSTM] Training device: cuda (NVIDIA GeForce RTX 4060)
2026-06-26 00:58:57,336 [INFO] prediction.models.lstm - [LSTM] Epoch 10/50 — train_loss=0.006516, val_loss=0.033827
2026-06-26 00:58:57,492 [INFO] prediction.models.lstm - [LSTM] Early stopping at epoch 17 (val_loss=0.027388)
2026-06-26 00:58:57,493 [INFO] prediction.models.lstm - [LSTM] Training complete.
2026-06-26 00:58:57,497 [INFO] prediction.models.base - [LSTM] Evaluation: MAE=0.1250 | RMSE=0.1561 | MAPE=2.01% | DirAcc=30.00% | R²=0.5792
2026-06-26 00:58:57,497 [INFO] prediction.training - Training XGBoost on split_2...
2026-06-26 00:58:59,020 [INFO] prediction.models.xgboost_model - [XGBoost] Training complete. Top 5 features: ['bollinger_lower', 'close_lag_1', 'sma_5', 'vwap', 'close_lag_10']
2026-06-26 00:58:59,023 [INFO] prediction.models.base - [XGBoost] Evaluation: MAE=0.6863 | RMSE=0.7722 | MAPE=10.94% | DirAcc=34.40% | R²=-2.5486
2026-06-26 00:58:59,023 [INFO] prediction.training - Training Prophet on split_2...
2026-06-26 00:58:59,736 [INFO] prediction.models.prophet_model - [Prophet] Training complete on 1983 rows.
2026-06-26 00:58:59,771 [INFO] prediction.models.base - [Prophet] Evaluation: MAE=3.8864 | RMSE=3.9211 | MAPE=63.59% | DirAcc=26.40% | R²=-90.5112
2026-06-26 00:58:59,772 [INFO] prediction.training - ============================================================
2026-06-26 00:58:59,772 [INFO] prediction.training - Training CV split: split_3
2026-06-26 00:58:59,772 [INFO] prediction.training - ============================================================
2026-06-26 00:58:59,780 [INFO] prediction.etl.transform.silver_to_gold - Gold splits — Train: 2234, Val: 243, Test: 0
2026-06-26 00:58:59,784 [INFO] prediction.training - Training LSTM on split_3...
2026-06-26 00:58:59,799 [INFO] prediction.models.lstm - [LSTM] Training device: cuda (NVIDIA GeForce RTX 4060)
2026-06-26 00:59:00,246 [INFO] prediction.models.lstm - [LSTM] Epoch 10/50 — train_loss=0.019409, val_loss=0.140603
2026-06-26 00:59:00,336 [INFO] prediction.models.lstm - [LSTM] Early stopping at epoch 14 (val_loss=0.079965)
2026-06-26 00:59:00,337 [INFO] prediction.models.lstm - [LSTM] Training complete.
2026-06-26 00:59:00,345 [INFO] prediction.models.base - [LSTM] Evaluation: MAE=0.6190 | RMSE=0.8141 | MAPE=7.34% | DirAcc=30.66% | R²=0.5066
2026-06-26 00:59:00,345 [INFO] prediction.training - Training XGBoost on split_3...
2026-06-26 00:59:01,833 [INFO] prediction.models.xgboost_model - [XGBoost] Training complete. Top 5 features: ['cloture', 'bollinger_upper', 'close_lag_1', 'sma_200', 'close_lag_3']
2026-06-26 00:59:01,835 [INFO] prediction.models.base - [XGBoost] Evaluation: MAE=1.1414 | RMSE=1.5970 | MAPE=13.39% | DirAcc=35.95% | R²=-0.8626
2026-06-26 00:59:01,835 [INFO] prediction.training - Training Prophet on split_3...
2026-06-26 00:59:02,788 [INFO] prediction.models.prophet_model - [Prophet] Training complete on 2234 rows.
2026-06-26 00:59:02,822 [INFO] prediction.models.base - [Prophet] Evaluation: MAE=5.1855 | RMSE=5.3045 | MAPE=68.95% | DirAcc=31.82% | R²=-19.5477
2026-06-26 00:59:02,822 [INFO] prediction.training - ============================================================
2026-06-26 00:59:02,822 [INFO] prediction.training - TRAINING SUMMARY (Averaged across CV splits)
2026-06-26 00:59:02,822 [INFO] prediction.training - ============================================================
2026-06-26 00:59:02,822 [INFO] prediction.training - [LSTM] MAE=0.2751 | RMSE=0.3597 | MAPE=3.67% | DirAcc=31.83% | R²=0.4372
2026-06-26 00:59:02,822 [INFO] prediction.training - [XGBoost] MAE=0.6256 | RMSE=0.8121 | MAPE=8.45% | DirAcc=33.28% | R²=-0.9055
2026-06-26 00:59:02,822 [INFO] prediction.training - [Prophet] MAE=3.9576 | RMSE=4.0094 | MAPE=63.39% | DirAcc=31.23% | R²=-213.4981
2026-06-26 00:59:02,822 [INFO] prediction.training - ============================================================
2026-06-26 00:59:02,822 [INFO] prediction.training - VOLUME PREDICTION TRAINING
2026-06-26 00:59:02,823 [INFO] prediction.training - ============================================================
2026-06-26 00:59:02,832 [INFO] prediction.etl.transform.silver_to_gold - Gold splits — Train: 1731, Val: 252, Test: 494
2026-06-26 00:59:03,515 [INFO] prediction.models.volume_predictor - [VolumeXGB] Training complete.
2026-06-26 00:59:03,517 [INFO] prediction.models.base - [VolumeXGB] Evaluation: MAE=4098.2195 | RMSE=6045.4067 | MAPE=4270.59% | DirAcc=45.42% | R²=-0.0128
2026-06-26 00:59:03,526 [INFO] prediction.etl.transform.silver_to_gold - Gold splits — Train: 1983, Val: 251, Test: 243
2026-06-26 00:59:04,248 [INFO] prediction.models.volume_predictor - [VolumeXGB] Training complete.
2026-06-26 00:59:04,251 [INFO] prediction.models.base - [VolumeXGB] Evaluation: MAE=2204.8988 | RMSE=4574.2076 | MAPE=2581.15% | DirAcc=55.20% | R²=-0.0356
2026-06-26 00:59:04,263 [INFO] prediction.etl.transform.silver_to_gold - Gold splits — Train: 2234, Val: 243, Test: 0
2026-06-26 00:59:04,953 [INFO] prediction.models.volume_predictor - [VolumeXGB] Training complete.
2026-06-26 00:59:04,957 [INFO] prediction.models.base - [VolumeXGB] Evaluation: MAE=2710.8075 | RMSE=7845.0407 | MAPE=371.75% | DirAcc=50.41% | R²=-0.1151
2026-06-26 00:59:04,957 [INFO] prediction.training - [VolumeXGB] Avg CV: MAE=3004.6419 | RMSE=6154.8850 | MAPE=2407.83% | DirAcc=50.34% | R²=-0.0545
2026-06-26 00:59:04,957 [INFO] prediction.training - ============================================================
2026-06-26 00:59:04,957 [INFO] prediction.training - LIQUIDITY CLASSIFICATION TRAINING
2026-06-26 00:59:04,957 [INFO] prediction.training - ============================================================
2026-06-26 00:59:04,967 [INFO] prediction.etl.transform.silver_to_gold - Gold splits — Train: 1731, Val: 252, Test: 494
2026-06-26 00:59:05,848 [INFO] prediction.models.liquidity_classifier - [LiquidityXGB] Training complete. Class distribution: {'low': 304, 'medium': 773, 'high': 654}
2026-06-26 00:59:05,851 [INFO] prediction.models.liquidity_classifier - [LiquidityXGB] Accuracy=50.00% (252 samples)
2026-06-26 00:59:05,859 [INFO] prediction.etl.transform.silver_to_gold - Gold splits — Train: 1983, Val: 251, Test: 243
2026-06-26 00:59:06,821 [INFO] prediction.models.liquidity_classifier - [LiquidityXGB] Training complete. Class distribution: {'low': 383, 'medium': 918, 'high': 682}
2026-06-26 00:59:06,824 [INFO] prediction.models.liquidity_classifier - [LiquidityXGB] Accuracy=31.08% (251 samples)
2026-06-26 00:59:06,834 [INFO] prediction.etl.transform.silver_to_gold - Gold splits — Train: 2234, Val: 243, Test: 0
2026-06-26 00:59:07,774 [INFO] prediction.models.liquidity_classifier - [LiquidityXGB] Training complete. Class distribution: {'low': 536, 'medium': 1002, 'high': 696}
2026-06-26 00:59:07,777 [INFO] prediction.models.liquidity_classifier - [LiquidityXGB] Accuracy=52.67% (243 samples)
2026-06-26 00:59:07,777 [INFO] prediction.training - [LiquidityXGB] Avg CV Accuracy: 44.58%
2026-06-26 00:59:07,780 [INFO] train_all_tickers - [SOTUMAG][LSTM] MAE=0.2751  RMSE=0.3597  MAPE=3.67%  DirAcc=31.83%  R2=0.4372
2026-06-26 00:59:07,780 [INFO] train_all_tickers - [SOTUMAG][XGBoost] MAE=0.6256  RMSE=0.8121  MAPE=8.45%  DirAcc=33.28%  R2=-0.9055
2026-06-26 00:59:07,780 [INFO] train_all_tickers - [SOTUMAG][Prophet] MAE=3.9576  RMSE=4.0094  MAPE=63.39%  DirAcc=31.23%  R2=-213.4981
2026-06-26 00:59:07,780 [INFO] train_all_tickers - [SOTUMAG][VolumeXGB] MAE=3004.6419  RMSE=6154.8850  MAPE=2407.83%  DirAcc=50.34%  R2=-0.0545
2026-06-26 00:59:07,780 [INFO] train_all_tickers - [SOTUMAG][LiquidityXGB] MAE=0.0000  RMSE=0.0000  MAPE=0.00%  DirAcc=44.58%  R2=0.0000
2026-06-26 00:59:07,785 [INFO] train_all_tickers - ======================================================================
2026-06-26 00:59:07,785 [INFO] train_all_tickers - [17/37] Training ticker: STB  (2486 rows)
2026-06-26 00:59:07,785 [INFO] train_all_tickers - ======================================================================
2026-06-26 00:59:07,809 [WARNING] prediction.training - MLflow setup failed. Tracking disabled.
2026-06-26 00:59:07,813 [INFO] prediction.db_sink - Connected to PostgreSQL postgres:5432/fixtrade
2026-06-26 00:59:07,816 [INFO] prediction.db_sink - Database tables verified/created.
2026-06-26 00:59:07,816 [INFO] prediction.training - ============================================================
2026-06-26 00:59:07,816 [INFO] prediction.training - Training CV split: split_1
2026-06-26 00:59:07,816 [INFO] prediction.training - ============================================================
2026-06-26 00:59:07,825 [INFO] prediction.etl.transform.silver_to_gold - Gold splits — Train: 1730, Val: 252, Test: 494
2026-06-26 00:59:07,828 [INFO] prediction.training - Training LSTM on split_1...
2026-06-26 00:59:07,856 [INFO] prediction.models.lstm - [LSTM] Training device: cuda (NVIDIA GeForce RTX 4060)
2026-06-26 00:59:08,311 [INFO] prediction.models.lstm - [LSTM] Epoch 10/50 — train_loss=0.009588, val_loss=0.007472
2026-06-26 00:59:08,331 [INFO] prediction.models.lstm - [LSTM] Early stopping at epoch 11 (val_loss=0.003629)
2026-06-26 00:59:08,332 [INFO] prediction.models.lstm - [LSTM] Training complete.
2026-06-26 00:59:08,338 [INFO] prediction.models.base - [LSTM] Evaluation: MAE=0.0841 | RMSE=0.1022 | MAPE=2.27% | DirAcc=31.22% | R²=0.2133
2026-06-26 00:59:08,338 [INFO] prediction.training - Training XGBoost on split_1...
2026-06-26 00:59:09,981 [INFO] prediction.models.xgboost_model - [XGBoost] Training complete. Top 5 features: ['cloture', 'plus_haut', 'close_lag_1', 'sma_50', 'plus_bas']
2026-06-26 00:59:09,983 [INFO] prediction.models.base - [XGBoost] Evaluation: MAE=0.0445 | RMSE=0.0620 | MAPE=1.21% | DirAcc=31.08% | R²=0.6994
2026-06-26 00:59:09,983 [INFO] prediction.training - Training Prophet on split_1...
2026-06-26 00:59:10,625 [INFO] prediction.models.prophet_model - [Prophet] Training complete on 1730 rows.
2026-06-26 00:59:10,661 [INFO] prediction.models.base - [Prophet] Evaluation: MAE=0.9837 | RMSE=1.0903 | MAPE=26.64% | DirAcc=37.45% | R²=-92.0516
2026-06-26 00:59:10,661 [INFO] prediction.training - ============================================================
2026-06-26 00:59:10,661 [INFO] prediction.training - Training CV split: split_2
2026-06-26 00:59:10,661 [INFO] prediction.training - ============================================================
2026-06-26 00:59:10,670 [INFO] prediction.etl.transform.silver_to_gold - Gold splits — Train: 1982, Val: 251, Test: 243
2026-06-26 00:59:10,673 [INFO] prediction.training - Training LSTM on split_2...
2026-06-26 00:59:10,727 [INFO] prediction.models.lstm - [LSTM] Training device: cuda (NVIDIA GeForce RTX 4060)
2026-06-26 00:59:11,048 [INFO] prediction.models.lstm - [LSTM] Epoch 10/50 — train_loss=0.026806, val_loss=0.032838
2026-06-26 00:59:11,067 [INFO] prediction.models.lstm - [LSTM] Early stopping at epoch 11 (val_loss=0.040450)
2026-06-26 00:59:11,069 [INFO] prediction.models.lstm - [LSTM] Training complete.
2026-06-26 00:59:11,074 [INFO] prediction.models.base - [LSTM] Evaluation: MAE=0.2838 | RMSE=0.3408 | MAPE=9.50% | DirAcc=37.27% | R²=-1.6106
2026-06-26 00:59:11,074 [INFO] prediction.training - Training XGBoost on split_2...
2026-06-26 00:59:12,739 [INFO] prediction.models.xgboost_model - [XGBoost] Training complete. Top 5 features: ['cloture', 'close_lag_1', 'plus_haut', 'sma_50', 'plus_bas']
2026-06-26 00:59:12,743 [INFO] prediction.models.base - [XGBoost] Evaluation: MAE=0.0726 | RMSE=0.0849 | MAPE=2.32% | DirAcc=39.60% | R²=0.8565
2026-06-26 00:59:12,743 [INFO] prediction.training - Training Prophet on split_2...
2026-06-26 00:59:13,681 [INFO] prediction.models.prophet_model - [Prophet] Training complete on 1982 rows.
2026-06-26 00:59:13,716 [INFO] prediction.models.base - [Prophet] Evaluation: MAE=1.4650 | RMSE=1.4932 | MAPE=45.96% | DirAcc=38.40% | R²=-43.3915
2026-06-26 00:59:13,716 [INFO] prediction.training - ============================================================
2026-06-26 00:59:13,716 [INFO] prediction.training - Training CV split: split_3
2026-06-26 00:59:13,716 [INFO] prediction.training - ============================================================
2026-06-26 00:59:13,726 [INFO] prediction.etl.transform.silver_to_gold - Gold splits — Train: 2233, Val: 243, Test: 0
2026-06-26 00:59:13,730 [INFO] prediction.training - Training LSTM on split_3...
2026-06-26 00:59:13,790 [INFO] prediction.models.lstm - [LSTM] Training device: cuda (NVIDIA GeForce RTX 4060)
2026-06-26 00:59:14,271 [INFO] prediction.models.lstm - [LSTM] Epoch 10/50 — train_loss=0.008034, val_loss=0.005700
2026-06-26 00:59:14,491 [INFO] prediction.models.lstm - [LSTM] Epoch 20/50 — train_loss=0.003239, val_loss=0.003505
2026-06-26 00:59:14,849 [INFO] prediction.models.lstm - [LSTM] Epoch 30/50 — train_loss=0.002344, val_loss=0.002676
2026-06-26 00:59:15,068 [INFO] prediction.models.lstm - [LSTM] Epoch 40/50 — train_loss=0.006168, val_loss=0.002551
2026-06-26 00:59:15,116 [INFO] prediction.models.lstm - [LSTM] Early stopping at epoch 42 (val_loss=0.005108)
2026-06-26 00:59:15,117 [INFO] prediction.models.lstm - [LSTM] Training complete.
2026-06-26 00:59:15,123 [INFO] prediction.models.base - [LSTM] Evaluation: MAE=0.1260 | RMSE=0.1618 | MAPE=4.01% | DirAcc=46.70% | R²=0.9019
2026-06-26 00:59:15,123 [INFO] prediction.training - Training XGBoost on split_3...
2026-06-26 00:59:16,798 [INFO] prediction.models.xgboost_model - [XGBoost] Training complete. Top 5 features: ['cloture', 'plus_haut', 'close_lag_1', 'plus_bas', 'close_lag_2']
2026-06-26 00:59:16,801 [INFO] prediction.models.base - [XGBoost] Evaluation: MAE=0.0426 | RMSE=0.0614 | MAPE=1.32% | DirAcc=44.63% | R²=0.9855
2026-06-26 00:59:16,801 [INFO] prediction.training - Training Prophet on split_3...
2026-06-26 00:59:17,805 [INFO] prediction.models.prophet_model - [Prophet] Training complete on 2233 rows.
2026-06-26 00:59:17,839 [INFO] prediction.models.base - [Prophet] Evaluation: MAE=1.6369 | RMSE=1.8364 | MAPE=56.21% | DirAcc=42.15% | R²=-12.0051
2026-06-26 00:59:17,839 [INFO] prediction.training - ============================================================
2026-06-26 00:59:17,839 [INFO] prediction.training - TRAINING SUMMARY (Averaged across CV splits)
2026-06-26 00:59:17,839 [INFO] prediction.training - ============================================================
2026-06-26 00:59:17,839 [INFO] prediction.training - [LSTM] MAE=0.1646 | RMSE=0.2016 | MAPE=5.26% | DirAcc=38.40% | R²=-0.1651
2026-06-26 00:59:17,839 [INFO] prediction.training - [XGBoost] MAE=0.0532 | RMSE=0.0694 | MAPE=1.62% | DirAcc=38.43% | R²=0.8471
2026-06-26 00:59:17,839 [INFO] prediction.training - [Prophet] MAE=1.3619 | RMSE=1.4733 | MAPE=42.93% | DirAcc=39.33% | R²=-49.1494
2026-06-26 00:59:17,839 [INFO] prediction.training - ============================================================
2026-06-26 00:59:17,839 [INFO] prediction.training - VOLUME PREDICTION TRAINING
2026-06-26 00:59:17,839 [INFO] prediction.training - ============================================================
2026-06-26 00:59:17,848 [INFO] prediction.etl.transform.silver_to_gold - Gold splits — Train: 1730, Val: 252, Test: 494
2026-06-26 00:59:18,541 [INFO] prediction.models.volume_predictor - [VolumeXGB] Training complete.
2026-06-26 00:59:18,544 [INFO] prediction.models.base - [VolumeXGB] Evaluation: MAE=6337.5770 | RMSE=21564.1960 | MAPE=380.08% | DirAcc=42.23% | R²=-0.0224
2026-06-26 00:59:18,555 [INFO] prediction.etl.transform.silver_to_gold - Gold splits — Train: 1982, Val: 251, Test: 243
2026-06-26 00:59:19,261 [INFO] prediction.models.volume_predictor - [VolumeXGB] Training complete.
2026-06-26 00:59:19,264 [INFO] prediction.models.base - [VolumeXGB] Evaluation: MAE=10077.0462 | RMSE=20764.2115 | MAPE=526.47% | DirAcc=40.80% | R²=-0.1074
2026-06-26 00:59:19,272 [INFO] prediction.etl.transform.silver_to_gold - Gold splits — Train: 2233, Val: 243, Test: 0
2026-06-26 00:59:19,980 [INFO] prediction.models.volume_predictor - [VolumeXGB] Training complete.
2026-06-26 00:59:19,984 [INFO] prediction.models.base - [VolumeXGB] Evaluation: MAE=23221.3176 | RMSE=53464.8880 | MAPE=568.01% | DirAcc=42.15% | R²=-0.1591
2026-06-26 00:59:19,984 [INFO] prediction.training - [VolumeXGB] Avg CV: MAE=13211.9803 | RMSE=31931.0985 | MAPE=491.52% | DirAcc=41.73% | R²=-0.0963
2026-06-26 00:59:19,984 [INFO] prediction.training - ============================================================
2026-06-26 00:59:19,984 [INFO] prediction.training - LIQUIDITY CLASSIFICATION TRAINING
2026-06-26 00:59:19,984 [INFO] prediction.training - ============================================================
2026-06-26 00:59:19,993 [INFO] prediction.etl.transform.silver_to_gold - Gold splits — Train: 1730, Val: 252, Test: 494
2026-06-26 00:59:20,865 [INFO] prediction.models.liquidity_classifier - [LiquidityXGB] Training complete. Class distribution: {'low': 298, 'medium': 918, 'high': 514}
2026-06-26 00:59:20,869 [INFO] prediction.models.liquidity_classifier - [LiquidityXGB] Accuracy=56.75% (252 samples)
2026-06-26 00:59:20,879 [INFO] prediction.etl.transform.silver_to_gold - Gold splits — Train: 1982, Val: 251, Test: 243
2026-06-26 00:59:21,778 [INFO] prediction.models.liquidity_classifier - [LiquidityXGB] Training complete. Class distribution: {'low': 342, 'medium': 1073, 'high': 567}
2026-06-26 00:59:21,781 [INFO] prediction.models.liquidity_classifier - [LiquidityXGB] Accuracy=57.37% (251 samples)
2026-06-26 00:59:21,790 [INFO] prediction.etl.transform.silver_to_gold - Gold splits — Train: 2233, Val: 243, Test: 0
2026-06-26 00:59:22,694 [INFO] prediction.models.liquidity_classifier - [LiquidityXGB] Training complete. Class distribution: {'low': 368, 'medium': 1207, 'high': 658}
2026-06-26 00:59:22,697 [INFO] prediction.models.liquidity_classifier - [LiquidityXGB] Accuracy=69.55% (243 samples)
2026-06-26 00:59:22,697 [INFO] prediction.training - [LiquidityXGB] Avg CV Accuracy: 61.22%
2026-06-26 00:59:22,699 [INFO] train_all_tickers - [STB][LSTM] MAE=0.1646  RMSE=0.2016  MAPE=5.26%  DirAcc=38.40%  R2=-0.1651
2026-06-26 00:59:22,699 [INFO] train_all_tickers - [STB][XGBoost] MAE=0.0532  RMSE=0.0694  MAPE=1.62%  DirAcc=38.43%  R2=0.8471
2026-06-26 00:59:22,699 [INFO] train_all_tickers - [STB][Prophet] MAE=1.3619  RMSE=1.4733  MAPE=42.93%  DirAcc=39.33%  R2=-49.1494
2026-06-26 00:59:22,699 [INFO] train_all_tickers - [STB][VolumeXGB] MAE=13211.9803  RMSE=31931.0985  MAPE=491.52%  DirAcc=41.73%  R2=-0.0963
2026-06-26 00:59:22,699 [INFO] train_all_tickers - [STB][LiquidityXGB] MAE=0.0000  RMSE=0.0000  MAPE=0.00%  DirAcc=61.22%  R2=0.0000
2026-06-26 00:59:22,704 [INFO] train_all_tickers - ======================================================================
2026-06-26 00:59:22,704 [INFO] train_all_tickers - [18/37] Training ticker: AMEN BANK  (2484 rows)
2026-06-26 00:59:22,704 [INFO] train_all_tickers - ======================================================================
2026-06-26 00:59:22,728 [WARNING] prediction.training - MLflow setup failed. Tracking disabled.
2026-06-26 00:59:22,733 [INFO] prediction.db_sink - Connected to PostgreSQL postgres:5432/fixtrade
2026-06-26 00:59:22,735 [INFO] prediction.db_sink - Database tables verified/created.
2026-06-26 00:59:22,735 [INFO] prediction.training - ============================================================
2026-06-26 00:59:22,735 [INFO] prediction.training - Training CV split: split_1
2026-06-26 00:59:22,735 [INFO] prediction.training - ============================================================
2026-06-26 00:59:22,744 [INFO] prediction.etl.transform.silver_to_gold - Gold splits — Train: 1728, Val: 252, Test: 494
2026-06-26 00:59:22,747 [INFO] prediction.training - Training LSTM on split_1...
2026-06-26 00:59:22,758 [INFO] prediction.models.lstm - [LSTM] Training device: cuda (NVIDIA GeForce RTX 4060)
2026-06-26 00:59:23,296 [INFO] prediction.models.lstm - [LSTM] Epoch 10/50 — train_loss=0.006526, val_loss=0.166266
2026-06-26 00:59:23,472 [INFO] prediction.models.lstm - [LSTM] Early stopping at epoch 20 (val_loss=0.116911)
2026-06-26 00:59:23,473 [INFO] prediction.models.lstm - [LSTM] Training complete.
2026-06-26 00:59:23,481 [INFO] prediction.models.base - [LSTM] Evaluation: MAE=2.6502 | RMSE=3.0918 | MAPE=7.51% | DirAcc=41.63% | R²=-0.1700
2026-06-26 00:59:23,481 [INFO] prediction.training - Training XGBoost on split_1...
2026-06-26 00:59:25,008 [INFO] prediction.models.xgboost_model - [XGBoost] Training complete. Top 5 features: ['close_lag_1', 'cloture', 'close_lag_2', 'plus_haut', 'plus_bas']
2026-06-26 00:59:25,010 [INFO] prediction.models.base - [XGBoost] Evaluation: MAE=3.2136 | RMSE=4.0558 | MAPE=8.98% | DirAcc=36.25% | R²=-0.3728
2026-06-26 00:59:25,010 [INFO] prediction.training - Training Prophet on split_1...
2026-06-26 00:59:25,833 [INFO] prediction.models.prophet_model - [Prophet] Training complete on 1728 rows.
2026-06-26 00:59:25,869 [INFO] prediction.models.base - [Prophet] Evaluation: MAE=10.4775 | RMSE=10.9974 | MAPE=30.58% | DirAcc=38.65% | R²=-9.0934
2026-06-26 00:59:25,869 [INFO] prediction.training - ============================================================
2026-06-26 00:59:25,869 [INFO] prediction.training - Training CV split: split_2
2026-06-26 00:59:25,869 [INFO] prediction.training - ============================================================
2026-06-26 00:59:25,878 [INFO] prediction.etl.transform.silver_to_gold - Gold splits — Train: 1980, Val: 251, Test: 243
2026-06-26 00:59:25,882 [INFO] prediction.training - Training LSTM on split_2...
2026-06-26 00:59:25,895 [INFO] prediction.models.lstm - [LSTM] Training device: cuda (NVIDIA GeForce RTX 4060)
2026-06-26 00:59:26,229 [INFO] prediction.models.lstm - [LSTM] Epoch 10/50 — train_loss=0.005459, val_loss=0.018399
2026-06-26 00:59:26,425 [INFO] prediction.models.lstm - [LSTM] Early stopping at epoch 20 (val_loss=0.015755)
2026-06-26 00:59:26,426 [INFO] prediction.models.lstm - [LSTM] Training complete.
2026-06-26 00:59:26,430 [INFO] prediction.models.base - [LSTM] Evaluation: MAE=1.7700 | RMSE=2.0803 | MAPE=4.32% | DirAcc=45.00% | R²=0.6504
2026-06-26 00:59:26,430 [INFO] prediction.training - Training XGBoost on split_2...
2026-06-26 00:59:27,944 [INFO] prediction.models.xgboost_model - [XGBoost] Training complete. Top 5 features: ['cloture', 'close_lag_1', 'close_lag_2', 'plus_haut', 'sma_5']
2026-06-26 00:59:27,946 [INFO] prediction.models.base - [XGBoost] Evaluation: MAE=2.1947 | RMSE=3.0030 | MAPE=5.20% | DirAcc=42.00% | R²=0.4387
2026-06-26 00:59:27,946 [INFO] prediction.training - Training Prophet on split_2...
2026-06-26 00:59:28,750 [INFO] prediction.models.prophet_model - [Prophet] Training complete on 1980 rows.
2026-06-26 00:59:28,786 [INFO] prediction.models.base - [Prophet] Evaluation: MAE=16.3496 | RMSE=16.7559 | MAPE=41.43% | DirAcc=38.40% | R²=-16.4741
2026-06-26 00:59:28,787 [INFO] prediction.training - ============================================================
2026-06-26 00:59:28,787 [INFO] prediction.training - Training CV split: split_3
2026-06-26 00:59:28,787 [INFO] prediction.training - ============================================================
2026-06-26 00:59:28,796 [INFO] prediction.etl.transform.silver_to_gold - Gold splits — Train: 2231, Val: 243, Test: 0
2026-06-26 00:59:28,801 [INFO] prediction.training - Training LSTM on split_3...
2026-06-26 00:59:28,816 [INFO] prediction.models.lstm - [LSTM] Training device: cuda (NVIDIA GeForce RTX 4060)
2026-06-26 00:59:29,224 [INFO] prediction.models.lstm - [LSTM] Epoch 10/50 — train_loss=0.005417, val_loss=0.006531
2026-06-26 00:59:29,442 [INFO] prediction.models.lstm - [LSTM] Epoch 20/50 — train_loss=0.002726, val_loss=0.004607
2026-06-26 00:59:29,654 [INFO] prediction.models.lstm - [LSTM] Epoch 30/50 — train_loss=0.003535, val_loss=0.004709
2026-06-26 00:59:29,878 [INFO] prediction.models.lstm - [LSTM] Epoch 40/50 — train_loss=0.015509, val_loss=0.012532
2026-06-26 00:59:29,902 [INFO] prediction.models.lstm - [LSTM] Early stopping at epoch 41 (val_loss=0.006999)
2026-06-26 00:59:29,903 [INFO] prediction.models.lstm - [LSTM] Training complete.
2026-06-26 00:59:29,911 [INFO] prediction.models.base - [LSTM] Evaluation: MAE=1.1098 | RMSE=1.3661 | MAPE=2.61% | DirAcc=41.51% | R²=0.8449
2026-06-26 00:59:29,911 [INFO] prediction.training - Training XGBoost on split_3...
2026-06-26 00:59:31,405 [INFO] prediction.models.xgboost_model - [XGBoost] Training complete. Top 5 features: ['cloture', 'close_lag_2', 'close_lag_1', 'plus_haut', 'ouverture']
2026-06-26 00:59:31,407 [INFO] prediction.models.base - [XGBoost] Evaluation: MAE=1.5120 | RMSE=2.2073 | MAPE=3.35% | DirAcc=42.56% | R²=0.6722
2026-06-26 00:59:31,407 [INFO] prediction.training - Training Prophet on split_3...
2026-06-26 00:59:32,160 [INFO] prediction.models.prophet_model - [Prophet] Training complete on 2231 rows.
2026-06-26 00:59:32,196 [INFO] prediction.models.base - [Prophet] Evaluation: MAE=18.8231 | RMSE=19.0492 | MAPE=44.54% | DirAcc=39.67% | R²=-23.4130
2026-06-26 00:59:32,196 [INFO] prediction.training - ============================================================
2026-06-26 00:59:32,196 [INFO] prediction.training - TRAINING SUMMARY (Averaged across CV splits)
2026-06-26 00:59:32,196 [INFO] prediction.training - ============================================================
2026-06-26 00:59:32,196 [INFO] prediction.training - [LSTM] MAE=1.8433 | RMSE=2.1794 | MAPE=4.82% | DirAcc=42.71% | R²=0.4418
2026-06-26 00:59:32,196 [INFO] prediction.training - [XGBoost] MAE=2.3068 | RMSE=3.0887 | MAPE=5.84% | DirAcc=40.27% | R²=0.2460
2026-06-26 00:59:32,196 [INFO] prediction.training - [Prophet] MAE=15.2167 | RMSE=15.6008 | MAPE=38.85% | DirAcc=38.90% | R²=-16.3268
2026-06-26 00:59:32,196 [INFO] prediction.training - ============================================================
2026-06-26 00:59:32,196 [INFO] prediction.training - VOLUME PREDICTION TRAINING
2026-06-26 00:59:32,196 [INFO] prediction.training - ============================================================
2026-06-26 00:59:32,205 [INFO] prediction.etl.transform.silver_to_gold - Gold splits — Train: 1728, Val: 252, Test: 494
2026-06-26 00:59:32,848 [INFO] prediction.models.volume_predictor - [VolumeXGB] Training complete.
2026-06-26 00:59:32,850 [INFO] prediction.models.base - [VolumeXGB] Evaluation: MAE=23260.0105 | RMSE=182580.5475 | MAPE=134.61% | DirAcc=39.84% | R²=-0.0162
2026-06-26 00:59:32,860 [INFO] prediction.etl.transform.silver_to_gold - Gold splits — Train: 1980, Val: 251, Test: 243
2026-06-26 00:59:33,657 [INFO] prediction.models.volume_predictor - [VolumeXGB] Training complete.
2026-06-26 00:59:33,659 [INFO] prediction.models.base - [VolumeXGB] Evaluation: MAE=6598.4972 | RMSE=16846.9751 | MAPE=201.71% | DirAcc=45.60% | R²=-0.0849
2026-06-26 00:59:33,671 [INFO] prediction.etl.transform.silver_to_gold - Gold splits — Train: 2231, Val: 243, Test: 0
2026-06-26 00:59:34,373 [INFO] prediction.models.volume_predictor - [VolumeXGB] Training complete.
2026-06-26 00:59:34,376 [INFO] prediction.models.base - [VolumeXGB] Evaluation: MAE=10885.0850 | RMSE=23342.8868 | MAPE=76.11% | DirAcc=47.93% | R²=-0.1996
2026-06-26 00:59:34,376 [INFO] prediction.training - [VolumeXGB] Avg CV: MAE=13581.1976 | RMSE=74256.8032 | MAPE=137.48% | DirAcc=44.46% | R²=-0.1003
2026-06-26 00:59:34,376 [INFO] prediction.training - ============================================================
2026-06-26 00:59:34,376 [INFO] prediction.training - LIQUIDITY CLASSIFICATION TRAINING
2026-06-26 00:59:34,376 [INFO] prediction.training - ============================================================
2026-06-26 00:59:34,386 [INFO] prediction.etl.transform.silver_to_gold - Gold splits — Train: 1728, Val: 252, Test: 494
2026-06-26 00:59:35,233 [INFO] prediction.models.liquidity_classifier - [LiquidityXGB] Training complete. Class distribution: {'low': 1113, 'medium': 557, 'high': 58}
2026-06-26 00:59:35,236 [INFO] prediction.models.liquidity_classifier - [LiquidityXGB] Accuracy=26.59% (252 samples)
2026-06-26 00:59:35,245 [INFO] prediction.etl.transform.silver_to_gold - Gold splits — Train: 1980, Val: 251, Test: 243
2026-06-26 00:59:36,170 [INFO] prediction.models.liquidity_classifier - [LiquidityXGB] Training complete. Class distribution: {'low': 1178, 'medium': 692, 'high': 110}
2026-06-26 00:59:36,174 [INFO] prediction.models.liquidity_classifier - [LiquidityXGB] Accuracy=61.75% (251 samples)
2026-06-26 00:59:36,184 [INFO] prediction.etl.transform.silver_to_gold - Gold splits — Train: 2231, Val: 243, Test: 0
2026-06-26 00:59:37,182 [INFO] prediction.models.liquidity_classifier - [LiquidityXGB] Training complete. Class distribution: {'low': 1212, 'medium': 855, 'high': 164}
2026-06-26 00:59:37,185 [INFO] prediction.models.liquidity_classifier - [LiquidityXGB] Accuracy=59.26% (243 samples)
2026-06-26 00:59:37,185 [INFO] prediction.training - [LiquidityXGB] Avg CV Accuracy: 49.20%
2026-06-26 00:59:37,187 [INFO] train_all_tickers - [AMEN BANK][LSTM] MAE=1.8433  RMSE=2.1794  MAPE=4.82%  DirAcc=42.71%  R2=0.4418
2026-06-26 00:59:37,187 [INFO] train_all_tickers - [AMEN BANK][XGBoost] MAE=2.3068  RMSE=3.0887  MAPE=5.84%  DirAcc=40.27%  R2=0.2460
2026-06-26 00:59:37,187 [INFO] train_all_tickers - [AMEN BANK][Prophet] MAE=15.2167  RMSE=15.6008  MAPE=38.85%  DirAcc=38.90%  R2=-16.3268
2026-06-26 00:59:37,187 [INFO] train_all_tickers - [AMEN BANK][VolumeXGB] MAE=13581.1976  RMSE=74256.8032  MAPE=137.48%  DirAcc=44.46%  R2=-0.1003
2026-06-26 00:59:37,187 [INFO] train_all_tickers - [AMEN BANK][LiquidityXGB] MAE=0.0000  RMSE=0.0000  MAPE=0.00%  DirAcc=49.20%  R2=0.0000
2026-06-26 00:59:37,191 [INFO] train_all_tickers - ======================================================================
2026-06-26 00:59:37,191 [INFO] train_all_tickers - [19/37] Training ticker: ARTES  (2483 rows)
2026-06-26 00:59:37,191 [INFO] train_all_tickers - ======================================================================
2026-06-26 00:59:37,217 [WARNING] prediction.training - MLflow setup failed. Tracking disabled.
2026-06-26 00:59:37,222 [INFO] prediction.db_sink - Connected to PostgreSQL postgres:5432/fixtrade
2026-06-26 00:59:37,224 [INFO] prediction.db_sink - Database tables verified/created.
2026-06-26 00:59:37,225 [INFO] prediction.training - ============================================================
2026-06-26 00:59:37,225 [INFO] prediction.training - Training CV split: split_1
2026-06-26 00:59:37,225 [INFO] prediction.training - ============================================================
2026-06-26 00:59:37,235 [INFO] prediction.etl.transform.silver_to_gold - Gold splits — Train: 1727, Val: 252, Test: 494
2026-06-26 00:59:37,238 [INFO] prediction.training - Training LSTM on split_1...
2026-06-26 00:59:37,252 [INFO] prediction.models.lstm - [LSTM] Training device: cuda (NVIDIA GeForce RTX 4060)
2026-06-26 00:59:37,697 [INFO] prediction.models.lstm - [LSTM] Epoch 10/50 — train_loss=0.009227, val_loss=0.011321
2026-06-26 00:59:37,881 [INFO] prediction.models.lstm - [LSTM] Epoch 20/50 — train_loss=0.002851, val_loss=0.005288
2026-06-26 00:59:38,057 [INFO] prediction.models.lstm - [LSTM] Epoch 30/50 — train_loss=0.002438, val_loss=0.004651
2026-06-26 00:59:38,194 [INFO] prediction.models.lstm - [LSTM] Early stopping at epoch 37 (val_loss=0.006436)
2026-06-26 00:59:38,195 [INFO] prediction.models.lstm - [LSTM] Training complete.
2026-06-26 00:59:38,200 [INFO] prediction.models.base - [LSTM] Evaluation: MAE=0.2396 | RMSE=0.3454 | MAPE=3.95% | DirAcc=32.13% | R²=0.7007
2026-06-26 00:59:38,200 [INFO] prediction.training - Training XGBoost on split_1...
2026-06-26 00:59:39,952 [INFO] prediction.models.xgboost_model - [XGBoost] Training complete. Top 5 features: ['cloture', 'plus_haut', 'close_lag_1', 'plus_bas', 'close_lag_2']
2026-06-26 00:59:39,954 [INFO] prediction.models.base - [XGBoost] Evaluation: MAE=0.0831 | RMSE=0.1262 | MAPE=1.43% | DirAcc=32.27% | R²=0.9624
2026-06-26 00:59:39,954 [INFO] prediction.training - Training Prophet on split_1...
2026-06-26 00:59:40,604 [INFO] prediction.models.prophet_model - [Prophet] Training complete on 1727 rows.
2026-06-26 00:59:40,642 [INFO] prediction.models.base - [Prophet] Evaluation: MAE=2.0736 | RMSE=2.1529 | MAPE=36.72% | DirAcc=33.07% | R²=-9.9492
2026-06-26 00:59:40,642 [INFO] prediction.training - ============================================================
2026-06-26 00:59:40,642 [INFO] prediction.training - Training CV split: split_2
2026-06-26 00:59:40,642 [INFO] prediction.training - ============================================================
2026-06-26 00:59:40,652 [INFO] prediction.etl.transform.silver_to_gold - Gold splits — Train: 1979, Val: 251, Test: 243
2026-06-26 00:59:40,656 [INFO] prediction.training - Training LSTM on split_2...
2026-06-26 00:59:40,671 [INFO] prediction.models.lstm - [LSTM] Training device: cuda (NVIDIA GeForce RTX 4060)
2026-06-26 00:59:41,020 [INFO] prediction.models.lstm - [LSTM] Epoch 10/50 — train_loss=0.008167, val_loss=0.003045
2026-06-26 00:59:41,216 [INFO] prediction.models.lstm - [LSTM] Epoch 20/50 — train_loss=0.003777, val_loss=0.003276
2026-06-26 00:59:41,335 [INFO] prediction.models.lstm - [LSTM] Early stopping at epoch 26 (val_loss=0.002302)
2026-06-26 00:59:41,335 [INFO] prediction.models.lstm - [LSTM] Training complete.
2026-06-26 00:59:41,340 [INFO] prediction.models.base - [LSTM] Evaluation: MAE=0.1620 | RMSE=0.2295 | MAPE=2.36% | DirAcc=34.55% | R²=0.8423
2026-06-26 00:59:41,340 [INFO] prediction.training - Training XGBoost on split_2...
2026-06-26 00:59:43,070 [INFO] prediction.models.xgboost_model - [XGBoost] Training complete. Top 5 features: ['close_lag_1', 'cloture', 'plus_bas', 'close_lag_2', 'plus_haut']
2026-06-26 00:59:43,073 [INFO] prediction.models.base - [XGBoost] Evaluation: MAE=0.0824 | RMSE=0.1195 | MAPE=1.21% | DirAcc=41.60% | R²=0.9543
2026-06-26 00:59:43,073 [INFO] prediction.training - Training Prophet on split_2...
2026-06-26 00:59:43,840 [INFO] prediction.models.prophet_model - [Prophet] Training complete on 1979 rows.
2026-06-26 00:59:44,021 [INFO] prediction.models.base - [Prophet] Evaluation: MAE=1.1418 | RMSE=1.2514 | MAPE=17.21% | DirAcc=36.00% | R²=-4.0105
2026-06-26 00:59:44,022 [INFO] prediction.training - ============================================================
2026-06-26 00:59:44,022 [INFO] prediction.training - Training CV split: split_3
2026-06-26 00:59:44,022 [INFO] prediction.training - ============================================================
2026-06-26 00:59:44,033 [INFO] prediction.etl.transform.silver_to_gold - Gold splits — Train: 2230, Val: 243, Test: 0
2026-06-26 00:59:44,039 [INFO] prediction.training - Training LSTM on split_3...
2026-06-26 00:59:44,055 [INFO] prediction.models.lstm - [LSTM] Training device: cuda (NVIDIA GeForce RTX 4060)
2026-06-26 00:59:44,438 [INFO] prediction.models.lstm - [LSTM] Early stopping at epoch 9 (val_loss=0.609317)
2026-06-26 00:59:44,439 [INFO] prediction.models.lstm - [LSTM] Training complete.
2026-06-26 00:59:44,446 [INFO] prediction.models.base - [LSTM] Evaluation: MAE=2.9777 | RMSE=3.0592 | MAPE=26.79% | DirAcc=44.34% | R²=-15.2519
2026-06-26 00:59:44,446 [INFO] prediction.training - Training XGBoost on split_3...
2026-06-26 00:59:46,222 [INFO] prediction.models.xgboost_model - [XGBoost] Training complete. Top 5 features: ['close_lag_1', 'cloture', 'plus_haut', 'plus_bas', 'close_lag_2']
2026-06-26 00:59:46,224 [INFO] prediction.models.base - [XGBoost] Evaluation: MAE=2.1809 | RMSE=2.3449 | MAPE=19.61% | DirAcc=42.15% | R²=-6.1225
2026-06-26 00:59:46,224 [INFO] prediction.training - Training Prophet on split_3...
2026-06-26 00:59:47,313 [INFO] prediction.models.prophet_model - [Prophet] Training complete on 2230 rows.
2026-06-26 00:59:47,354 [INFO] prediction.models.base - [Prophet] Evaluation: MAE=2.7139 | RMSE=2.7880 | MAPE=24.86% | DirAcc=46.28% | R²=-9.0691
2026-06-26 00:59:47,354 [INFO] prediction.training - ============================================================
2026-06-26 00:59:47,354 [INFO] prediction.training - TRAINING SUMMARY (Averaged across CV splits)
2026-06-26 00:59:47,354 [INFO] prediction.training - ============================================================
2026-06-26 00:59:47,354 [INFO] prediction.training - [LSTM] MAE=1.1264 | RMSE=1.2114 | MAPE=11.03% | DirAcc=37.00% | R²=-4.5696
2026-06-26 00:59:47,354 [INFO] prediction.training - [XGBoost] MAE=0.7821 | RMSE=0.8635 | MAPE=7.41% | DirAcc=38.67% | R²=-1.4019
2026-06-26 00:59:47,354 [INFO] prediction.training - [Prophet] MAE=1.9764 | RMSE=2.0641 | MAPE=26.26% | DirAcc=38.45% | R²=-7.6763
2026-06-26 00:59:47,354 [INFO] prediction.training - ============================================================
2026-06-26 00:59:47,354 [INFO] prediction.training - VOLUME PREDICTION TRAINING
2026-06-26 00:59:47,354 [INFO] prediction.training - ============================================================
2026-06-26 00:59:47,364 [INFO] prediction.etl.transform.silver_to_gold - Gold splits — Train: 1727, Val: 252, Test: 494
2026-06-26 00:59:48,118 [INFO] prediction.models.volume_predictor - [VolumeXGB] Training complete.
2026-06-26 00:59:48,121 [INFO] prediction.models.base - [VolumeXGB] Evaluation: MAE=3637.9484 | RMSE=9496.1248 | MAPE=1140.24% | DirAcc=46.61% | R²=-0.0471
2026-06-26 00:59:48,131 [INFO] prediction.etl.transform.silver_to_gold - Gold splits — Train: 1979, Val: 251, Test: 243
2026-06-26 00:59:48,936 [INFO] prediction.models.volume_predictor - [VolumeXGB] Training complete.
2026-06-26 00:59:48,938 [INFO] prediction.models.base - [VolumeXGB] Evaluation: MAE=22635.1877 | RMSE=226601.2129 | MAPE=1748.23% | DirAcc=48.40% | R²=-0.0091
2026-06-26 00:59:48,950 [INFO] prediction.etl.transform.silver_to_gold - Gold splits — Train: 2230, Val: 243, Test: 0
2026-06-26 00:59:49,737 [INFO] prediction.models.volume_predictor - [VolumeXGB] Training complete.
2026-06-26 00:59:49,740 [INFO] prediction.models.base - [VolumeXGB] Evaluation: MAE=22737.1043 | RMSE=224272.9462 | MAPE=329.10% | DirAcc=48.76% | R²=-0.0105
2026-06-26 00:59:49,740 [INFO] prediction.training - [VolumeXGB] Avg CV: MAE=16336.7468 | RMSE=153456.7613 | MAPE=1072.52% | DirAcc=47.92% | R²=-0.0222
2026-06-26 00:59:49,741 [INFO] prediction.training - ============================================================
2026-06-26 00:59:49,741 [INFO] prediction.training - LIQUIDITY CLASSIFICATION TRAINING
2026-06-26 00:59:49,741 [INFO] prediction.training - ============================================================
2026-06-26 00:59:49,754 [INFO] prediction.etl.transform.silver_to_gold - Gold splits — Train: 1727, Val: 252, Test: 494
2026-06-26 00:59:50,687 [INFO] prediction.models.liquidity_classifier - [LiquidityXGB] Training complete. Class distribution: {'low': 438, 'medium': 948, 'high': 341}
2026-06-26 00:59:50,690 [INFO] prediction.models.liquidity_classifier - [LiquidityXGB] Accuracy=57.94% (252 samples)
2026-06-26 00:59:50,700 [INFO] prediction.etl.transform.silver_to_gold - Gold splits — Train: 1979, Val: 251, Test: 243
2026-06-26 00:59:51,643 [INFO] prediction.models.liquidity_classifier - [LiquidityXGB] Training complete. Class distribution: {'low': 508, 'medium': 1105, 'high': 366}
2026-06-26 00:59:51,646 [INFO] prediction.models.liquidity_classifier - [LiquidityXGB] Accuracy=58.57% (251 samples)
2026-06-26 00:59:51,660 [INFO] prediction.etl.transform.silver_to_gold - Gold splits — Train: 2230, Val: 243, Test: 0
2026-06-26 00:59:52,677 [INFO] prediction.models.liquidity_classifier - [LiquidityXGB] Training complete. Class distribution: {'low': 581, 'medium': 1253, 'high': 396}
2026-06-26 00:59:52,679 [INFO] prediction.models.liquidity_classifier - [LiquidityXGB] Accuracy=58.85% (243 samples)
2026-06-26 00:59:52,680 [INFO] prediction.training - [LiquidityXGB] Avg CV Accuracy: 58.45%
2026-06-26 00:59:52,681 [INFO] train_all_tickers - [ARTES][LSTM] MAE=1.1264  RMSE=1.2114  MAPE=11.03%  DirAcc=37.00%  R2=-4.5696
2026-06-26 00:59:52,681 [INFO] train_all_tickers - [ARTES][XGBoost] MAE=0.7821  RMSE=0.8635  MAPE=7.41%  DirAcc=38.67%  R2=-1.4019
2026-06-26 00:59:52,681 [INFO] train_all_tickers - [ARTES][Prophet] MAE=1.9764  RMSE=2.0641  MAPE=26.26%  DirAcc=38.45%  R2=-7.6763
2026-06-26 00:59:52,681 [INFO] train_all_tickers - [ARTES][VolumeXGB] MAE=16336.7468  RMSE=153456.7613  MAPE=1072.52%  DirAcc=47.92%  R2=-0.0222
2026-06-26 00:59:52,681 [INFO] train_all_tickers - [ARTES][LiquidityXGB] MAE=0.0000  RMSE=0.0000  MAPE=0.00%  DirAcc=58.45%  R2=0.0000
2026-06-26 00:59:52,685 [INFO] train_all_tickers - ======================================================================
2026-06-26 00:59:52,685 [INFO] train_all_tickers - [20/37] Training ticker: SOTIPAPIER  (2479 rows)
2026-06-26 00:59:52,685 [INFO] train_all_tickers - ======================================================================
2026-06-26 00:59:52,709 [WARNING] prediction.training - MLflow setup failed. Tracking disabled.
2026-06-26 00:59:52,713 [INFO] prediction.db_sink - Connected to PostgreSQL postgres:5432/fixtrade
2026-06-26 00:59:52,715 [INFO] prediction.db_sink - Database tables verified/created.
2026-06-26 00:59:52,716 [INFO] prediction.training - ============================================================
2026-06-26 00:59:52,716 [INFO] prediction.training - Training CV split: split_1
2026-06-26 00:59:52,716 [INFO] prediction.training - ============================================================
2026-06-26 00:59:52,724 [INFO] prediction.etl.transform.silver_to_gold - Gold splits — Train: 1723, Val: 252, Test: 494
2026-06-26 00:59:52,729 [INFO] prediction.training - Training LSTM on split_1...
2026-06-26 00:59:52,743 [INFO] prediction.models.lstm - [LSTM] Training device: cuda (NVIDIA GeForce RTX 4060)
2026-06-26 00:59:53,262 [INFO] prediction.models.lstm - [LSTM] Early stopping at epoch 9 (val_loss=0.041891)
2026-06-26 00:59:53,263 [INFO] prediction.models.lstm - [LSTM] Training complete.
2026-06-26 00:59:53,267 [INFO] prediction.models.base - [LSTM] Evaluation: MAE=0.7836 | RMSE=0.8749 | MAPE=12.08% | DirAcc=38.46% | R²=0.0693
2026-06-26 00:59:53,267 [INFO] prediction.training - Training XGBoost on split_1...
2026-06-26 00:59:55,122 [INFO] prediction.models.xgboost_model - [XGBoost] Training complete. Top 5 features: ['close_lag_1', 'cloture', 'plus_bas', 'close_lag_2', 'plus_haut']
2026-06-26 00:59:55,125 [INFO] prediction.models.base - [XGBoost] Evaluation: MAE=0.1667 | RMSE=0.2442 | MAPE=2.44% | DirAcc=38.65% | R²=0.9183
2026-06-26 00:59:55,125 [INFO] prediction.training - Training Prophet on split_1...
2026-06-26 00:59:55,867 [INFO] prediction.models.prophet_model - [Prophet] Training complete on 1723 rows.
2026-06-26 00:59:55,905 [INFO] prediction.models.base - [Prophet] Evaluation: MAE=2.6047 | RMSE=2.6990 | MAPE=40.01% | DirAcc=39.44% | R²=-8.9809
2026-06-26 00:59:55,906 [INFO] prediction.training - ============================================================
2026-06-26 00:59:55,906 [INFO] prediction.training - Training CV split: split_2
2026-06-26 00:59:55,906 [INFO] prediction.training - ============================================================
2026-06-26 00:59:55,915 [INFO] prediction.etl.transform.silver_to_gold - Gold splits — Train: 1975, Val: 251, Test: 243
2026-06-26 00:59:55,920 [INFO] prediction.training - Training LSTM on split_2...
2026-06-26 00:59:55,936 [INFO] prediction.models.lstm - [LSTM] Training device: cuda (NVIDIA GeForce RTX 4060)
2026-06-26 00:59:56,373 [INFO] prediction.models.lstm - [LSTM] Epoch 10/50 — train_loss=0.010558, val_loss=0.006295
2026-06-26 00:59:56,421 [INFO] prediction.models.lstm - [LSTM] Early stopping at epoch 12 (val_loss=0.010590)
2026-06-26 00:59:56,422 [INFO] prediction.models.lstm - [LSTM] Training complete.
2026-06-26 00:59:56,426 [INFO] prediction.models.base - [LSTM] Evaluation: MAE=0.2976 | RMSE=0.3199 | MAPE=6.08% | DirAcc=35.00% | R²=0.3692
2026-06-26 00:59:56,427 [INFO] prediction.training - Training XGBoost on split_2...
2026-06-26 00:59:58,102 [INFO] prediction.models.xgboost_model - [XGBoost] Training complete. Top 5 features: ['cloture', 'close_lag_1', 'sma_5', 'ouverture', 'close_lag_2']
2026-06-26 00:59:58,105 [INFO] prediction.models.base - [XGBoost] Evaluation: MAE=0.0747 | RMSE=0.0928 | MAPE=1.53% | DirAcc=36.00% | R²=0.9407
2026-06-26 00:59:58,105 [INFO] prediction.training - Training Prophet on split_2...
2026-06-26 00:59:58,603 [INFO] prediction.models.prophet_model - [Prophet] Training complete on 1975 rows.
2026-06-26 00:59:58,640 [INFO] prediction.models.base - [Prophet] Evaluation: MAE=1.0632 | RMSE=1.1205 | MAPE=21.19% | DirAcc=34.40% | R²=-7.6377
2026-06-26 00:59:58,640 [INFO] prediction.training - ============================================================
2026-06-26 00:59:58,640 [INFO] prediction.training - Training CV split: split_3
2026-06-26 00:59:58,640 [INFO] prediction.training - ============================================================
2026-06-26 00:59:58,649 [INFO] prediction.etl.transform.silver_to_gold - Gold splits — Train: 2226, Val: 243, Test: 0
2026-06-26 00:59:58,653 [INFO] prediction.training - Training LSTM on split_3...
2026-06-26 00:59:58,669 [INFO] prediction.models.lstm - [LSTM] Training device: cuda (NVIDIA GeForce RTX 4060)
2026-06-26 00:59:59,046 [INFO] prediction.models.lstm - [LSTM] Epoch 10/50 — train_loss=0.009844, val_loss=0.005915
2026-06-26 00:59:59,264 [INFO] prediction.models.lstm - [LSTM] Epoch 20/50 — train_loss=0.004189, val_loss=0.002803
2026-06-26 00:59:59,307 [INFO] prediction.models.lstm - [LSTM] Early stopping at epoch 22 (val_loss=0.004745)
2026-06-26 00:59:59,308 [INFO] prediction.models.lstm - [LSTM] Training complete.
2026-06-26 00:59:59,317 [INFO] prediction.models.base - [LSTM] Evaluation: MAE=0.1469 | RMSE=0.1923 | MAPE=4.33% | DirAcc=40.57% | R²=0.8841
2026-06-26 00:59:59,317 [INFO] prediction.training - Training XGBoost on split_3...
2026-06-26 01:00:00,946 [INFO] prediction.models.xgboost_model - [XGBoost] Training complete. Top 5 features: ['cloture', 'close_lag_2', 'close_lag_1', 'ouverture', 'plus_haut']
2026-06-26 01:00:00,948 [INFO] prediction.models.base - [XGBoost] Evaluation: MAE=0.1317 | RMSE=0.1898 | MAPE=4.14% | DirAcc=40.50% | R²=0.9211
2026-06-26 01:00:00,948 [INFO] prediction.training - Training Prophet on split_3...
2026-06-26 01:00:01,661 [INFO] prediction.models.prophet_model - [Prophet] Training complete on 2226 rows.
2026-06-26 01:00:01,696 [INFO] prediction.models.base - [Prophet] Evaluation: MAE=0.5720 | RMSE=0.6704 | MAPE=15.55% | DirAcc=38.84% | R²=0.0153
2026-06-26 01:00:01,696 [INFO] prediction.training - ============================================================
2026-06-26 01:00:01,696 [INFO] prediction.training - TRAINING SUMMARY (Averaged across CV splits)
2026-06-26 01:00:01,696 [INFO] prediction.training - ============================================================
2026-06-26 01:00:01,696 [INFO] prediction.training - [LSTM] MAE=0.4094 | RMSE=0.4624 | MAPE=7.50% | DirAcc=38.01% | R²=0.4409
2026-06-26 01:00:01,696 [INFO] prediction.training - [XGBoost] MAE=0.1244 | RMSE=0.1756 | MAPE=2.70% | DirAcc=38.38% | R²=0.9267
2026-06-26 01:00:01,696 [INFO] prediction.training - [Prophet] MAE=1.4133 | RMSE=1.4966 | MAPE=25.58% | DirAcc=37.56% | R²=-5.5345
2026-06-26 01:00:01,696 [INFO] prediction.training - ============================================================
2026-06-26 01:00:01,696 [INFO] prediction.training - VOLUME PREDICTION TRAINING
2026-06-26 01:00:01,696 [INFO] prediction.training - ============================================================
2026-06-26 01:00:01,705 [INFO] prediction.etl.transform.silver_to_gold - Gold splits — Train: 1723, Val: 252, Test: 494
2026-06-26 01:00:02,387 [INFO] prediction.models.volume_predictor - [VolumeXGB] Training complete.
2026-06-26 01:00:02,389 [INFO] prediction.models.base - [VolumeXGB] Evaluation: MAE=108268.9117 | RMSE=1020233.6770 | MAPE=2997.82% | DirAcc=49.40% | R²=-0.0098
2026-06-26 01:00:02,400 [INFO] prediction.etl.transform.silver_to_gold - Gold splits — Train: 1975, Val: 251, Test: 243
2026-06-26 01:00:03,093 [INFO] prediction.models.volume_predictor - [VolumeXGB] Training complete.
2026-06-26 01:00:03,097 [INFO] prediction.models.base - [VolumeXGB] Evaluation: MAE=6352.0614 | RMSE=12827.4888 | MAPE=1253.18% | DirAcc=48.00% | R²=-0.1663
2026-06-26 01:00:03,107 [INFO] prediction.etl.transform.silver_to_gold - Gold splits — Train: 2226, Val: 243, Test: 0
2026-06-26 01:00:03,827 [INFO] prediction.models.volume_predictor - [VolumeXGB] Training complete.
2026-06-26 01:00:03,830 [INFO] prediction.models.base - [VolumeXGB] Evaluation: MAE=5590.5173 | RMSE=9544.7056 | MAPE=247.50% | DirAcc=50.00% | R²=-0.2586
2026-06-26 01:00:03,830 [INFO] prediction.training - [VolumeXGB] Avg CV: MAE=40070.4968 | RMSE=347535.2905 | MAPE=1499.50% | DirAcc=49.13% | R²=-0.1449
2026-06-26 01:00:03,830 [INFO] prediction.training - ============================================================
2026-06-26 01:00:03,830 [INFO] prediction.training - LIQUIDITY CLASSIFICATION TRAINING
2026-06-26 01:00:03,830 [INFO] prediction.training - ============================================================
2026-06-26 01:00:03,840 [INFO] prediction.etl.transform.silver_to_gold - Gold splits — Train: 1723, Val: 252, Test: 494
2026-06-26 01:00:04,827 [INFO] prediction.models.liquidity_classifier - [LiquidityXGB] Training complete. Class distribution: {'low': 234, 'medium': 798, 'high': 691}
2026-06-26 01:00:04,830 [INFO] prediction.models.liquidity_classifier - [LiquidityXGB] Accuracy=48.41% (252 samples)
2026-06-26 01:00:04,838 [INFO] prediction.etl.transform.silver_to_gold - Gold splits — Train: 1975, Val: 251, Test: 243
2026-06-26 01:00:05,736 [INFO] prediction.models.liquidity_classifier - [LiquidityXGB] Training complete. Class distribution: {'low': 294, 'medium': 917, 'high': 764}
2026-06-26 01:00:05,739 [INFO] prediction.models.liquidity_classifier - [LiquidityXGB] Accuracy=53.39% (251 samples)
2026-06-26 01:00:05,750 [INFO] prediction.etl.transform.silver_to_gold - Gold splits — Train: 2226, Val: 243, Test: 0
2026-06-26 01:00:06,683 [INFO] prediction.models.liquidity_classifier - [LiquidityXGB] Training complete. Class distribution: {'low': 350, 'medium': 1050, 'high': 826}
2026-06-26 01:00:06,686 [INFO] prediction.models.liquidity_classifier - [LiquidityXGB] Accuracy=61.73% (243 samples)
2026-06-26 01:00:06,686 [INFO] prediction.training - [LiquidityXGB] Avg CV Accuracy: 54.51%
2026-06-26 01:00:06,688 [INFO] train_all_tickers - [SOTIPAPIER][LSTM] MAE=0.4094  RMSE=0.4624  MAPE=7.50%  DirAcc=38.01%  R2=0.4409
2026-06-26 01:00:06,688 [INFO] train_all_tickers - [SOTIPAPIER][XGBoost] MAE=0.1244  RMSE=0.1756  MAPE=2.70%  DirAcc=38.38%  R2=0.9267
2026-06-26 01:00:06,688 [INFO] train_all_tickers - [SOTIPAPIER][Prophet] MAE=1.4133  RMSE=1.4966  MAPE=25.58%  DirAcc=37.56%  R2=-5.5345
2026-06-26 01:00:06,688 [INFO] train_all_tickers - [SOTIPAPIER][VolumeXGB] MAE=40070.4968  RMSE=347535.2905  MAPE=1499.50%  DirAcc=49.13%  R2=-0.1449
2026-06-26 01:00:06,688 [INFO] train_all_tickers - [SOTIPAPIER][LiquidityXGB] MAE=0.0000  RMSE=0.0000  MAPE=0.00%  DirAcc=54.51%  R2=0.0000
2026-06-26 01:00:06,696 [INFO] train_all_tickers - ======================================================================
2026-06-26 01:00:06,696 [INFO] train_all_tickers - [21/37] Training ticker: MONOPRIX  (2477 rows)
2026-06-26 01:00:06,696 [INFO] train_all_tickers - ======================================================================
2026-06-26 01:00:06,721 [WARNING] prediction.training - MLflow setup failed. Tracking disabled.
2026-06-26 01:00:06,725 [INFO] prediction.db_sink - Connected to PostgreSQL postgres:5432/fixtrade
2026-06-26 01:00:06,728 [INFO] prediction.db_sink - Database tables verified/created.
2026-06-26 01:00:06,728 [INFO] prediction.training - ============================================================
2026-06-26 01:00:06,728 [INFO] prediction.training - Training CV split: split_1
2026-06-26 01:00:06,728 [INFO] prediction.training - ============================================================
2026-06-26 01:00:06,738 [INFO] prediction.etl.transform.silver_to_gold - Gold splits — Train: 1721, Val: 252, Test: 494
2026-06-26 01:00:06,741 [INFO] prediction.training - Training LSTM on split_1...
2026-06-26 01:00:06,756 [INFO] prediction.models.lstm - [LSTM] Training device: cuda (NVIDIA GeForce RTX 4060)
2026-06-26 01:00:07,296 [INFO] prediction.models.lstm - [LSTM] Epoch 10/50 — train_loss=0.006486, val_loss=0.007640
2026-06-26 01:00:07,325 [INFO] prediction.models.lstm - [LSTM] Early stopping at epoch 11 (val_loss=0.010516)
2026-06-26 01:00:07,326 [INFO] prediction.models.lstm - [LSTM] Training complete.
2026-06-26 01:00:07,331 [INFO] prediction.models.base - [LSTM] Evaluation: MAE=0.2516 | RMSE=0.3269 | MAPE=4.49% | DirAcc=17.65% | R²=0.1560
2026-06-26 01:00:07,332 [INFO] prediction.training - Training XGBoost on split_1...
2026-06-26 01:00:08,905 [INFO] prediction.models.xgboost_model - [XGBoost] Training complete. Top 5 features: ['close_lag_1', 'cloture', 'ema_12', 'sma_200', 'close_lag_2']
2026-06-26 01:00:08,907 [INFO] prediction.models.base - [XGBoost] Evaluation: MAE=0.0956 | RMSE=0.1251 | MAPE=1.70% | DirAcc=17.93% | R²=0.8946
2026-06-26 01:00:08,908 [INFO] prediction.training - Training Prophet on split_1...
2026-06-26 01:00:09,594 [INFO] prediction.models.prophet_model - [Prophet] Training complete on 1721 rows.
2026-06-26 01:00:09,628 [INFO] prediction.models.base - [Prophet] Evaluation: MAE=6.0631 | RMSE=6.1907 | MAPE=106.34% | DirAcc=22.71% | R²=-256.8366
2026-06-26 01:00:09,628 [INFO] prediction.training - ============================================================
2026-06-26 01:00:09,628 [INFO] prediction.training - Training CV split: split_2
2026-06-26 01:00:09,628 [INFO] prediction.training - ============================================================
2026-06-26 01:00:09,638 [INFO] prediction.etl.transform.silver_to_gold - Gold splits — Train: 1973, Val: 251, Test: 243
2026-06-26 01:00:09,642 [INFO] prediction.training - Training LSTM on split_2...
2026-06-26 01:00:09,655 [INFO] prediction.models.lstm - [LSTM] Training device: cuda (NVIDIA GeForce RTX 4060)
2026-06-26 01:00:10,010 [INFO] prediction.models.lstm - [LSTM] Epoch 10/50 — train_loss=0.009425, val_loss=0.011221
2026-06-26 01:00:10,198 [INFO] prediction.models.lstm - [LSTM] Epoch 20/50 — train_loss=0.002811, val_loss=0.004461
2026-06-26 01:00:10,236 [INFO] prediction.models.lstm - [LSTM] Early stopping at epoch 22 (val_loss=0.005035)
2026-06-26 01:00:10,237 [INFO] prediction.models.lstm - [LSTM] Training complete.
2026-06-26 01:00:10,241 [INFO] prediction.models.base - [LSTM] Evaluation: MAE=0.2438 | RMSE=0.2831 | MAPE=5.85% | DirAcc=25.45% | R²=0.5676
2026-06-26 01:00:10,241 [INFO] prediction.training - Training XGBoost on split_2...
2026-06-26 01:00:11,740 [INFO] prediction.models.xgboost_model - [XGBoost] Training complete. Top 5 features: ['close_lag_1', 'cloture', 'ema_12', 'sma_50', 'sma_200']
2026-06-26 01:00:11,743 [INFO] prediction.models.base - [XGBoost] Evaluation: MAE=0.2603 | RMSE=0.3256 | MAPE=6.54% | DirAcc=19.60% | R²=0.5239
2026-06-26 01:00:11,743 [INFO] prediction.training - Training Prophet on split_2...
2026-06-26 01:00:12,511 [INFO] prediction.models.prophet_model - [Prophet] Training complete on 1973 rows.
2026-06-26 01:00:12,547 [INFO] prediction.models.base - [Prophet] Evaluation: MAE=7.3507 | RMSE=7.4309 | MAPE=170.34% | DirAcc=26.40% | R²=-247.0476
2026-06-26 01:00:12,547 [INFO] prediction.training - ============================================================
2026-06-26 01:00:12,547 [INFO] prediction.training - Training CV split: split_3
2026-06-26 01:00:12,547 [INFO] prediction.training - ============================================================
2026-06-26 01:00:12,556 [INFO] prediction.etl.transform.silver_to_gold - Gold splits — Train: 2224, Val: 243, Test: 0
2026-06-26 01:00:12,560 [INFO] prediction.training - Training LSTM on split_3...
2026-06-26 01:00:12,582 [INFO] prediction.models.lstm - [LSTM] Training device: cuda (NVIDIA GeForce RTX 4060)
2026-06-26 01:00:12,980 [INFO] prediction.models.lstm - [LSTM] Epoch 10/50 — train_loss=0.005749, val_loss=0.009252
2026-06-26 01:00:13,190 [INFO] prediction.models.lstm - [LSTM] Epoch 20/50 — train_loss=0.002851, val_loss=0.001697
2026-06-26 01:00:13,312 [INFO] prediction.models.lstm - [LSTM] Early stopping at epoch 26 (val_loss=0.001543)
2026-06-26 01:00:13,313 [INFO] prediction.models.lstm - [LSTM] Training complete.
2026-06-26 01:00:13,322 [INFO] prediction.models.base - [LSTM] Evaluation: MAE=0.2863 | RMSE=0.3579 | MAPE=6.20% | DirAcc=24.53% | R²=0.8925
2026-06-26 01:00:13,322 [INFO] prediction.training - Training XGBoost on split_3...
2026-06-26 01:00:14,954 [INFO] prediction.models.xgboost_model - [XGBoost] Training complete. Top 5 features: ['close_lag_1', 'cloture', 'ema_12', 'close_lag_2', 'sma_5']
2026-06-26 01:00:14,956 [INFO] prediction.models.base - [XGBoost] Evaluation: MAE=0.1341 | RMSE=0.1793 | MAPE=3.18% | DirAcc=28.93% | R²=0.9773
2026-06-26 01:00:14,956 [INFO] prediction.training - Training Prophet on split_3...
2026-06-26 01:00:15,907 [INFO] prediction.models.prophet_model - [Prophet] Training complete on 2224 rows.
2026-06-26 01:00:15,942 [INFO] prediction.models.base - [Prophet] Evaluation: MAE=6.9748 | RMSE=7.4546 | MAPE=158.33% | DirAcc=28.10% | R²=-38.2988
2026-06-26 01:00:15,942 [INFO] prediction.training - ============================================================
2026-06-26 01:00:15,942 [INFO] prediction.training - TRAINING SUMMARY (Averaged across CV splits)
2026-06-26 01:00:15,942 [INFO] prediction.training - ============================================================
2026-06-26 01:00:15,942 [INFO] prediction.training - [LSTM] MAE=0.2606 | RMSE=0.3226 | MAPE=5.51% | DirAcc=22.54% | R²=0.5387
2026-06-26 01:00:15,943 [INFO] prediction.training - [XGBoost] MAE=0.1633 | RMSE=0.2100 | MAPE=3.81% | DirAcc=22.15% | R²=0.7986
2026-06-26 01:00:15,943 [INFO] prediction.training - [Prophet] MAE=6.7962 | RMSE=7.0254 | MAPE=145.00% | DirAcc=25.74% | R²=-180.7277
2026-06-26 01:00:15,943 [INFO] prediction.training - ============================================================
2026-06-26 01:00:15,943 [INFO] prediction.training - VOLUME PREDICTION TRAINING
2026-06-26 01:00:15,943 [INFO] prediction.training - ============================================================
2026-06-26 01:00:15,952 [INFO] prediction.etl.transform.silver_to_gold - Gold splits — Train: 1721, Val: 252, Test: 494
2026-06-26 01:00:16,649 [INFO] prediction.models.volume_predictor - [VolumeXGB] Training complete.
2026-06-26 01:00:16,651 [INFO] prediction.models.base - [VolumeXGB] Evaluation: MAE=1215.9894 | RMSE=3850.5326 | MAPE=1047.46% | DirAcc=37.05% | R²=-0.0576
2026-06-26 01:00:16,661 [INFO] prediction.etl.transform.silver_to_gold - Gold splits — Train: 1973, Val: 251, Test: 243
2026-06-26 01:00:17,377 [INFO] prediction.models.volume_predictor - [VolumeXGB] Training complete.
2026-06-26 01:00:17,380 [INFO] prediction.models.base - [VolumeXGB] Evaluation: MAE=697.7319 | RMSE=1813.2838 | MAPE=3093.76% | DirAcc=40.00% | R²=-0.0616
2026-06-26 01:00:17,390 [INFO] prediction.etl.transform.silver_to_gold - Gold splits — Train: 2224, Val: 243, Test: 0
2026-06-26 01:00:18,128 [INFO] prediction.models.volume_predictor - [VolumeXGB] Training complete.
2026-06-26 01:00:18,131 [INFO] prediction.models.base - [VolumeXGB] Evaluation: MAE=2042.9858 | RMSE=8030.1837 | MAPE=172.43% | DirAcc=40.50% | R²=-0.0648
2026-06-26 01:00:18,131 [INFO] prediction.training - [VolumeXGB] Avg CV: MAE=1318.9024 | RMSE=4564.6667 | MAPE=1437.88% | DirAcc=39.18% | R²=-0.0613
2026-06-26 01:00:18,131 [INFO] prediction.training - ============================================================
2026-06-26 01:00:18,131 [INFO] prediction.training - LIQUIDITY CLASSIFICATION TRAINING
2026-06-26 01:00:18,131 [INFO] prediction.training - ============================================================
2026-06-26 01:00:18,141 [INFO] prediction.etl.transform.silver_to_gold - Gold splits — Train: 1721, Val: 252, Test: 494
2026-06-26 01:00:19,052 [INFO] prediction.models.liquidity_classifier - [LiquidityXGB] Training complete. Class distribution: {'low': 756, 'medium': 831, 'high': 134}
2026-06-26 01:00:19,055 [INFO] prediction.models.liquidity_classifier - [LiquidityXGB] Accuracy=55.16% (252 samples)
2026-06-26 01:00:19,064 [INFO] prediction.etl.transform.silver_to_gold - Gold splits — Train: 1973, Val: 251, Test: 243
2026-06-26 01:00:19,951 [INFO] prediction.models.liquidity_classifier - [LiquidityXGB] Training complete. Class distribution: {'low': 954, 'medium': 881, 'high': 138}
2026-06-26 01:00:19,954 [INFO] prediction.models.liquidity_classifier - [LiquidityXGB] Accuracy=73.71% (251 samples)
2026-06-26 01:00:19,963 [INFO] prediction.etl.transform.silver_to_gold - Gold splits — Train: 2224, Val: 243, Test: 0
2026-06-26 01:00:20,852 [INFO] prediction.models.liquidity_classifier - [LiquidityXGB] Training complete. Class distribution: {'low': 1155, 'medium': 929, 'high': 140}
2026-06-26 01:00:20,855 [INFO] prediction.models.liquidity_classifier - [LiquidityXGB] Accuracy=66.67% (243 samples)
2026-06-26 01:00:20,855 [INFO] prediction.training - [LiquidityXGB] Avg CV Accuracy: 65.18%
2026-06-26 01:00:20,856 [INFO] train_all_tickers - [MONOPRIX][LSTM] MAE=0.2606  RMSE=0.3226  MAPE=5.51%  DirAcc=22.54%  R2=0.5387
2026-06-26 01:00:20,857 [INFO] train_all_tickers - [MONOPRIX][XGBoost] MAE=0.1633  RMSE=0.2100  MAPE=3.81%  DirAcc=22.15%  R2=0.7986
2026-06-26 01:00:20,857 [INFO] train_all_tickers - [MONOPRIX][Prophet] MAE=6.7962  RMSE=7.0254  MAPE=145.00%  DirAcc=25.74%  R2=-180.7277
2026-06-26 01:00:20,857 [INFO] train_all_tickers - [MONOPRIX][VolumeXGB] MAE=1318.9024  RMSE=4564.6667  MAPE=1437.88%  DirAcc=39.18%  R2=-0.0613
2026-06-26 01:00:20,857 [INFO] train_all_tickers - [MONOPRIX][LiquidityXGB] MAE=0.0000  RMSE=0.0000  MAPE=0.00%  DirAcc=65.18%  R2=0.0000
2026-06-26 01:00:20,864 [INFO] train_all_tickers - ======================================================================
2026-06-26 01:00:20,864 [INFO] train_all_tickers - [22/37] Training ticker: POULINA GP HOLDING  (2475 rows)
2026-06-26 01:00:20,864 [INFO] train_all_tickers - ======================================================================
2026-06-26 01:00:20,889 [WARNING] prediction.training - MLflow setup failed. Tracking disabled.
2026-06-26 01:00:20,892 [INFO] prediction.db_sink - Connected to PostgreSQL postgres:5432/fixtrade
2026-06-26 01:00:20,895 [INFO] prediction.db_sink - Database tables verified/created.
2026-06-26 01:00:20,895 [INFO] prediction.training - ============================================================
2026-06-26 01:00:20,895 [INFO] prediction.training - Training CV split: split_1
2026-06-26 01:00:20,895 [INFO] prediction.training - ============================================================
2026-06-26 01:00:20,908 [INFO] prediction.etl.transform.silver_to_gold - Gold splits — Train: 1719, Val: 252, Test: 494
2026-06-26 01:00:20,915 [INFO] prediction.training - Training LSTM on split_1...
2026-06-26 01:00:20,931 [INFO] prediction.models.lstm - [LSTM] Training device: cuda (NVIDIA GeForce RTX 4060)
2026-06-26 01:00:21,465 [INFO] prediction.models.lstm - [LSTM] Epoch 10/50 — train_loss=0.007809, val_loss=0.015718
2026-06-26 01:00:21,654 [INFO] prediction.models.lstm - [LSTM] Epoch 20/50 — train_loss=0.002975, val_loss=0.002453
2026-06-26 01:00:21,844 [INFO] prediction.models.lstm - [LSTM] Epoch 30/50 — train_loss=0.003783, val_loss=0.001436
2026-06-26 01:00:22,023 [INFO] prediction.models.lstm - [LSTM] Epoch 40/50 — train_loss=0.002731, val_loss=0.003927
2026-06-26 01:00:22,191 [INFO] prediction.models.lstm - [LSTM] Epoch 50/50 — train_loss=0.001481, val_loss=0.000695
2026-06-26 01:00:22,192 [INFO] prediction.models.lstm - [LSTM] Training complete.
2026-06-26 01:00:22,198 [INFO] prediction.models.base - [LSTM] Evaluation: MAE=0.2225 | RMSE=0.2787 | MAPE=3.02% | DirAcc=31.22% | R²=0.4114
2026-06-26 01:00:22,198 [INFO] prediction.training - Training XGBoost on split_1...
2026-06-26 01:00:23,533 [INFO] prediction.models.xgboost_model - [XGBoost] Training complete. Top 5 features: ['close_lag_1', 'cloture', 'close_lag_2', 'sma_200', 'sma_50']
2026-06-26 01:00:23,536 [INFO] prediction.models.base - [XGBoost] Evaluation: MAE=0.3292 | RMSE=0.3831 | MAPE=4.55% | DirAcc=33.47% | R²=0.0000
2026-06-26 01:00:23,536 [INFO] prediction.training - Training Prophet on split_1...
2026-06-26 01:00:24,369 [INFO] prediction.models.prophet_model - [Prophet] Training complete on 1719 rows.
2026-06-26 01:00:24,410 [INFO] prediction.models.base - [Prophet] Evaluation: MAE=2.1377 | RMSE=2.2838 | MAPE=28.34% | DirAcc=32.67% | R²=-34.5378
2026-06-26 01:00:24,410 [INFO] prediction.training - ============================================================
2026-06-26 01:00:24,410 [INFO] prediction.training - Training CV split: split_2
2026-06-26 01:00:24,410 [INFO] prediction.training - ============================================================
2026-06-26 01:00:24,418 [INFO] prediction.etl.transform.silver_to_gold - Gold splits — Train: 1971, Val: 251, Test: 243
2026-06-26 01:00:24,422 [INFO] prediction.training - Training LSTM on split_2...
2026-06-26 01:00:24,435 [INFO] prediction.models.lstm - [LSTM] Training device: cuda (NVIDIA GeForce RTX 4060)
2026-06-26 01:00:24,919 [INFO] prediction.models.lstm - [LSTM] Epoch 10/50 — train_loss=0.010825, val_loss=0.014593
2026-06-26 01:00:25,015 [INFO] prediction.models.lstm - [LSTM] Early stopping at epoch 14 (val_loss=0.001619)
2026-06-26 01:00:25,016 [INFO] prediction.models.lstm - [LSTM] Training complete.
2026-06-26 01:00:25,023 [INFO] prediction.models.base - [LSTM] Evaluation: MAE=0.3553 | RMSE=0.4710 | MAPE=4.20% | DirAcc=30.91% | R²=0.4182
2026-06-26 01:00:25,023 [INFO] prediction.training - Training XGBoost on split_2...
2026-06-26 01:00:26,548 [INFO] prediction.models.xgboost_model - [XGBoost] Training complete. Top 5 features: ['close_lag_1', 'cloture', 'close_lag_2', 'sma_5', 'close_lag_20']
2026-06-26 01:00:26,550 [INFO] prediction.models.base - [XGBoost] Evaluation: MAE=0.1359 | RMSE=0.1746 | MAPE=1.58% | DirAcc=34.40% | R²=0.9393
2026-06-26 01:00:26,550 [INFO] prediction.training - Training Prophet on split_2...
2026-06-26 01:00:27,446 [INFO] prediction.models.prophet_model - [Prophet] Training complete on 1971 rows.
2026-06-26 01:00:27,481 [INFO] prediction.models.base - [Prophet] Evaluation: MAE=3.0646 | RMSE=3.1311 | MAPE=35.83% | DirAcc=35.20% | R²=-18.5229
2026-06-26 01:00:27,481 [INFO] prediction.training - ============================================================
2026-06-26 01:00:27,481 [INFO] prediction.training - Training CV split: split_3
2026-06-26 01:00:27,481 [INFO] prediction.training - ============================================================
2026-06-26 01:00:27,489 [INFO] prediction.etl.transform.silver_to_gold - Gold splits — Train: 2222, Val: 243, Test: 0
2026-06-26 01:00:27,493 [INFO] prediction.training - Training LSTM on split_3...
2026-06-26 01:00:27,507 [INFO] prediction.models.lstm - [LSTM] Training device: cuda (NVIDIA GeForce RTX 4060)
2026-06-26 01:00:27,944 [INFO] prediction.models.lstm - [LSTM] Epoch 10/50 — train_loss=0.009284, val_loss=0.061724
2026-06-26 01:00:28,187 [INFO] prediction.models.lstm - [LSTM] Epoch 20/50 — train_loss=0.002577, val_loss=0.024204
2026-06-26 01:00:28,409 [INFO] prediction.models.lstm - [LSTM] Epoch 30/50 — train_loss=0.005321, val_loss=0.028735
2026-06-26 01:00:28,521 [INFO] prediction.models.lstm - [LSTM] Early stopping at epoch 35 (val_loss=0.017187)
2026-06-26 01:00:28,522 [INFO] prediction.models.lstm - [LSTM] Training complete.
2026-06-26 01:00:28,530 [INFO] prediction.models.base - [LSTM] Evaluation: MAE=1.1354 | RMSE=1.4075 | MAPE=7.20% | DirAcc=49.53% | R²=0.6885
2026-06-26 01:00:28,530 [INFO] prediction.training - Training XGBoost on split_3...
2026-06-26 01:00:30,093 [INFO] prediction.models.xgboost_model - [XGBoost] Training complete. Top 5 features: ['close_lag_1', 'cloture', 'close_lag_2', 'close_lag_3', 'ouverture']
2026-06-26 01:00:30,095 [INFO] prediction.models.base - [XGBoost] Evaluation: MAE=1.1981 | RMSE=1.6426 | MAPE=7.44% | DirAcc=47.11% | R²=0.7193
2026-06-26 01:00:30,095 [INFO] prediction.training - Training Prophet on split_3...
2026-06-26 01:00:31,102 [INFO] prediction.models.prophet_model - [Prophet] Training complete on 2222 rows.
2026-06-26 01:00:31,136 [INFO] prediction.models.base - [Prophet] Evaluation: MAE=8.0213 | RMSE=8.4598 | MAPE=55.76% | DirAcc=44.21% | R²=-6.4461
2026-06-26 01:00:31,137 [INFO] prediction.training - ============================================================
2026-06-26 01:00:31,137 [INFO] prediction.training - TRAINING SUMMARY (Averaged across CV splits)
2026-06-26 01:00:31,137 [INFO] prediction.training - ============================================================
2026-06-26 01:00:31,137 [INFO] prediction.training - [LSTM] MAE=0.5711 | RMSE=0.7191 | MAPE=4.81% | DirAcc=37.22% | R²=0.5060
2026-06-26 01:00:31,137 [INFO] prediction.training - [XGBoost] MAE=0.5544 | RMSE=0.7334 | MAPE=4.52% | DirAcc=38.32% | R²=0.5529
2026-06-26 01:00:31,137 [INFO] prediction.training - [Prophet] MAE=4.4079 | RMSE=4.6249 | MAPE=39.98% | DirAcc=37.36% | R²=-19.8356
2026-06-26 01:00:31,137 [INFO] prediction.training - ============================================================
2026-06-26 01:00:31,137 [INFO] prediction.training - VOLUME PREDICTION TRAINING
2026-06-26 01:00:31,137 [INFO] prediction.training - ============================================================
2026-06-26 01:00:31,145 [INFO] prediction.etl.transform.silver_to_gold - Gold splits — Train: 1719, Val: 252, Test: 494
2026-06-26 01:00:31,824 [INFO] prediction.models.volume_predictor - [VolumeXGB] Training complete.
2026-06-26 01:00:31,826 [INFO] prediction.models.base - [VolumeXGB] Evaluation: MAE=8078.6701 | RMSE=21505.3688 | MAPE=4580.40% | DirAcc=47.01% | R²=-0.1247
2026-06-26 01:00:31,835 [INFO] prediction.etl.transform.silver_to_gold - Gold splits — Train: 1971, Val: 251, Test: 243
2026-06-26 01:00:32,515 [INFO] prediction.models.volume_predictor - [VolumeXGB] Training complete.
2026-06-26 01:00:32,518 [INFO] prediction.models.base - [VolumeXGB] Evaluation: MAE=7433.6353 | RMSE=18739.4953 | MAPE=3078.76% | DirAcc=43.60% | R²=-0.0645
2026-06-26 01:00:32,528 [INFO] prediction.etl.transform.silver_to_gold - Gold splits — Train: 2222, Val: 243, Test: 0
2026-06-26 01:00:33,259 [INFO] prediction.models.volume_predictor - [VolumeXGB] Training complete.
2026-06-26 01:00:33,262 [INFO] prediction.models.base - [VolumeXGB] Evaluation: MAE=54812.2033 | RMSE=133792.1045 | MAPE=170.58% | DirAcc=52.48% | R²=-0.1982
2026-06-26 01:00:33,262 [INFO] prediction.training - [VolumeXGB] Avg CV: MAE=23441.5029 | RMSE=58012.3229 | MAPE=2609.91% | DirAcc=47.70% | R²=-0.1291
2026-06-26 01:00:33,262 [INFO] prediction.training - ============================================================
2026-06-26 01:00:33,263 [INFO] prediction.training - LIQUIDITY CLASSIFICATION TRAINING
2026-06-26 01:00:33,263 [INFO] prediction.training - ============================================================
2026-06-26 01:00:33,272 [INFO] prediction.etl.transform.silver_to_gold - Gold splits — Train: 1719, Val: 252, Test: 494
2026-06-26 01:00:34,119 [INFO] prediction.models.liquidity_classifier - [LiquidityXGB] Training complete. Class distribution: {'low': 670, 'medium': 759, 'high': 290}
2026-06-26 01:00:34,122 [INFO] prediction.models.liquidity_classifier - [LiquidityXGB] Accuracy=40.08% (252 samples)
2026-06-26 01:00:34,132 [INFO] prediction.etl.transform.silver_to_gold - Gold splits — Train: 1971, Val: 251, Test: 243
2026-06-26 01:00:35,040 [INFO] prediction.models.liquidity_classifier - [LiquidityXGB] Training complete. Class distribution: {'low': 786, 'medium': 849, 'high': 336}
2026-06-26 01:00:35,043 [INFO] prediction.models.liquidity_classifier - [LiquidityXGB] Accuracy=51.39% (251 samples)
2026-06-26 01:00:35,054 [INFO] prediction.etl.transform.silver_to_gold - Gold splits — Train: 2222, Val: 243, Test: 0
2026-06-26 01:00:36,175 [INFO] prediction.models.liquidity_classifier - [LiquidityXGB] Training complete. Class distribution: {'low': 846, 'medium': 993, 'high': 383}
2026-06-26 01:00:36,178 [INFO] prediction.models.liquidity_classifier - [LiquidityXGB] Accuracy=33.33% (243 samples)
2026-06-26 01:00:36,178 [INFO] prediction.training - [LiquidityXGB] Avg CV Accuracy: 41.60%
2026-06-26 01:00:36,179 [INFO] train_all_tickers - [POULINA GP HOLDING][LSTM] MAE=0.5711  RMSE=0.7191  MAPE=4.81%  DirAcc=37.22%  R2=0.5060
2026-06-26 01:00:36,179 [INFO] train_all_tickers - [POULINA GP HOLDING][XGBoost] MAE=0.5544  RMSE=0.7334  MAPE=4.52%  DirAcc=38.32%  R2=0.5529
2026-06-26 01:00:36,179 [INFO] train_all_tickers - [POULINA GP HOLDING][Prophet] MAE=4.4079  RMSE=4.6249  MAPE=39.98%  DirAcc=37.36%  R2=-19.8356
2026-06-26 01:00:36,179 [INFO] train_all_tickers - [POULINA GP HOLDING][VolumeXGB] MAE=23441.5029  RMSE=58012.3229  MAPE=2609.91%  DirAcc=47.70%  R2=-0.1291
2026-06-26 01:00:36,180 [INFO] train_all_tickers - [POULINA GP HOLDING][LiquidityXGB] MAE=0.0000  RMSE=0.0000  MAPE=0.00%  DirAcc=41.60%  R2=0.0000
2026-06-26 01:00:36,185 [INFO] train_all_tickers - ======================================================================
2026-06-26 01:00:36,186 [INFO] train_all_tickers - [23/37] Training ticker: ENNAKL AUTOMOBILES  (2471 rows)
2026-06-26 01:00:36,186 [INFO] train_all_tickers - ======================================================================
2026-06-26 01:00:36,211 [WARNING] prediction.training - MLflow setup failed. Tracking disabled.
2026-06-26 01:00:36,215 [INFO] prediction.db_sink - Connected to PostgreSQL postgres:5432/fixtrade
2026-06-26 01:00:36,217 [INFO] prediction.db_sink - Database tables verified/created.
2026-06-26 01:00:36,217 [INFO] prediction.training - ============================================================
2026-06-26 01:00:36,217 [INFO] prediction.training - Training CV split: split_1
2026-06-26 01:00:36,217 [INFO] prediction.training - ============================================================
2026-06-26 01:00:36,227 [INFO] prediction.etl.transform.silver_to_gold - Gold splits — Train: 1715, Val: 252, Test: 494
2026-06-26 01:00:36,230 [INFO] prediction.training - Training LSTM on split_1...
2026-06-26 01:00:36,241 [INFO] prediction.models.lstm - [LSTM] Training device: cuda (NVIDIA GeForce RTX 4060)
2026-06-26 01:00:36,680 [INFO] prediction.models.lstm - [LSTM] Epoch 10/50 — train_loss=0.032063, val_loss=0.011599
2026-06-26 01:00:36,871 [INFO] prediction.models.lstm - [LSTM] Epoch 20/50 — train_loss=0.017433, val_loss=0.009672
2026-06-26 01:00:37,043 [INFO] prediction.models.lstm - [LSTM] Epoch 30/50 — train_loss=0.005959, val_loss=0.004858
2026-06-26 01:00:37,127 [INFO] prediction.models.lstm - [LSTM] Early stopping at epoch 35 (val_loss=0.003300)
2026-06-26 01:00:37,128 [INFO] prediction.models.lstm - [LSTM] Training complete.
2026-06-26 01:00:37,132 [INFO] prediction.models.base - [LSTM] Evaluation: MAE=0.1594 | RMSE=0.2492 | MAPE=1.39% | DirAcc=21.72% | R²=0.2268
2026-06-26 01:00:37,132 [INFO] prediction.training - Training XGBoost on split_1...
2026-06-26 01:00:38,709 [INFO] prediction.models.xgboost_model - [XGBoost] Training complete. Top 5 features: ['cloture', 'plus_haut', 'close_lag_1', 'plus_bas', 'close_lag_2']
2026-06-26 01:00:38,711 [INFO] prediction.models.base - [XGBoost] Evaluation: MAE=0.1058 | RMSE=0.1648 | MAPE=0.93% | DirAcc=21.51% | R²=0.7679
2026-06-26 01:00:38,711 [INFO] prediction.training - Training Prophet on split_1...
2026-06-26 01:00:39,633 [INFO] prediction.models.prophet_model - [Prophet] Training complete on 1715 rows.
2026-06-26 01:00:39,672 [INFO] prediction.models.base - [Prophet] Evaluation: MAE=1.7710 | RMSE=2.0408 | MAPE=15.64% | DirAcc=17.93% | R²=-34.5841
2026-06-26 01:00:39,672 [INFO] prediction.training - ============================================================
2026-06-26 01:00:39,672 [INFO] prediction.training - Training CV split: split_2
2026-06-26 01:00:39,672 [INFO] prediction.training - ============================================================
2026-06-26 01:00:39,681 [INFO] prediction.etl.transform.silver_to_gold - Gold splits — Train: 1967, Val: 251, Test: 243
2026-06-26 01:00:39,686 [INFO] prediction.training - Training LSTM on split_2...
2026-06-26 01:00:39,706 [INFO] prediction.models.lstm - [LSTM] Training device: cuda (NVIDIA GeForce RTX 4060)
2026-06-26 01:00:40,134 [INFO] prediction.models.lstm - [LSTM] Epoch 10/50 — train_loss=0.035462, val_loss=0.045829
2026-06-26 01:00:40,160 [INFO] prediction.models.lstm - [LSTM] Early stopping at epoch 11 (val_loss=0.048860)
2026-06-26 01:00:40,161 [INFO] prediction.models.lstm - [LSTM] Training complete.
2026-06-26 01:00:40,165 [INFO] prediction.models.base - [LSTM] Evaluation: MAE=0.9906 | RMSE=1.0163 | MAPE=9.31% | DirAcc=35.00% | R²=-15.9070
2026-06-26 01:00:40,166 [INFO] prediction.training - Training XGBoost on split_2...
2026-06-26 01:00:41,657 [INFO] prediction.models.xgboost_model - [XGBoost] Training complete. Top 5 features: ['cloture', 'plus_haut', 'close_lag_1', 'plus_bas', 'close_lag_2']
2026-06-26 01:00:41,660 [INFO] prediction.models.base - [XGBoost] Evaluation: MAE=0.1679 | RMSE=0.2121 | MAPE=1.56% | DirAcc=26.80% | R²=0.8359
2026-06-26 01:00:41,660 [INFO] prediction.training - Training Prophet on split_2...
2026-06-26 01:00:42,627 [INFO] prediction.models.prophet_model - [Prophet] Training complete on 1967 rows.
2026-06-26 01:00:42,665 [INFO] prediction.models.base - [Prophet] Evaluation: MAE=2.2954 | RMSE=2.5675 | MAPE=21.42% | DirAcc=31.20% | R²=-23.0529
2026-06-26 01:00:42,665 [INFO] prediction.training - ============================================================
2026-06-26 01:00:42,665 [INFO] prediction.training - Training CV split: split_3
2026-06-26 01:00:42,665 [INFO] prediction.training - ============================================================
2026-06-26 01:00:42,676 [INFO] prediction.etl.transform.silver_to_gold - Gold splits — Train: 2218, Val: 243, Test: 0
2026-06-26 01:00:42,681 [INFO] prediction.training - Training LSTM on split_3...
2026-06-26 01:00:42,696 [INFO] prediction.models.lstm - [LSTM] Training device: cuda (NVIDIA GeForce RTX 4060)
2026-06-26 01:00:43,066 [INFO] prediction.models.lstm - [LSTM] Early stopping at epoch 9 (val_loss=0.169446)
2026-06-26 01:00:43,067 [INFO] prediction.models.lstm - [LSTM] Training complete.
2026-06-26 01:00:43,074 [INFO] prediction.models.base - [LSTM] Evaluation: MAE=1.6156 | RMSE=1.9745 | MAPE=11.19% | DirAcc=42.92% | R²=-0.1509
2026-06-26 01:00:43,075 [INFO] prediction.training - Training XGBoost on split_3...
2026-06-26 01:00:44,560 [INFO] prediction.models.xgboost_model - [XGBoost] Training complete. Top 5 features: ['close_lag_2', 'close_lag_1', 'cloture', 'plus_haut', 'ouverture']
2026-06-26 01:00:44,562 [INFO] prediction.models.base - [XGBoost] Evaluation: MAE=0.4298 | RMSE=0.6938 | MAPE=2.91% | DirAcc=39.67% | R²=0.8647
2026-06-26 01:00:44,562 [INFO] prediction.training - Training Prophet on split_3...
2026-06-26 01:00:45,543 [INFO] prediction.models.prophet_model - [Prophet] Training complete on 2218 rows.
2026-06-26 01:00:45,580 [INFO] prediction.models.base - [Prophet] Evaluation: MAE=0.9712 | RMSE=1.0372 | MAPE=7.57% | DirAcc=40.08% | R²=0.6975
2026-06-26 01:00:45,580 [INFO] prediction.training - ============================================================
2026-06-26 01:00:45,580 [INFO] prediction.training - TRAINING SUMMARY (Averaged across CV splits)
2026-06-26 01:00:45,580 [INFO] prediction.training - ============================================================
2026-06-26 01:00:45,580 [INFO] prediction.training - [LSTM] MAE=0.9219 | RMSE=1.0800 | MAPE=7.30% | DirAcc=33.21% | R²=-5.2770
2026-06-26 01:00:45,580 [INFO] prediction.training - [XGBoost] MAE=0.2345 | RMSE=0.3569 | MAPE=1.80% | DirAcc=29.33% | R²=0.8228
2026-06-26 01:00:45,580 [INFO] prediction.training - [Prophet] MAE=1.6792 | RMSE=1.8818 | MAPE=14.88% | DirAcc=29.74% | R²=-18.9798
2026-06-26 01:00:45,580 [INFO] prediction.training - ============================================================
2026-06-26 01:00:45,580 [INFO] prediction.training - VOLUME PREDICTION TRAINING
2026-06-26 01:00:45,580 [INFO] prediction.training - ============================================================
2026-06-26 01:00:45,590 [INFO] prediction.etl.transform.silver_to_gold - Gold splits — Train: 1715, Val: 252, Test: 494
2026-06-26 01:00:46,446 [INFO] prediction.models.volume_predictor - [VolumeXGB] Training complete.
2026-06-26 01:00:46,450 [INFO] prediction.models.base - [VolumeXGB] Evaluation: MAE=918.7774 | RMSE=7455.6987 | MAPE=185.60% | DirAcc=47.41% | R²=-0.0121
2026-06-26 01:00:46,461 [INFO] prediction.etl.transform.silver_to_gold - Gold splits — Train: 1967, Val: 251, Test: 243
2026-06-26 01:00:47,179 [INFO] prediction.models.volume_predictor - [VolumeXGB] Training complete.
2026-06-26 01:00:47,181 [INFO] prediction.models.base - [VolumeXGB] Evaluation: MAE=938.2856 | RMSE=2954.4518 | MAPE=2782.79% | DirAcc=42.80% | R²=-0.0033
2026-06-26 01:00:47,192 [INFO] prediction.etl.transform.silver_to_gold - Gold splits — Train: 2218, Val: 243, Test: 0
2026-06-26 01:00:47,955 [INFO] prediction.models.volume_predictor - [VolumeXGB] Training complete.
2026-06-26 01:00:47,958 [INFO] prediction.models.base - [VolumeXGB] Evaluation: MAE=1581.8814 | RMSE=7981.6856 | MAPE=430.81% | DirAcc=49.17% | R²=-0.0314
2026-06-26 01:00:47,958 [INFO] prediction.training - [VolumeXGB] Avg CV: MAE=1146.3148 | RMSE=6130.6120 | MAPE=1133.07% | DirAcc=46.46% | R²=-0.0156
2026-06-26 01:00:47,959 [INFO] prediction.training - ============================================================
2026-06-26 01:00:47,959 [INFO] prediction.training - LIQUIDITY CLASSIFICATION TRAINING
2026-06-26 01:00:47,959 [INFO] prediction.training - ============================================================
2026-06-26 01:00:47,969 [INFO] prediction.etl.transform.silver_to_gold - Gold splits — Train: 1715, Val: 252, Test: 494
2026-06-26 01:00:48,828 [INFO] prediction.models.liquidity_classifier - [LiquidityXGB] Training complete. Class distribution: {'low': 975, 'medium': 685, 'high': 55}
2026-06-26 01:00:48,831 [INFO] prediction.models.liquidity_classifier - [LiquidityXGB] Accuracy=84.52% (252 samples)
2026-06-26 01:00:48,842 [INFO] prediction.etl.transform.silver_to_gold - Gold splits — Train: 1967, Val: 251, Test: 243
2026-06-26 01:00:49,691 [INFO] prediction.models.liquidity_classifier - [LiquidityXGB] Training complete. Class distribution: {'low': 1193, 'medium': 718, 'high': 56}
2026-06-26 01:00:49,694 [INFO] prediction.models.liquidity_classifier - [LiquidityXGB] Accuracy=73.71% (251 samples)
2026-06-26 01:00:49,703 [INFO] prediction.etl.transform.silver_to_gold - Gold splits — Train: 2218, Val: 243, Test: 0
2026-06-26 01:00:50,577 [INFO] prediction.models.liquidity_classifier - [LiquidityXGB] Training complete. Class distribution: {'low': 1384, 'medium': 776, 'high': 58}
2026-06-26 01:00:50,581 [INFO] prediction.models.liquidity_classifier - [LiquidityXGB] Accuracy=68.31% (243 samples)
2026-06-26 01:00:50,581 [INFO] prediction.training - [LiquidityXGB] Avg CV Accuracy: 75.51%
2026-06-26 01:00:50,582 [INFO] train_all_tickers - [ENNAKL AUTOMOBILES][LSTM] MAE=0.9219  RMSE=1.0800  MAPE=7.30%  DirAcc=33.21%  R2=-5.2770
2026-06-26 01:00:50,582 [INFO] train_all_tickers - [ENNAKL AUTOMOBILES][XGBoost] MAE=0.2345  RMSE=0.3569  MAPE=1.80%  DirAcc=29.33%  R2=0.8228
2026-06-26 01:00:50,582 [INFO] train_all_tickers - [ENNAKL AUTOMOBILES][Prophet] MAE=1.6792  RMSE=1.8818  MAPE=14.88%  DirAcc=29.74%  R2=-18.9798
2026-06-26 01:00:50,582 [INFO] train_all_tickers - [ENNAKL AUTOMOBILES][VolumeXGB] MAE=1146.3148  RMSE=6130.6120  MAPE=1133.07%  DirAcc=46.46%  R2=-0.0156
2026-06-26 01:00:50,582 [INFO] train_all_tickers - [ENNAKL AUTOMOBILES][LiquidityXGB] MAE=0.0000  RMSE=0.0000  MAPE=0.00%  DirAcc=75.51%  R2=0.0000
2026-06-26 01:00:50,588 [INFO] train_all_tickers - ======================================================================
2026-06-26 01:00:50,588 [INFO] train_all_tickers - [24/37] Training ticker: SOTETEL  (2470 rows)
2026-06-26 01:00:50,588 [INFO] train_all_tickers - ======================================================================
2026-06-26 01:00:50,614 [WARNING] prediction.training - MLflow setup failed. Tracking disabled.
2026-06-26 01:00:50,618 [INFO] prediction.db_sink - Connected to PostgreSQL postgres:5432/fixtrade
2026-06-26 01:00:50,621 [INFO] prediction.db_sink - Database tables verified/created.
2026-06-26 01:00:50,621 [INFO] prediction.training - ============================================================
2026-06-26 01:00:50,621 [INFO] prediction.training - Training CV split: split_1
2026-06-26 01:00:50,621 [INFO] prediction.training - ============================================================
2026-06-26 01:00:50,631 [INFO] prediction.etl.transform.silver_to_gold - Gold splits — Train: 1714, Val: 252, Test: 494
2026-06-26 01:00:50,634 [INFO] prediction.training - Training LSTM on split_1...
2026-06-26 01:00:50,647 [INFO] prediction.models.lstm - [LSTM] Training device: cuda (NVIDIA GeForce RTX 4060)
2026-06-26 01:00:51,081 [INFO] prediction.models.lstm - [LSTM] Epoch 10/50 — train_loss=0.003914, val_loss=0.000765
2026-06-26 01:00:51,258 [INFO] prediction.models.lstm - [LSTM] Epoch 20/50 — train_loss=0.002274, val_loss=0.001016
2026-06-26 01:00:51,455 [INFO] prediction.models.lstm - [LSTM] Epoch 30/50 — train_loss=0.001444, val_loss=0.000487
2026-06-26 01:00:51,475 [INFO] prediction.models.lstm - [LSTM] Early stopping at epoch 31 (val_loss=0.000585)
2026-06-26 01:00:51,476 [INFO] prediction.models.lstm - [LSTM] Training complete.
2026-06-26 01:00:51,482 [INFO] prediction.models.base - [LSTM] Evaluation: MAE=0.1022 | RMSE=0.1357 | MAPE=2.68% | DirAcc=43.44% | R²=0.7899
2026-06-26 01:00:51,482 [INFO] prediction.training - Training XGBoost on split_1...
2026-06-26 01:00:53,200 [INFO] prediction.models.xgboost_model - [XGBoost] Training complete. Top 5 features: ['cloture', 'close_lag_1', 'plus_haut', 'plus_bas', 'sma_5']
2026-06-26 01:00:53,202 [INFO] prediction.models.base - [XGBoost] Evaluation: MAE=0.0546 | RMSE=0.0732 | MAPE=1.48% | DirAcc=37.05% | R²=0.9606
2026-06-26 01:00:53,202 [INFO] prediction.training - Training Prophet on split_1...
2026-06-26 01:00:54,244 [INFO] prediction.models.prophet_model - [Prophet] Training complete on 1714 rows.
2026-06-26 01:00:54,295 [INFO] prediction.models.base - [Prophet] Evaluation: MAE=1.1146 | RMSE=1.1500 | MAPE=30.88% | DirAcc=41.04% | R²=-8.7304
2026-06-26 01:00:54,295 [INFO] prediction.training - ============================================================
2026-06-26 01:00:54,295 [INFO] prediction.training - Training CV split: split_2
2026-06-26 01:00:54,295 [INFO] prediction.training - ============================================================
2026-06-26 01:00:54,306 [INFO] prediction.etl.transform.silver_to_gold - Gold splits — Train: 1966, Val: 251, Test: 243
2026-06-26 01:00:54,310 [INFO] prediction.training - Training LSTM on split_2...
2026-06-26 01:00:54,322 [INFO] prediction.models.lstm - [LSTM] Training device: cuda (NVIDIA GeForce RTX 4060)
2026-06-26 01:00:54,731 [INFO] prediction.models.lstm - [LSTM] Epoch 10/50 — train_loss=0.003737, val_loss=0.002993
2026-06-26 01:00:54,969 [INFO] prediction.models.lstm - [LSTM] Epoch 20/50 — train_loss=0.002517, val_loss=0.004081
2026-06-26 01:00:55,158 [INFO] prediction.models.lstm - [LSTM] Epoch 30/50 — train_loss=0.001651, val_loss=0.001553
2026-06-26 01:00:55,178 [INFO] prediction.models.lstm - [LSTM] Early stopping at epoch 31 (val_loss=0.001663)
2026-06-26 01:00:55,179 [INFO] prediction.models.lstm - [LSTM] Training complete.
2026-06-26 01:00:55,184 [INFO] prediction.models.base - [LSTM] Evaluation: MAE=0.1901 | RMSE=0.2407 | MAPE=3.49% | DirAcc=44.55% | R²=0.9433
2026-06-26 01:00:55,184 [INFO] prediction.training - Training XGBoost on split_2...
2026-06-26 01:00:56,947 [INFO] prediction.models.xgboost_model - [XGBoost] Training complete. Top 5 features: ['cloture', 'plus_haut', 'close_lag_1', 'plus_bas', 'close_lag_2']
2026-06-26 01:00:56,949 [INFO] prediction.models.base - [XGBoost] Evaluation: MAE=0.1281 | RMSE=0.1724 | MAPE=2.24% | DirAcc=46.40% | R²=0.9777
2026-06-26 01:00:56,949 [INFO] prediction.training - Training Prophet on split_2...
2026-06-26 01:00:57,911 [INFO] prediction.models.prophet_model - [Prophet] Training complete on 1966 rows.
2026-06-26 01:00:57,947 [INFO] prediction.models.base - [Prophet] Evaluation: MAE=2.5135 | RMSE=2.6601 | MAPE=46.51% | DirAcc=44.00% | R²=-4.3151
2026-06-26 01:00:57,947 [INFO] prediction.training - ============================================================
2026-06-26 01:00:57,947 [INFO] prediction.training - Training CV split: split_3
2026-06-26 01:00:57,947 [INFO] prediction.training - ============================================================
2026-06-26 01:00:57,956 [INFO] prediction.etl.transform.silver_to_gold - Gold splits — Train: 2217, Val: 243, Test: 0
2026-06-26 01:00:57,960 [INFO] prediction.training - Training LSTM on split_3...
2026-06-26 01:00:57,975 [INFO] prediction.models.lstm - [LSTM] Training device: cuda (NVIDIA GeForce RTX 4060)
2026-06-26 01:00:58,574 [INFO] prediction.models.lstm - [LSTM] Epoch 10/50 — train_loss=0.005663, val_loss=0.003597
2026-06-26 01:00:58,809 [INFO] prediction.models.lstm - [LSTM] Epoch 20/50 — train_loss=0.002583, val_loss=0.001314
2026-06-26 01:00:59,020 [INFO] prediction.models.lstm - [LSTM] Epoch 30/50 — train_loss=0.001825, val_loss=0.001144
2026-06-26 01:00:59,236 [INFO] prediction.models.lstm - [LSTM] Epoch 40/50 — train_loss=0.001589, val_loss=0.001151
2026-06-26 01:00:59,451 [INFO] prediction.models.lstm - [LSTM] Epoch 50/50 — train_loss=0.001514, val_loss=0.001239
2026-06-26 01:00:59,451 [INFO] prediction.models.lstm - [LSTM] Training complete.
2026-06-26 01:00:59,458 [INFO] prediction.models.base - [LSTM] Evaluation: MAE=0.1489 | RMSE=0.2070 | MAPE=2.49% | DirAcc=35.85% | R²=0.9271
2026-06-26 01:00:59,458 [INFO] prediction.training - Training XGBoost on split_3...
2026-06-26 01:01:01,136 [INFO] prediction.models.xgboost_model - [XGBoost] Training complete. Top 5 features: ['close_lag_1', 'cloture', 'plus_haut', 'plus_bas', 'close_lag_2']
2026-06-26 01:01:01,139 [INFO] prediction.models.base - [XGBoost] Evaluation: MAE=0.0975 | RMSE=0.1251 | MAPE=1.59% | DirAcc=35.54% | R²=0.9770
2026-06-26 01:01:01,139 [INFO] prediction.training - Training Prophet on split_3...
2026-06-26 01:01:02,185 [INFO] prediction.models.prophet_model - [Prophet] Training complete on 2217 rows.
2026-06-26 01:01:02,218 [INFO] prediction.models.base - [Prophet] Evaluation: MAE=3.7108 | RMSE=3.8558 | MAPE=58.89% | DirAcc=39.26% | R²=-20.8210
2026-06-26 01:01:02,218 [INFO] prediction.training - ============================================================
2026-06-26 01:01:02,218 [INFO] prediction.training - TRAINING SUMMARY (Averaged across CV splits)
2026-06-26 01:01:02,218 [INFO] prediction.training - ============================================================
2026-06-26 01:01:02,218 [INFO] prediction.training - [LSTM] MAE=0.1471 | RMSE=0.1945 | MAPE=2.89% | DirAcc=41.28% | R²=0.8867
2026-06-26 01:01:02,219 [INFO] prediction.training - [XGBoost] MAE=0.0934 | RMSE=0.1236 | MAPE=1.77% | DirAcc=39.66% | R²=0.9718
2026-06-26 01:01:02,219 [INFO] prediction.training - [Prophet] MAE=2.4463 | RMSE=2.5553 | MAPE=45.43% | DirAcc=41.43% | R²=-11.2888
2026-06-26 01:01:02,219 [INFO] prediction.training - ============================================================
2026-06-26 01:01:02,219 [INFO] prediction.training - VOLUME PREDICTION TRAINING
2026-06-26 01:01:02,219 [INFO] prediction.training - ============================================================
2026-06-26 01:01:02,230 [INFO] prediction.etl.transform.silver_to_gold - Gold splits — Train: 1714, Val: 252, Test: 494
2026-06-26 01:01:02,911 [INFO] prediction.models.volume_predictor - [VolumeXGB] Training complete.
2026-06-26 01:01:02,913 [INFO] prediction.models.base - [VolumeXGB] Evaluation: MAE=4898.7763 | RMSE=9295.5394 | MAPE=1637.16% | DirAcc=45.82% | R²=0.0807
2026-06-26 01:01:02,923 [INFO] prediction.etl.transform.silver_to_gold - Gold splits — Train: 1966, Val: 251, Test: 243
2026-06-26 01:01:03,639 [INFO] prediction.models.volume_predictor - [VolumeXGB] Training complete.
2026-06-26 01:01:03,642 [INFO] prediction.models.base - [VolumeXGB] Evaluation: MAE=7915.9870 | RMSE=15894.3390 | MAPE=129.26% | DirAcc=43.20% | R²=-0.0076
2026-06-26 01:01:03,653 [INFO] prediction.etl.transform.silver_to_gold - Gold splits — Train: 2217, Val: 243, Test: 0
2026-06-26 01:01:04,395 [INFO] prediction.models.volume_predictor - [VolumeXGB] Training complete.
2026-06-26 01:01:04,398 [INFO] prediction.models.base - [VolumeXGB] Evaluation: MAE=5408.1208 | RMSE=10279.1722 | MAPE=160.54% | DirAcc=45.87% | R²=-0.2107
2026-06-26 01:01:04,398 [INFO] prediction.training - [VolumeXGB] Avg CV: MAE=6074.2947 | RMSE=11823.0169 | MAPE=642.32% | DirAcc=44.96% | R²=-0.0459
2026-06-26 01:01:04,398 [INFO] prediction.training - ============================================================
2026-06-26 01:01:04,398 [INFO] prediction.training - LIQUIDITY CLASSIFICATION TRAINING
2026-06-26 01:01:04,398 [INFO] prediction.training - ============================================================
2026-06-26 01:01:04,406 [INFO] prediction.etl.transform.silver_to_gold - Gold splits — Train: 1714, Val: 252, Test: 494
2026-06-26 01:01:05,308 [INFO] prediction.models.liquidity_classifier - [LiquidityXGB] Training complete. Class distribution: {'low': 340, 'medium': 946, 'high': 428}
2026-06-26 01:01:05,310 [INFO] prediction.models.liquidity_classifier - [LiquidityXGB] Accuracy=53.17% (252 samples)
2026-06-26 01:01:05,320 [INFO] prediction.etl.transform.silver_to_gold - Gold splits — Train: 1966, Val: 251, Test: 243
2026-06-26 01:01:06,244 [INFO] prediction.models.liquidity_classifier - [LiquidityXGB] Training complete. Class distribution: {'low': 410, 'medium': 1084, 'high': 472}
2026-06-26 01:01:06,247 [INFO] prediction.models.liquidity_classifier - [LiquidityXGB] Accuracy=61.35% (251 samples)
2026-06-26 01:01:06,257 [INFO] prediction.etl.transform.silver_to_gold - Gold splits — Train: 2217, Val: 243, Test: 0
2026-06-26 01:01:07,372 [INFO] prediction.models.liquidity_classifier - [LiquidityXGB] Training complete. Class distribution: {'low': 431, 'medium': 1225, 'high': 561}
2026-06-26 01:01:07,376 [INFO] prediction.models.liquidity_classifier - [LiquidityXGB] Accuracy=62.14% (243 samples)
2026-06-26 01:01:07,376 [INFO] prediction.training - [LiquidityXGB] Avg CV Accuracy: 58.89%
2026-06-26 01:01:07,378 [INFO] train_all_tickers - [SOTETEL][LSTM] MAE=0.1471  RMSE=0.1945  MAPE=2.89%  DirAcc=41.28%  R2=0.8867
2026-06-26 01:01:07,378 [INFO] train_all_tickers - [SOTETEL][XGBoost] MAE=0.0934  RMSE=0.1236  MAPE=1.77%  DirAcc=39.66%  R2=0.9718
2026-06-26 01:01:07,378 [INFO] train_all_tickers - [SOTETEL][Prophet] MAE=2.4463  RMSE=2.5553  MAPE=45.43%  DirAcc=41.43%  R2=-11.2888
2026-06-26 01:01:07,378 [INFO] train_all_tickers - [SOTETEL][VolumeXGB] MAE=6074.2947  RMSE=11823.0169  MAPE=642.32%  DirAcc=44.96%  R2=-0.0459
2026-06-26 01:01:07,378 [INFO] train_all_tickers - [SOTETEL][LiquidityXGB] MAE=0.0000  RMSE=0.0000  MAPE=0.00%  DirAcc=58.89%  R2=0.0000
2026-06-26 01:01:07,383 [INFO] train_all_tickers - ======================================================================
2026-06-26 01:01:07,383 [INFO] train_all_tickers - [25/37] Training ticker: SIAME  (2457 rows)
2026-06-26 01:01:07,384 [INFO] train_all_tickers - ======================================================================
2026-06-26 01:01:07,411 [WARNING] prediction.training - MLflow setup failed. Tracking disabled.
2026-06-26 01:01:07,416 [INFO] prediction.db_sink - Connected to PostgreSQL postgres:5432/fixtrade
2026-06-26 01:01:07,418 [INFO] prediction.db_sink - Database tables verified/created.
2026-06-26 01:01:07,419 [INFO] prediction.training - ============================================================
2026-06-26 01:01:07,419 [INFO] prediction.training - Training CV split: split_1
2026-06-26 01:01:07,419 [INFO] prediction.training - ============================================================
2026-06-26 01:01:07,428 [INFO] prediction.etl.transform.silver_to_gold - Gold splits — Train: 1701, Val: 252, Test: 494
2026-06-26 01:01:07,431 [INFO] prediction.training - Training LSTM on split_1...
2026-06-26 01:01:07,443 [INFO] prediction.models.lstm - [LSTM] Training device: cuda (NVIDIA GeForce RTX 4060)
2026-06-26 01:01:07,855 [INFO] prediction.models.lstm - [LSTM] Epoch 10/50 — train_loss=0.019906, val_loss=0.006175
2026-06-26 01:01:07,924 [INFO] prediction.models.lstm - [LSTM] Early stopping at epoch 14 (val_loss=0.024126)
2026-06-26 01:01:07,925 [INFO] prediction.models.lstm - [LSTM] Training complete.
2026-06-26 01:01:07,930 [INFO] prediction.models.base - [LSTM] Evaluation: MAE=0.1486 | RMSE=0.1946 | MAPE=4.50% | DirAcc=38.91% | R²=0.4274
2026-06-26 01:01:07,930 [INFO] prediction.training - Training XGBoost on split_1...
2026-06-26 01:01:09,524 [INFO] prediction.models.xgboost_model - [XGBoost] Training complete. Top 5 features: ['close_lag_1', 'cloture', 'ema_26', 'ema_12', 'ad_line']
2026-06-26 01:01:09,526 [INFO] prediction.models.base - [XGBoost] Evaluation: MAE=0.0466 | RMSE=0.0593 | MAPE=1.35% | DirAcc=37.85% | R²=0.9413
2026-06-26 01:01:09,526 [INFO] prediction.training - Training Prophet on split_1...
2026-06-26 01:01:10,193 [INFO] prediction.models.prophet_model - [Prophet] Training complete on 1701 rows.
2026-06-26 01:01:10,229 [INFO] prediction.models.base - [Prophet] Evaluation: MAE=1.2089 | RMSE=1.2192 | MAPE=34.39% | DirAcc=32.67% | R²=-23.8316
2026-06-26 01:01:10,229 [INFO] prediction.training - ============================================================
2026-06-26 01:01:10,229 [INFO] prediction.training - Training CV split: split_2
2026-06-26 01:01:10,229 [INFO] prediction.training - ============================================================
2026-06-26 01:01:10,237 [INFO] prediction.etl.transform.silver_to_gold - Gold splits — Train: 1953, Val: 251, Test: 243
2026-06-26 01:01:10,241 [INFO] prediction.training - Training LSTM on split_2...
2026-06-26 01:01:10,253 [INFO] prediction.models.lstm - [LSTM] Training device: cuda (NVIDIA GeForce RTX 4060)
2026-06-26 01:01:10,592 [INFO] prediction.models.lstm - [LSTM] Epoch 10/50 — train_loss=0.011250, val_loss=0.002099
2026-06-26 01:01:10,700 [INFO] prediction.models.lstm - [LSTM] Early stopping at epoch 16 (val_loss=0.007116)
2026-06-26 01:01:10,700 [INFO] prediction.models.lstm - [LSTM] Training complete.
2026-06-26 01:01:10,705 [INFO] prediction.models.base - [LSTM] Evaluation: MAE=0.0685 | RMSE=0.0873 | MAPE=1.90% | DirAcc=29.55% | R²=-0.0063
2026-06-26 01:01:10,705 [INFO] prediction.training - Training XGBoost on split_2...
2026-06-26 01:01:12,306 [INFO] prediction.models.xgboost_model - [XGBoost] Training complete. Top 5 features: ['close_lag_1', 'cloture', 'ema_12', 'close_lag_2', 'ad_line']
2026-06-26 01:01:12,308 [INFO] prediction.models.base - [XGBoost] Evaluation: MAE=0.0368 | RMSE=0.0497 | MAPE=1.03% | DirAcc=34.40% | R²=0.6923
2026-06-26 01:01:12,309 [INFO] prediction.training - Training Prophet on split_2...
2026-06-26 01:01:13,079 [INFO] prediction.models.prophet_model - [Prophet] Training complete on 1953 rows.
2026-06-26 01:01:13,115 [INFO] prediction.models.base - [Prophet] Evaluation: MAE=1.3224 | RMSE=1.3273 | MAPE=36.83% | DirAcc=30.80% | R²=-218.8354
2026-06-26 01:01:13,115 [INFO] prediction.training - ============================================================
2026-06-26 01:01:13,115 [INFO] prediction.training - Training CV split: split_3
2026-06-26 01:01:13,115 [INFO] prediction.training - ============================================================
2026-06-26 01:01:13,124 [INFO] prediction.etl.transform.silver_to_gold - Gold splits — Train: 2204, Val: 243, Test: 0
2026-06-26 01:01:13,128 [INFO] prediction.training - Training LSTM on split_3...
2026-06-26 01:01:13,143 [INFO] prediction.models.lstm - [LSTM] Training device: cuda (NVIDIA GeForce RTX 4060)
2026-06-26 01:01:13,566 [INFO] prediction.models.lstm - [LSTM] Epoch 10/50 — train_loss=0.019093, val_loss=0.011512
2026-06-26 01:01:13,797 [INFO] prediction.models.lstm - [LSTM] Epoch 20/50 — train_loss=0.004759, val_loss=0.007243
2026-06-26 01:01:14,015 [INFO] prediction.models.lstm - [LSTM] Epoch 30/50 — train_loss=0.002927, val_loss=0.005219
2026-06-26 01:01:14,237 [INFO] prediction.models.lstm - [LSTM] Epoch 40/50 — train_loss=0.003695, val_loss=0.011341
2026-06-26 01:01:14,464 [INFO] prediction.models.lstm - [LSTM] Early stopping at epoch 50 (val_loss=0.005636)
2026-06-26 01:01:14,465 [INFO] prediction.models.lstm - [LSTM] Training complete.
2026-06-26 01:01:14,474 [INFO] prediction.models.base - [LSTM] Evaluation: MAE=0.1118 | RMSE=0.1554 | MAPE=4.15% | DirAcc=39.62% | R²=0.8742
2026-06-26 01:01:14,474 [INFO] prediction.training - Training XGBoost on split_3...
2026-06-26 01:01:16,077 [INFO] prediction.models.xgboost_model - [XGBoost] Training complete. Top 5 features: ['close_lag_1', 'ema_12', 'cloture', 'close_lag_2', 'plus_bas']
2026-06-26 01:01:16,080 [INFO] prediction.models.base - [XGBoost] Evaluation: MAE=0.0672 | RMSE=0.0901 | MAPE=2.55% | DirAcc=37.60% | R²=0.9615
2026-06-26 01:01:16,080 [INFO] prediction.training - Training Prophet on split_3...
2026-06-26 01:01:17,043 [INFO] prediction.models.prophet_model - [Prophet] Training complete on 2204 rows.
2026-06-26 01:01:17,092 [INFO] prediction.models.base - [Prophet] Evaluation: MAE=0.6932 | RMSE=0.8312 | MAPE=22.15% | DirAcc=40.91% | R²=-2.2781
2026-06-26 01:01:17,092 [INFO] prediction.training - ============================================================
2026-06-26 01:01:17,092 [INFO] prediction.training - TRAINING SUMMARY (Averaged across CV splits)
2026-06-26 01:01:17,092 [INFO] prediction.training - ============================================================
2026-06-26 01:01:17,092 [INFO] prediction.training - [LSTM] MAE=0.1097 | RMSE=0.1458 | MAPE=3.52% | DirAcc=36.03% | R²=0.4318
2026-06-26 01:01:17,092 [INFO] prediction.training - [XGBoost] MAE=0.0502 | RMSE=0.0663 | MAPE=1.64% | DirAcc=36.62% | R²=0.8650
2026-06-26 01:01:17,092 [INFO] prediction.training - [Prophet] MAE=1.0748 | RMSE=1.1259 | MAPE=31.12% | DirAcc=34.79% | R²=-81.6484
2026-06-26 01:01:17,092 [INFO] prediction.training - ============================================================
2026-06-26 01:01:17,092 [INFO] prediction.training - VOLUME PREDICTION TRAINING
2026-06-26 01:01:17,092 [INFO] prediction.training - ============================================================
2026-06-26 01:01:17,106 [INFO] prediction.etl.transform.silver_to_gold - Gold splits — Train: 1701, Val: 252, Test: 494
2026-06-26 01:01:17,848 [INFO] prediction.models.volume_predictor - [VolumeXGB] Training complete.
2026-06-26 01:01:17,851 [INFO] prediction.models.base - [VolumeXGB] Evaluation: MAE=5208.0942 | RMSE=14492.9502 | MAPE=530.68% | DirAcc=45.82% | R²=-0.0103
2026-06-26 01:01:17,861 [INFO] prediction.etl.transform.silver_to_gold - Gold splits — Train: 1953, Val: 251, Test: 243
2026-06-26 01:01:18,587 [INFO] prediction.models.volume_predictor - [VolumeXGB] Training complete.
2026-06-26 01:01:18,591 [INFO] prediction.models.base - [VolumeXGB] Evaluation: MAE=10765.4693 | RMSE=47484.4313 | MAPE=1103.80% | DirAcc=42.40% | R²=-0.0343
2026-06-26 01:01:18,603 [INFO] prediction.etl.transform.silver_to_gold - Gold splits — Train: 2204, Val: 243, Test: 0
2026-06-26 01:01:19,352 [INFO] prediction.models.volume_predictor - [VolumeXGB] Training complete.
2026-06-26 01:01:19,354 [INFO] prediction.models.base - [VolumeXGB] Evaluation: MAE=6742.0934 | RMSE=17805.7493 | MAPE=2092.01% | DirAcc=47.11% | R²=-0.0448
2026-06-26 01:01:19,354 [INFO] prediction.training - [VolumeXGB] Avg CV: MAE=7571.8856 | RMSE=26594.3769 | MAPE=1242.16% | DirAcc=45.11% | R²=-0.0298
2026-06-26 01:01:19,355 [INFO] prediction.training - ============================================================
2026-06-26 01:01:19,355 [INFO] prediction.training - LIQUIDITY CLASSIFICATION TRAINING
2026-06-26 01:01:19,355 [INFO] prediction.training - ============================================================
2026-06-26 01:01:19,364 [INFO] prediction.etl.transform.silver_to_gold - Gold splits — Train: 1701, Val: 252, Test: 494
2026-06-26 01:01:20,242 [INFO] prediction.models.liquidity_classifier - [LiquidityXGB] Training complete. Class distribution: {'low': 435, 'medium': 838, 'high': 428}
2026-06-26 01:01:20,244 [INFO] prediction.models.liquidity_classifier - [LiquidityXGB] Accuracy=51.59% (252 samples)
2026-06-26 01:01:20,253 [INFO] prediction.etl.transform.silver_to_gold - Gold splits — Train: 1953, Val: 251, Test: 243
2026-06-26 01:01:21,174 [INFO] prediction.models.liquidity_classifier - [LiquidityXGB] Training complete. Class distribution: {'low': 524, 'medium': 967, 'high': 462}
2026-06-26 01:01:21,177 [INFO] prediction.models.liquidity_classifier - [LiquidityXGB] Accuracy=45.02% (251 samples)
2026-06-26 01:01:21,186 [INFO] prediction.etl.transform.silver_to_gold - Gold splits — Train: 2204, Val: 243, Test: 0
2026-06-26 01:01:22,106 [INFO] prediction.models.liquidity_classifier - [LiquidityXGB] Training complete. Class distribution: {'low': 621, 'medium': 1073, 'high': 510}
2026-06-26 01:01:22,110 [INFO] prediction.models.liquidity_classifier - [LiquidityXGB] Accuracy=49.38% (243 samples)
2026-06-26 01:01:22,110 [INFO] prediction.training - [LiquidityXGB] Avg CV Accuracy: 48.66%
2026-06-26 01:01:22,111 [INFO] train_all_tickers - [SIAME][LSTM] MAE=0.1097  RMSE=0.1458  MAPE=3.52%  DirAcc=36.03%  R2=0.4318
2026-06-26 01:01:22,111 [INFO] train_all_tickers - [SIAME][XGBoost] MAE=0.0502  RMSE=0.0663  MAPE=1.64%  DirAcc=36.62%  R2=0.8650
2026-06-26 01:01:22,111 [INFO] train_all_tickers - [SIAME][Prophet] MAE=1.0748  RMSE=1.1259  MAPE=31.12%  DirAcc=34.79%  R2=-81.6484
2026-06-26 01:01:22,111 [INFO] train_all_tickers - [SIAME][VolumeXGB] MAE=7571.8856  RMSE=26594.3769  MAPE=1242.16%  DirAcc=45.11%  R2=-0.0298
2026-06-26 01:01:22,111 [INFO] train_all_tickers - [SIAME][LiquidityXGB] MAE=0.0000  RMSE=0.0000  MAPE=0.00%  DirAcc=48.66%  R2=0.0000
2026-06-26 01:01:22,116 [INFO] train_all_tickers - ======================================================================
2026-06-26 01:01:22,116 [INFO] train_all_tickers - [26/37] Training ticker: TAWASOL GP HOLDING  (2453 rows)
2026-06-26 01:01:22,116 [INFO] train_all_tickers - ======================================================================
2026-06-26 01:01:22,141 [WARNING] prediction.training - MLflow setup failed. Tracking disabled.
2026-06-26 01:01:22,145 [INFO] prediction.db_sink - Connected to PostgreSQL postgres:5432/fixtrade
2026-06-26 01:01:22,147 [INFO] prediction.db_sink - Database tables verified/created.
2026-06-26 01:01:22,147 [INFO] prediction.training - ============================================================
2026-06-26 01:01:22,147 [INFO] prediction.training - Training CV split: split_1
2026-06-26 01:01:22,147 [INFO] prediction.training - ============================================================
2026-06-26 01:01:22,156 [INFO] prediction.etl.transform.silver_to_gold - Gold splits — Train: 1697, Val: 252, Test: 494
2026-06-26 01:01:22,161 [INFO] prediction.training - Training LSTM on split_1...
2026-06-26 01:01:22,175 [INFO] prediction.models.lstm - [LSTM] Training device: cuda (NVIDIA GeForce RTX 4060)
2026-06-26 01:01:22,650 [INFO] prediction.models.lstm - [LSTM] Epoch 10/50 — train_loss=0.004920, val_loss=0.004484
2026-06-26 01:01:22,822 [INFO] prediction.models.lstm - [LSTM] Epoch 20/50 — train_loss=0.002610, val_loss=0.001738
2026-06-26 01:01:22,925 [INFO] prediction.models.lstm - [LSTM] Early stopping at epoch 26 (val_loss=0.001967)
2026-06-26 01:01:22,926 [INFO] prediction.models.lstm - [LSTM] Training complete.
2026-06-26 01:01:22,931 [INFO] prediction.models.base - [LSTM] Evaluation: MAE=0.0235 | RMSE=0.0299 | MAPE=3.92% | DirAcc=36.20% | R²=0.7245
2026-06-26 01:01:22,931 [INFO] prediction.training - Training XGBoost on split_1...
2026-06-26 01:01:24,108 [INFO] prediction.models.xgboost_model - [XGBoost] Training complete. Top 5 features: ['cloture', 'ad_line', 'close_lag_1', 'ouverture', 'ema_12']
2026-06-26 01:01:24,111 [INFO] prediction.models.base - [XGBoost] Evaluation: MAE=0.0129 | RMSE=0.0167 | MAPE=2.15% | DirAcc=33.86% | R²=0.9134
2026-06-26 01:01:24,111 [INFO] prediction.training - Training Prophet on split_1...
2026-06-26 01:01:24,809 [INFO] prediction.models.prophet_model - [Prophet] Training complete on 1697 rows.
2026-06-26 01:01:24,843 [INFO] prediction.models.base - [Prophet] Evaluation: MAE=0.0309 | RMSE=0.0403 | MAPE=4.96% | DirAcc=32.67% | R²=0.4994
2026-06-26 01:01:24,843 [INFO] prediction.training - ============================================================
2026-06-26 01:01:24,844 [INFO] prediction.training - Training CV split: split_2
2026-06-26 01:01:24,844 [INFO] prediction.training - ============================================================
2026-06-26 01:01:24,852 [INFO] prediction.etl.transform.silver_to_gold - Gold splits — Train: 1949, Val: 251, Test: 243
2026-06-26 01:01:24,856 [INFO] prediction.training - Training LSTM on split_2...
2026-06-26 01:01:24,869 [INFO] prediction.models.lstm - [LSTM] Training device: cuda (NVIDIA GeForce RTX 4060)
2026-06-26 01:01:25,310 [INFO] prediction.models.lstm - [LSTM] Epoch 10/50 — train_loss=0.006249, val_loss=0.002534
2026-06-26 01:01:25,490 [INFO] prediction.models.lstm - [LSTM] Epoch 20/50 — train_loss=0.002764, val_loss=0.002115
2026-06-26 01:01:25,508 [INFO] prediction.models.lstm - [LSTM] Early stopping at epoch 21 (val_loss=0.002094)
2026-06-26 01:01:25,509 [INFO] prediction.models.lstm - [LSTM] Training complete.
2026-06-26 01:01:25,516 [INFO] prediction.models.base - [LSTM] Evaluation: MAE=0.0260 | RMSE=0.0326 | MAPE=3.86% | DirAcc=30.45% | R²=0.6098
2026-06-26 01:01:25,516 [INFO] prediction.training - Training XGBoost on split_2...
2026-06-26 01:01:26,808 [INFO] prediction.models.xgboost_model - [XGBoost] Training complete. Top 5 features: ['cloture', 'ad_line', 'close_lag_1', 'ouverture', 'close_lag_2']
2026-06-26 01:01:26,810 [INFO] prediction.models.base - [XGBoost] Evaluation: MAE=0.0136 | RMSE=0.0169 | MAPE=2.02% | DirAcc=36.80% | R²=0.8845
2026-06-26 01:01:26,810 [INFO] prediction.training - Training Prophet on split_2...
2026-06-26 01:01:27,989 [INFO] prediction.models.prophet_model - [Prophet] Training complete on 1949 rows.
2026-06-26 01:01:28,025 [INFO] prediction.models.base - [Prophet] Evaluation: MAE=0.0864 | RMSE=0.0994 | MAPE=12.59% | DirAcc=32.40% | R²=-2.9971
2026-06-26 01:01:28,026 [INFO] prediction.training - ============================================================
2026-06-26 01:01:28,026 [INFO] prediction.training - Training CV split: split_3
2026-06-26 01:01:28,026 [INFO] prediction.training - ============================================================
2026-06-26 01:01:28,034 [INFO] prediction.etl.transform.silver_to_gold - Gold splits — Train: 2200, Val: 243, Test: 0
2026-06-26 01:01:28,039 [INFO] prediction.training - Training LSTM on split_3...
2026-06-26 01:01:28,066 [INFO] prediction.models.lstm - [LSTM] Training device: cuda (NVIDIA GeForce RTX 4060)
2026-06-26 01:01:28,441 [INFO] prediction.models.lstm - [LSTM] Epoch 10/50 — train_loss=0.012851, val_loss=0.004233
2026-06-26 01:01:28,682 [INFO] prediction.models.lstm - [LSTM] Epoch 20/50 — train_loss=0.002871, val_loss=0.002797
2026-06-26 01:01:28,910 [INFO] prediction.models.lstm - [LSTM] Epoch 30/50 — train_loss=0.003739, val_loss=0.003604
2026-06-26 01:01:29,108 [INFO] prediction.models.lstm - [LSTM] Early stopping at epoch 39 (val_loss=0.003573)
2026-06-26 01:01:29,109 [INFO] prediction.models.lstm - [LSTM] Training complete.
2026-06-26 01:01:29,116 [INFO] prediction.models.base - [LSTM] Evaluation: MAE=0.0311 | RMSE=0.0377 | MAPE=4.41% | DirAcc=34.91% | R²=0.6269
2026-06-26 01:01:29,116 [INFO] prediction.training - Training XGBoost on split_3...
2026-06-26 01:01:30,485 [INFO] prediction.models.xgboost_model - [XGBoost] Training complete. Top 5 features: ['ad_line', 'cloture', 'close_lag_1', 'ouverture', 'close_lag_2']
2026-06-26 01:01:30,487 [INFO] prediction.models.base - [XGBoost] Evaluation: MAE=0.0158 | RMSE=0.0210 | MAPE=2.22% | DirAcc=35.95% | R²=0.8888
2026-06-26 01:01:30,487 [INFO] prediction.training - Training Prophet on split_3...
2026-06-26 01:01:31,428 [INFO] prediction.models.prophet_model - [Prophet] Training complete on 2200 rows.
2026-06-26 01:01:31,462 [INFO] prediction.models.base - [Prophet] Evaluation: MAE=0.0891 | RMSE=0.1004 | MAPE=12.73% | DirAcc=29.34% | R²=-1.5535
2026-06-26 01:01:31,462 [INFO] prediction.training - ============================================================
2026-06-26 01:01:31,462 [INFO] prediction.training - TRAINING SUMMARY (Averaged across CV splits)
2026-06-26 01:01:31,462 [INFO] prediction.training - ============================================================
2026-06-26 01:01:31,462 [INFO] prediction.training - [LSTM] MAE=0.0269 | RMSE=0.0334 | MAPE=4.07% | DirAcc=33.85% | R²=0.6537
2026-06-26 01:01:31,462 [INFO] prediction.training - [XGBoost] MAE=0.0141 | RMSE=0.0182 | MAPE=2.13% | DirAcc=35.54% | R²=0.8956
2026-06-26 01:01:31,462 [INFO] prediction.training - [Prophet] MAE=0.0688 | RMSE=0.0800 | MAPE=10.09% | DirAcc=31.47% | R²=-1.3504
2026-06-26 01:01:31,462 [INFO] prediction.training - ============================================================
2026-06-26 01:01:31,462 [INFO] prediction.training - VOLUME PREDICTION TRAINING
2026-06-26 01:01:31,462 [INFO] prediction.training - ============================================================
2026-06-26 01:01:31,471 [INFO] prediction.etl.transform.silver_to_gold - Gold splits — Train: 1697, Val: 252, Test: 494
2026-06-26 01:01:32,053 [INFO] prediction.models.volume_predictor - [VolumeXGB] Training complete.
2026-06-26 01:01:32,056 [INFO] prediction.models.base - [VolumeXGB] Evaluation: MAE=29504.2955 | RMSE=61777.1480 | MAPE=955.47% | DirAcc=41.04% | R²=-0.2292
2026-06-26 01:01:32,065 [INFO] prediction.etl.transform.silver_to_gold - Gold splits — Train: 1949, Val: 251, Test: 243
2026-06-26 01:01:32,670 [INFO] prediction.models.volume_predictor - [VolumeXGB] Training complete.
2026-06-26 01:01:32,673 [INFO] prediction.models.base - [VolumeXGB] Evaluation: MAE=11650.1557 | RMSE=23282.8507 | MAPE=1297.80% | DirAcc=43.20% | R²=-0.0958
2026-06-26 01:01:32,683 [INFO] prediction.etl.transform.silver_to_gold - Gold splits — Train: 2200, Val: 243, Test: 0
2026-06-26 01:01:33,295 [INFO] prediction.models.volume_predictor - [VolumeXGB] Training complete.
2026-06-26 01:01:33,297 [INFO] prediction.models.base - [VolumeXGB] Evaluation: MAE=30821.7917 | RMSE=66982.5966 | MAPE=249.51% | DirAcc=52.89% | R²=-0.2105
2026-06-26 01:01:33,297 [INFO] prediction.training - [VolumeXGB] Avg CV: MAE=23992.0810 | RMSE=50680.8651 | MAPE=834.26% | DirAcc=45.71% | R²=-0.1785
2026-06-26 01:01:33,298 [INFO] prediction.training - ============================================================
2026-06-26 01:01:33,298 [INFO] prediction.training - LIQUIDITY CLASSIFICATION TRAINING
2026-06-26 01:01:33,298 [INFO] prediction.training - ============================================================
2026-06-26 01:01:33,309 [INFO] prediction.etl.transform.silver_to_gold - Gold splits — Train: 1697, Val: 252, Test: 494
2026-06-26 01:01:34,074 [INFO] prediction.models.liquidity_classifier - [LiquidityXGB] Training complete. Class distribution: {'low': 297, 'medium': 454, 'high': 946}
2026-06-26 01:01:34,077 [INFO] prediction.models.liquidity_classifier - [LiquidityXGB] Accuracy=59.92% (252 samples)
2026-06-26 01:01:34,088 [INFO] prediction.etl.transform.silver_to_gold - Gold splits — Train: 1949, Val: 251, Test: 243
2026-06-26 01:01:34,887 [INFO] prediction.models.liquidity_classifier - [LiquidityXGB] Training complete. Class distribution: {'low': 319, 'medium': 527, 'high': 1103}
2026-06-26 01:01:34,890 [INFO] prediction.models.liquidity_classifier - [LiquidityXGB] Accuracy=41.83% (251 samples)
2026-06-26 01:01:34,898 [INFO] prediction.etl.transform.silver_to_gold - Gold splits — Train: 2200, Val: 243, Test: 0
2026-06-26 01:01:35,835 [INFO] prediction.models.liquidity_classifier - [LiquidityXGB] Training complete. Class distribution: {'low': 392, 'medium': 615, 'high': 1193}
2026-06-26 01:01:35,838 [INFO] prediction.models.liquidity_classifier - [LiquidityXGB] Accuracy=46.91% (243 samples)
2026-06-26 01:01:35,838 [INFO] prediction.training - [LiquidityXGB] Avg CV Accuracy: 49.56%
2026-06-26 01:01:35,840 [INFO] train_all_tickers - [TAWASOL GP HOLDING][LSTM] MAE=0.0269  RMSE=0.0334  MAPE=4.07%  DirAcc=33.85%  R2=0.6537
2026-06-26 01:01:35,840 [INFO] train_all_tickers - [TAWASOL GP HOLDING][XGBoost] MAE=0.0141  RMSE=0.0182  MAPE=2.13%  DirAcc=35.54%  R2=0.8956
2026-06-26 01:01:35,840 [INFO] train_all_tickers - [TAWASOL GP HOLDING][Prophet] MAE=0.0688  RMSE=0.0800  MAPE=10.09%  DirAcc=31.47%  R2=-1.3504
2026-06-26 01:01:35,840 [INFO] train_all_tickers - [TAWASOL GP HOLDING][VolumeXGB] MAE=23992.0810  RMSE=50680.8651  MAPE=834.26%  DirAcc=45.71%  R2=-0.1785
2026-06-26 01:01:35,840 [INFO] train_all_tickers - [TAWASOL GP HOLDING][LiquidityXGB] MAE=0.0000  RMSE=0.0000  MAPE=0.00%  DirAcc=49.56%  R2=0.0000
2026-06-26 01:01:35,845 [INFO] train_all_tickers - ======================================================================
2026-06-26 01:01:35,846 [INFO] train_all_tickers - [27/37] Training ticker: DELICE HOLDING  (2452 rows)
2026-06-26 01:01:35,846 [INFO] train_all_tickers - ======================================================================
2026-06-26 01:01:35,870 [WARNING] prediction.training - MLflow setup failed. Tracking disabled.
2026-06-26 01:01:35,875 [INFO] prediction.db_sink - Connected to PostgreSQL postgres:5432/fixtrade
2026-06-26 01:01:35,877 [INFO] prediction.db_sink - Database tables verified/created.
2026-06-26 01:01:35,877 [INFO] prediction.training - ============================================================
2026-06-26 01:01:35,877 [INFO] prediction.training - Training CV split: split_1
2026-06-26 01:01:35,877 [INFO] prediction.training - ============================================================
2026-06-26 01:01:35,887 [INFO] prediction.etl.transform.silver_to_gold - Gold splits — Train: 1696, Val: 252, Test: 494
2026-06-26 01:01:35,890 [INFO] prediction.training - Training LSTM on split_1...
2026-06-26 01:01:35,905 [INFO] prediction.models.lstm - [LSTM] Training device: cuda (NVIDIA GeForce RTX 4060)
2026-06-26 01:01:36,444 [INFO] prediction.models.lstm - [LSTM] Epoch 10/50 — train_loss=0.010089, val_loss=0.014243
2026-06-26 01:01:36,660 [INFO] prediction.models.lstm - [LSTM] Epoch 20/50 — train_loss=0.006065, val_loss=0.003264
2026-06-26 01:01:36,724 [INFO] prediction.models.lstm - [LSTM] Early stopping at epoch 24 (val_loss=0.003684)
2026-06-26 01:01:36,725 [INFO] prediction.models.lstm - [LSTM] Training complete.
2026-06-26 01:01:36,729 [INFO] prediction.models.base - [LSTM] Evaluation: MAE=0.3595 | RMSE=0.4325 | MAPE=2.94% | DirAcc=34.39% | R²=0.5335
2026-06-26 01:01:36,730 [INFO] prediction.training - Training XGBoost on split_1...
2026-06-26 01:01:38,556 [INFO] prediction.models.xgboost_model - [XGBoost] Training complete. Top 5 features: ['close_lag_1', 'cloture', 'close_lag_2', 'ema_12', 'close_lag_3']
2026-06-26 01:01:38,558 [INFO] prediction.models.base - [XGBoost] Evaluation: MAE=0.1383 | RMSE=0.1817 | MAPE=1.12% | DirAcc=31.08% | R²=0.9154
2026-06-26 01:01:38,558 [INFO] prediction.training - Training Prophet on split_1...
2026-06-26 01:01:39,074 [INFO] prediction.models.prophet_model - [Prophet] Training complete on 1696 rows.
2026-06-26 01:01:39,109 [INFO] prediction.models.base - [Prophet] Evaluation: MAE=0.9021 | RMSE=1.3611 | MAPE=7.60% | DirAcc=33.07% | R²=-3.7464
2026-06-26 01:01:39,109 [INFO] prediction.training - ============================================================
2026-06-26 01:01:39,109 [INFO] prediction.training - Training CV split: split_2
2026-06-26 01:01:39,109 [INFO] prediction.training - ============================================================
2026-06-26 01:01:39,118 [INFO] prediction.etl.transform.silver_to_gold - Gold splits — Train: 1948, Val: 251, Test: 243
2026-06-26 01:01:39,122 [INFO] prediction.training - Training LSTM on split_2...
2026-06-26 01:01:39,136 [INFO] prediction.models.lstm - [LSTM] Training device: cuda (NVIDIA GeForce RTX 4060)
2026-06-26 01:01:39,529 [INFO] prediction.models.lstm - [LSTM] Epoch 10/50 — train_loss=0.025873, val_loss=0.015240
2026-06-26 01:01:39,759 [INFO] prediction.models.lstm - [LSTM] Epoch 20/50 — train_loss=0.004815, val_loss=0.008659
2026-06-26 01:01:39,947 [INFO] prediction.models.lstm - [LSTM] Epoch 30/50 — train_loss=0.004040, val_loss=0.017163
2026-06-26 01:01:40,062 [INFO] prediction.models.lstm - [LSTM] Early stopping at epoch 36 (val_loss=0.013832)
2026-06-26 01:01:40,062 [INFO] prediction.models.lstm - [LSTM] Training complete.
2026-06-26 01:01:40,068 [INFO] prediction.models.base - [LSTM] Evaluation: MAE=0.2970 | RMSE=0.3755 | MAPE=2.33% | DirAcc=40.45% | R²=0.9663
2026-06-26 01:01:40,068 [INFO] prediction.training - Training XGBoost on split_2...
2026-06-26 01:01:41,791 [INFO] prediction.models.xgboost_model - [XGBoost] Training complete. Top 5 features: ['close_lag_1', 'cloture', 'close_lag_2', 'ema_12', 'close_lag_3']
2026-06-26 01:01:41,794 [INFO] prediction.models.base - [XGBoost] Evaluation: MAE=0.1470 | RMSE=0.1798 | MAPE=1.12% | DirAcc=42.80% | R²=0.9928
2026-06-26 01:01:41,794 [INFO] prediction.training - Training Prophet on split_2...
2026-06-26 01:01:42,841 [INFO] prediction.models.prophet_model - [Prophet] Training complete on 1948 rows.
2026-06-26 01:01:42,881 [INFO] prediction.models.base - [Prophet] Evaluation: MAE=1.0068 | RMSE=1.1692 | MAPE=8.36% | DirAcc=41.20% | R²=0.6950
2026-06-26 01:01:42,881 [INFO] prediction.training - ============================================================
2026-06-26 01:01:42,881 [INFO] prediction.training - Training CV split: split_3
2026-06-26 01:01:42,881 [INFO] prediction.training - ============================================================
2026-06-26 01:01:42,890 [INFO] prediction.etl.transform.silver_to_gold - Gold splits — Train: 2199, Val: 243, Test: 0
2026-06-26 01:01:42,894 [INFO] prediction.training - Training LSTM on split_3...
2026-06-26 01:01:42,911 [INFO] prediction.models.lstm - [LSTM] Training device: cuda (NVIDIA GeForce RTX 4060)
2026-06-26 01:01:43,382 [INFO] prediction.models.lstm - [LSTM] Epoch 10/50 — train_loss=0.015115, val_loss=0.152105
2026-06-26 01:01:43,606 [INFO] prediction.models.lstm - [LSTM] Epoch 20/50 — train_loss=0.006215, val_loss=0.162439
2026-06-26 01:01:43,861 [INFO] prediction.models.lstm - [LSTM] Epoch 30/50 — train_loss=0.003182, val_loss=0.134749
2026-06-26 01:01:43,932 [INFO] prediction.models.lstm - [LSTM] Early stopping at epoch 33 (val_loss=0.135496)
2026-06-26 01:01:43,933 [INFO] prediction.models.lstm - [LSTM] Training complete.
2026-06-26 01:01:43,940 [INFO] prediction.models.base - [LSTM] Evaluation: MAE=2.4905 | RMSE=3.1016 | MAPE=13.16% | DirAcc=40.09% | R²=0.6722
2026-06-26 01:01:43,940 [INFO] prediction.training - Training XGBoost on split_3...
2026-06-26 01:01:45,689 [INFO] prediction.models.xgboost_model - [XGBoost] Training complete. Top 5 features: ['close_lag_1', 'cloture', 'close_lag_2', 'ema_12', 'plus_haut']
2026-06-26 01:01:45,691 [INFO] prediction.models.base - [XGBoost] Evaluation: MAE=2.3440 | RMSE=3.5975 | MAPE=10.37% | DirAcc=44.21% | R²=0.5010
2026-06-26 01:01:45,692 [INFO] prediction.training - Training Prophet on split_3...
2026-06-26 01:01:46,713 [INFO] prediction.models.prophet_model - [Prophet] Training complete on 2199 rows.
2026-06-26 01:01:46,748 [INFO] prediction.models.base - [Prophet] Evaluation: MAE=6.1145 | RMSE=7.2117 | MAPE=33.36% | DirAcc=45.04% | R²=-1.0053
2026-06-26 01:01:46,749 [INFO] prediction.training - ============================================================
2026-06-26 01:01:46,749 [INFO] prediction.training - TRAINING SUMMARY (Averaged across CV splits)
2026-06-26 01:01:46,749 [INFO] prediction.training - ============================================================
2026-06-26 01:01:46,749 [INFO] prediction.training - [LSTM] MAE=1.0490 | RMSE=1.3032 | MAPE=6.14% | DirAcc=38.31% | R²=0.7240
2026-06-26 01:01:46,749 [INFO] prediction.training - [XGBoost] MAE=0.8764 | RMSE=1.3197 | MAPE=4.20% | DirAcc=39.36% | R²=0.8031
2026-06-26 01:01:46,749 [INFO] prediction.training - [Prophet] MAE=2.6745 | RMSE=3.2473 | MAPE=16.44% | DirAcc=39.77% | R²=-1.3522
2026-06-26 01:01:46,749 [INFO] prediction.training - ============================================================
2026-06-26 01:01:46,749 [INFO] prediction.training - VOLUME PREDICTION TRAINING
2026-06-26 01:01:46,749 [INFO] prediction.training - ============================================================
2026-06-26 01:01:46,758 [INFO] prediction.etl.transform.silver_to_gold - Gold splits — Train: 1696, Val: 252, Test: 494
2026-06-26 01:01:47,544 [INFO] prediction.models.volume_predictor - [VolumeXGB] Training complete.
2026-06-26 01:01:47,548 [INFO] prediction.models.base - [VolumeXGB] Evaluation: MAE=4442.5302 | RMSE=14428.6762 | MAPE=1251.04% | DirAcc=43.82% | R²=-0.0606
2026-06-26 01:01:47,558 [INFO] prediction.etl.transform.silver_to_gold - Gold splits — Train: 1948, Val: 251, Test: 243
2026-06-26 01:01:48,474 [INFO] prediction.models.volume_predictor - [VolumeXGB] Training complete.
2026-06-26 01:01:48,477 [INFO] prediction.models.base - [VolumeXGB] Evaluation: MAE=23471.2394 | RMSE=76746.9387 | MAPE=82.74% | DirAcc=45.20% | R²=-0.0848
2026-06-26 01:01:48,488 [INFO] prediction.etl.transform.silver_to_gold - Gold splits — Train: 2199, Val: 243, Test: 0
2026-06-26 01:01:49,302 [INFO] prediction.models.volume_predictor - [VolumeXGB] Training complete.
2026-06-26 01:01:49,305 [INFO] prediction.models.base - [VolumeXGB] Evaluation: MAE=11064.5464 | RMSE=24606.8464 | MAPE=71.46% | DirAcc=47.93% | R²=-0.2336
2026-06-26 01:01:49,305 [INFO] prediction.training - [VolumeXGB] Avg CV: MAE=12992.7720 | RMSE=38594.1538 | MAPE=468.41% | DirAcc=45.65% | R²=-0.1263
2026-06-26 01:01:49,306 [INFO] prediction.training - ============================================================
2026-06-26 01:01:49,306 [INFO] prediction.training - LIQUIDITY CLASSIFICATION TRAINING
2026-06-26 01:01:49,306 [INFO] prediction.training - ============================================================
2026-06-26 01:01:49,319 [INFO] prediction.etl.transform.silver_to_gold - Gold splits — Train: 1696, Val: 252, Test: 494
2026-06-26 01:01:50,195 [INFO] prediction.models.liquidity_classifier - [LiquidityXGB] Training complete. Class distribution: {'low': 720, 'medium': 755, 'high': 221}
2026-06-26 01:01:50,198 [INFO] prediction.models.liquidity_classifier - [LiquidityXGB] Accuracy=49.21% (252 samples)
2026-06-26 01:01:50,207 [INFO] prediction.etl.transform.silver_to_gold - Gold splits — Train: 1948, Val: 251, Test: 243
2026-06-26 01:01:51,189 [INFO] prediction.models.liquidity_classifier - [LiquidityXGB] Training complete. Class distribution: {'low': 821, 'medium': 881, 'high': 246}
2026-06-26 01:01:51,192 [INFO] prediction.models.liquidity_classifier - [LiquidityXGB] Accuracy=53.78% (251 samples)
2026-06-26 01:01:51,203 [INFO] prediction.etl.transform.silver_to_gold - Gold splits — Train: 2199, Val: 243, Test: 0
2026-06-26 01:01:52,203 [INFO] prediction.models.liquidity_classifier - [LiquidityXGB] Training complete. Class distribution: {'low': 838, 'medium': 1020, 'high': 341}
2026-06-26 01:01:52,206 [INFO] prediction.models.liquidity_classifier - [LiquidityXGB] Accuracy=45.68% (243 samples)
2026-06-26 01:01:52,206 [INFO] prediction.training - [LiquidityXGB] Avg CV Accuracy: 49.56%
2026-06-26 01:01:52,208 [INFO] train_all_tickers - [DELICE HOLDING][LSTM] MAE=1.0490  RMSE=1.3032  MAPE=6.14%  DirAcc=38.31%  R2=0.7240
2026-06-26 01:01:52,208 [INFO] train_all_tickers - [DELICE HOLDING][XGBoost] MAE=0.8764  RMSE=1.3197  MAPE=4.20%  DirAcc=39.36%  R2=0.8031
2026-06-26 01:01:52,208 [INFO] train_all_tickers - [DELICE HOLDING][Prophet] MAE=2.6745  RMSE=3.2473  MAPE=16.44%  DirAcc=39.77%  R2=-1.3522
2026-06-26 01:01:52,208 [INFO] train_all_tickers - [DELICE HOLDING][VolumeXGB] MAE=12992.7720  RMSE=38594.1538  MAPE=468.41%  DirAcc=45.65%  R2=-0.1263
2026-06-26 01:01:52,208 [INFO] train_all_tickers - [DELICE HOLDING][LiquidityXGB] MAE=0.0000  RMSE=0.0000  MAPE=0.00%  DirAcc=49.56%  R2=0.0000
2026-06-26 01:01:52,213 [INFO] train_all_tickers - ======================================================================
2026-06-26 01:01:52,213 [INFO] train_all_tickers - [28/37] Training ticker: ONE TECH HOLDING  (2450 rows)
2026-06-26 01:01:52,213 [INFO] train_all_tickers - ======================================================================
2026-06-26 01:01:52,238 [WARNING] prediction.training - MLflow setup failed. Tracking disabled.
2026-06-26 01:01:52,244 [INFO] prediction.db_sink - Connected to PostgreSQL postgres:5432/fixtrade
2026-06-26 01:01:52,246 [INFO] prediction.db_sink - Database tables verified/created.
2026-06-26 01:01:52,246 [INFO] prediction.training - ============================================================
2026-06-26 01:01:52,247 [INFO] prediction.training - Training CV split: split_1
2026-06-26 01:01:52,247 [INFO] prediction.training - ============================================================
2026-06-26 01:01:52,258 [INFO] prediction.etl.transform.silver_to_gold - Gold splits — Train: 1694, Val: 252, Test: 494
2026-06-26 01:01:52,264 [INFO] prediction.training - Training LSTM on split_1...
2026-06-26 01:01:52,276 [INFO] prediction.models.lstm - [LSTM] Training device: cuda (NVIDIA GeForce RTX 4060)
2026-06-26 01:01:52,661 [INFO] prediction.models.lstm - [LSTM] Epoch 10/50 — train_loss=0.007824, val_loss=0.001962
2026-06-26 01:01:53,008 [INFO] prediction.models.lstm - [LSTM] Epoch 20/50 — train_loss=0.003402, val_loss=0.001233
2026-06-26 01:01:53,106 [INFO] prediction.models.lstm - [LSTM] Early stopping at epoch 25 (val_loss=0.001447)
2026-06-26 01:01:53,107 [INFO] prediction.models.lstm - [LSTM] Training complete.
2026-06-26 01:01:53,111 [INFO] prediction.models.base - [LSTM] Evaluation: MAE=0.3036 | RMSE=0.3713 | MAPE=3.87% | DirAcc=38.46% | R²=0.4546
2026-06-26 01:01:53,111 [INFO] prediction.training - Training XGBoost on split_1...
2026-06-26 01:01:54,716 [INFO] prediction.models.xgboost_model - [XGBoost] Training complete. Top 5 features: ['close_lag_1', 'cloture', 'close_lag_2', 'plus_haut', 'plus_bas']
2026-06-26 01:01:54,719 [INFO] prediction.models.base - [XGBoost] Evaluation: MAE=0.0798 | RMSE=0.1077 | MAPE=1.03% | DirAcc=37.85% | R²=0.9697
2026-06-26 01:01:54,719 [INFO] prediction.training - Training Prophet on split_1...
2026-06-26 01:01:55,322 [INFO] prediction.models.prophet_model - [Prophet] Training complete on 1694 rows.
2026-06-26 01:01:55,362 [INFO] prediction.models.base - [Prophet] Evaluation: MAE=0.3865 | RMSE=0.4445 | MAPE=4.82% | DirAcc=40.24% | R²=0.4834
2026-06-26 01:01:55,362 [INFO] prediction.training - ============================================================
2026-06-26 01:01:55,362 [INFO] prediction.training - Training CV split: split_2
2026-06-26 01:01:55,362 [INFO] prediction.training - ============================================================
2026-06-26 01:01:55,371 [INFO] prediction.etl.transform.silver_to_gold - Gold splits — Train: 1946, Val: 251, Test: 243
2026-06-26 01:01:55,377 [INFO] prediction.training - Training LSTM on split_2...
2026-06-26 01:01:55,392 [INFO] prediction.models.lstm - [LSTM] Training device: cuda (NVIDIA GeForce RTX 4060)
2026-06-26 01:01:55,735 [INFO] prediction.models.lstm - [LSTM] Epoch 10/50 — train_loss=0.010986, val_loss=0.019617
2026-06-26 01:01:55,754 [INFO] prediction.models.lstm - [LSTM] Early stopping at epoch 11 (val_loss=0.030036)
2026-06-26 01:01:55,755 [INFO] prediction.models.lstm - [LSTM] Training complete.
2026-06-26 01:01:55,760 [INFO] prediction.models.base - [LSTM] Evaluation: MAE=1.0028 | RMSE=1.3621 | MAPE=12.01% | DirAcc=40.91% | R²=-3.4783
2026-06-26 01:01:55,760 [INFO] prediction.training - Training XGBoost on split_2...
2026-06-26 01:01:57,317 [INFO] prediction.models.xgboost_model - [XGBoost] Training complete. Top 5 features: ['close_lag_1', 'cloture', 'close_lag_2', 'plus_haut', 'plus_bas']
2026-06-26 01:01:57,320 [INFO] prediction.models.base - [XGBoost] Evaluation: MAE=0.0920 | RMSE=0.1223 | MAPE=1.04% | DirAcc=36.40% | R²=0.9644
2026-06-26 01:01:57,320 [INFO] prediction.training - Training Prophet on split_2...
2026-06-26 01:01:58,340 [INFO] prediction.models.prophet_model - [Prophet] Training complete on 1946 rows.
2026-06-26 01:01:58,389 [INFO] prediction.models.base - [Prophet] Evaluation: MAE=1.2369 | RMSE=1.2660 | MAPE=14.15% | DirAcc=46.40% | R²=-2.8200
2026-06-26 01:01:58,389 [INFO] prediction.training - ============================================================
2026-06-26 01:01:58,389 [INFO] prediction.training - Training CV split: split_3
2026-06-26 01:01:58,389 [INFO] prediction.training - ============================================================
2026-06-26 01:01:58,403 [INFO] prediction.etl.transform.silver_to_gold - Gold splits — Train: 2197, Val: 243, Test: 0
2026-06-26 01:01:58,409 [INFO] prediction.training - Training LSTM on split_3...
2026-06-26 01:01:58,431 [INFO] prediction.models.lstm - [LSTM] Training device: cuda (NVIDIA GeForce RTX 4060)
2026-06-26 01:01:58,848 [INFO] prediction.models.lstm - [LSTM] Epoch 10/50 — train_loss=0.020085, val_loss=0.004949
2026-06-26 01:01:59,069 [INFO] prediction.models.lstm - [LSTM] Epoch 20/50 — train_loss=0.002955, val_loss=0.001235
2026-06-26 01:01:59,282 [INFO] prediction.models.lstm - [LSTM] Epoch 30/50 — train_loss=0.005571, val_loss=0.001993
2026-06-26 01:01:59,373 [INFO] prediction.models.lstm - [LSTM] Early stopping at epoch 34 (val_loss=0.000477)
2026-06-26 01:01:59,374 [INFO] prediction.models.lstm - [LSTM] Training complete.
2026-06-26 01:01:59,381 [INFO] prediction.models.base - [LSTM] Evaluation: MAE=0.1815 | RMSE=0.2281 | MAPE=2.03% | DirAcc=39.62% | R²=0.2674
2026-06-26 01:01:59,382 [INFO] prediction.training - Training XGBoost on split_3...
2026-06-26 01:02:00,962 [INFO] prediction.models.xgboost_model - [XGBoost] Training complete. Top 5 features: ['close_lag_1', 'cloture', 'close_lag_2', 'plus_bas', 'plus_haut']
2026-06-26 01:02:00,965 [INFO] prediction.models.base - [XGBoost] Evaluation: MAE=0.0642 | RMSE=0.0860 | MAPE=0.72% | DirAcc=51.24% | R²=0.8891
2026-06-26 01:02:00,965 [INFO] prediction.training - Training Prophet on split_3...
2026-06-26 01:02:02,337 [INFO] prediction.models.prophet_model - [Prophet] Training complete on 2197 rows.
2026-06-26 01:02:02,371 [INFO] prediction.models.base - [Prophet] Evaluation: MAE=1.6343 | RMSE=1.8265 | MAPE=17.98% | DirAcc=35.95% | R²=-48.9906
2026-06-26 01:02:02,371 [INFO] prediction.training - ============================================================
2026-06-26 01:02:02,371 [INFO] prediction.training - TRAINING SUMMARY (Averaged across CV splits)
2026-06-26 01:02:02,371 [INFO] prediction.training - ============================================================
2026-06-26 01:02:02,371 [INFO] prediction.training - [LSTM] MAE=0.4960 | RMSE=0.6538 | MAPE=5.97% | DirAcc=39.66% | R²=-0.9188
2026-06-26 01:02:02,371 [INFO] prediction.training - [XGBoost] MAE=0.0787 | RMSE=0.1053 | MAPE=0.93% | DirAcc=41.83% | R²=0.9410
2026-06-26 01:02:02,371 [INFO] prediction.training - [Prophet] MAE=1.0859 | RMSE=1.1790 | MAPE=12.32% | DirAcc=40.86% | R²=-17.1091
2026-06-26 01:02:02,371 [INFO] prediction.training - ============================================================
2026-06-26 01:02:02,371 [INFO] prediction.training - VOLUME PREDICTION TRAINING
2026-06-26 01:02:02,371 [INFO] prediction.training - ============================================================
2026-06-26 01:02:02,381 [INFO] prediction.etl.transform.silver_to_gold - Gold splits — Train: 1694, Val: 252, Test: 494
2026-06-26 01:02:03,021 [INFO] prediction.models.volume_predictor - [VolumeXGB] Training complete.
2026-06-26 01:02:03,023 [INFO] prediction.models.base - [VolumeXGB] Evaluation: MAE=6566.0360 | RMSE=12755.0521 | MAPE=370.09% | DirAcc=42.23% | R²=-0.1283
2026-06-26 01:02:03,032 [INFO] prediction.etl.transform.silver_to_gold - Gold splits — Train: 1946, Val: 251, Test: 243
2026-06-26 01:02:03,709 [INFO] prediction.models.volume_predictor - [VolumeXGB] Training complete.
2026-06-26 01:02:03,712 [INFO] prediction.models.base - [VolumeXGB] Evaluation: MAE=135848.7500 | RMSE=1035299.4438 | MAPE=119.10% | DirAcc=36.40% | R²=-0.0150
2026-06-26 01:02:03,722 [INFO] prediction.etl.transform.silver_to_gold - Gold splits — Train: 2197, Val: 243, Test: 0
2026-06-26 01:02:04,451 [INFO] prediction.models.volume_predictor - [VolumeXGB] Training complete.
2026-06-26 01:02:04,454 [INFO] prediction.models.base - [VolumeXGB] Evaluation: MAE=20271.9212 | RMSE=35943.0405 | MAPE=254.39% | DirAcc=48.76% | R²=-0.0750
2026-06-26 01:02:04,454 [INFO] prediction.training - [VolumeXGB] Avg CV: MAE=54228.9024 | RMSE=361332.5121 | MAPE=247.86% | DirAcc=42.46% | R²=-0.0728
2026-06-26 01:02:04,454 [INFO] prediction.training - ============================================================
2026-06-26 01:02:04,454 [INFO] prediction.training - LIQUIDITY CLASSIFICATION TRAINING
2026-06-26 01:02:04,454 [INFO] prediction.training - ============================================================
2026-06-26 01:02:04,465 [INFO] prediction.etl.transform.silver_to_gold - Gold splits — Train: 1694, Val: 252, Test: 494
2026-06-26 01:02:05,344 [INFO] prediction.models.liquidity_classifier - [LiquidityXGB] Training complete. Class distribution: {'low': 232, 'medium': 1130, 'high': 332}
2026-06-26 01:02:05,347 [INFO] prediction.models.liquidity_classifier - [LiquidityXGB] Accuracy=61.90% (252 samples)
2026-06-26 01:02:05,359 [INFO] prediction.etl.transform.silver_to_gold - Gold splits — Train: 1946, Val: 251, Test: 243
2026-06-26 01:02:06,253 [INFO] prediction.models.liquidity_classifier - [LiquidityXGB] Training complete. Class distribution: {'low': 269, 'medium': 1287, 'high': 390}
2026-06-26 01:02:06,255 [INFO] prediction.models.liquidity_classifier - [LiquidityXGB] Accuracy=56.18% (251 samples)
2026-06-26 01:02:06,265 [INFO] prediction.etl.transform.silver_to_gold - Gold splits — Train: 2197, Val: 243, Test: 0
2026-06-26 01:02:07,204 [INFO] prediction.models.liquidity_classifier - [LiquidityXGB] Training complete. Class distribution: {'low': 279, 'medium': 1396, 'high': 522}
2026-06-26 01:02:07,207 [INFO] prediction.models.liquidity_classifier - [LiquidityXGB] Accuracy=58.44% (243 samples)
2026-06-26 01:02:07,207 [INFO] prediction.training - [LiquidityXGB] Avg CV Accuracy: 58.84%
2026-06-26 01:02:07,208 [INFO] train_all_tickers - [ONE TECH HOLDING][LSTM] MAE=0.4960  RMSE=0.6538  MAPE=5.97%  DirAcc=39.66%  R2=-0.9188
2026-06-26 01:02:07,208 [INFO] train_all_tickers - [ONE TECH HOLDING][XGBoost] MAE=0.0787  RMSE=0.1053  MAPE=0.93%  DirAcc=41.83%  R2=0.9410
2026-06-26 01:02:07,208 [INFO] train_all_tickers - [ONE TECH HOLDING][Prophet] MAE=1.0859  RMSE=1.1790  MAPE=12.32%  DirAcc=40.86%  R2=-17.1091
2026-06-26 01:02:07,208 [INFO] train_all_tickers - [ONE TECH HOLDING][VolumeXGB] MAE=54228.9024  RMSE=361332.5121  MAPE=247.86%  DirAcc=42.46%  R2=-0.0728
2026-06-26 01:02:07,208 [INFO] train_all_tickers - [ONE TECH HOLDING][LiquidityXGB] MAE=0.0000  RMSE=0.0000  MAPE=0.00%  DirAcc=58.84%  R2=0.0000
2026-06-26 01:02:07,213 [INFO] train_all_tickers - ======================================================================
2026-06-26 01:02:07,213 [INFO] train_all_tickers - [29/37] Training ticker: UADH  (2441 rows)
2026-06-26 01:02:07,213 [INFO] train_all_tickers - ======================================================================
2026-06-26 01:02:07,238 [WARNING] prediction.training - MLflow setup failed. Tracking disabled.
2026-06-26 01:02:07,242 [INFO] prediction.db_sink - Connected to PostgreSQL postgres:5432/fixtrade
2026-06-26 01:02:07,245 [INFO] prediction.db_sink - Database tables verified/created.
2026-06-26 01:02:07,245 [INFO] prediction.training - ============================================================
2026-06-26 01:02:07,245 [INFO] prediction.training - Training CV split: split_1
2026-06-26 01:02:07,245 [INFO] prediction.training - ============================================================
2026-06-26 01:02:07,254 [INFO] prediction.etl.transform.silver_to_gold - Gold splits — Train: 1685, Val: 252, Test: 494
2026-06-26 01:02:07,257 [INFO] prediction.training - Training LSTM on split_1...
2026-06-26 01:02:07,268 [INFO] prediction.models.lstm - [LSTM] Training device: cuda (NVIDIA GeForce RTX 4060)
2026-06-26 01:02:07,633 [INFO] prediction.models.lstm - [LSTM] Epoch 10/50 — train_loss=0.002556, val_loss=0.000585
2026-06-26 01:02:07,812 [INFO] prediction.models.lstm - [LSTM] Epoch 20/50 — train_loss=0.000963, val_loss=0.000188
2026-06-26 01:02:07,977 [INFO] prediction.models.lstm - [LSTM] Epoch 30/50 — train_loss=0.000795, val_loss=0.000146
2026-06-26 01:02:08,149 [INFO] prediction.models.lstm - [LSTM] Epoch 40/50 — train_loss=0.003028, val_loss=0.000108
2026-06-26 01:02:08,315 [INFO] prediction.models.lstm - [LSTM] Epoch 50/50 — train_loss=0.000675, val_loss=0.000104
2026-06-26 01:02:08,317 [INFO] prediction.models.lstm - [LSTM] Training complete.
2026-06-26 01:02:08,323 [INFO] prediction.models.base - [LSTM] Evaluation: MAE=0.0513 | RMSE=0.0659 | MAPE=15.08% | DirAcc=37.10% | R²=0.6429
2026-06-26 01:02:08,323 [INFO] prediction.training - Training XGBoost on split_1...
2026-06-26 01:02:09,992 [INFO] prediction.models.xgboost_model - [XGBoost] Training complete. Top 5 features: ['plus_bas', 'plus_haut', 'cloture', 'close_lag_1', 'ema_12']
2026-06-26 01:02:09,994 [INFO] prediction.models.base - [XGBoost] Evaluation: MAE=0.0568 | RMSE=0.0729 | MAPE=20.26% | DirAcc=48.21% | R²=0.5111
2026-06-26 01:02:09,994 [INFO] prediction.training - Training Prophet on split_1...
2026-06-26 01:02:10,756 [INFO] prediction.models.prophet_model - [Prophet] Training complete on 1685 rows.
2026-06-26 01:02:10,796 [INFO] prediction.models.base - [Prophet] Evaluation: MAE=4.7647 | RMSE=4.9139 | MAPE=1447.01% | DirAcc=40.64% | R²=-2218.1898
2026-06-26 01:02:10,796 [INFO] prediction.training - ============================================================
2026-06-26 01:02:10,796 [INFO] prediction.training - Training CV split: split_2
2026-06-26 01:02:10,796 [INFO] prediction.training - ============================================================
2026-06-26 01:02:10,804 [INFO] prediction.etl.transform.silver_to_gold - Gold splits — Train: 1937, Val: 251, Test: 243
2026-06-26 01:02:10,808 [INFO] prediction.training - Training LSTM on split_2...
2026-06-26 01:02:10,821 [INFO] prediction.models.lstm - [LSTM] Training device: cuda (NVIDIA GeForce RTX 4060)
2026-06-26 01:02:11,169 [INFO] prediction.models.lstm - [LSTM] Epoch 10/50 — train_loss=0.001738, val_loss=0.000311
2026-06-26 01:02:11,343 [INFO] prediction.models.lstm - [LSTM] Epoch 20/50 — train_loss=0.000883, val_loss=0.000104
2026-06-26 01:02:11,498 [INFO] prediction.models.lstm - [LSTM] Early stopping at epoch 29 (val_loss=0.000226)
2026-06-26 01:02:11,498 [INFO] prediction.models.lstm - [LSTM] Training complete.
2026-06-26 01:02:11,503 [INFO] prediction.models.base - [LSTM] Evaluation: MAE=0.0469 | RMSE=0.0579 | MAPE=9.85% | DirAcc=39.55% | R²=-0.3192
2026-06-26 01:02:11,503 [INFO] prediction.training - Training XGBoost on split_2...
2026-06-26 01:02:12,989 [INFO] prediction.models.xgboost_model - [XGBoost] Training complete. Top 5 features: ['plus_haut', 'cloture', 'plus_bas', 'close_lag_1', 'ouverture']
2026-06-26 01:02:12,992 [INFO] prediction.models.base - [XGBoost] Evaluation: MAE=0.0133 | RMSE=0.0161 | MAPE=2.73% | DirAcc=50.40% | R²=0.9217
2026-06-26 01:02:12,993 [INFO] prediction.training - Training Prophet on split_2...
2026-06-26 01:02:13,944 [INFO] prediction.models.prophet_model - [Prophet] Training complete on 1937 rows.
2026-06-26 01:02:13,981 [INFO] prediction.models.base - [Prophet] Evaluation: MAE=4.6189 | RMSE=4.7672 | MAPE=959.07% | DirAcc=42.00% | R²=-6866.3039
2026-06-26 01:02:13,981 [INFO] prediction.training - ============================================================
2026-06-26 01:02:13,981 [INFO] prediction.training - Training CV split: split_3
2026-06-26 01:02:13,981 [INFO] prediction.training - ============================================================
2026-06-26 01:02:13,990 [INFO] prediction.etl.transform.silver_to_gold - Gold splits — Train: 2188, Val: 243, Test: 0
2026-06-26 01:02:13,994 [INFO] prediction.training - Training LSTM on split_3...
2026-06-26 01:02:14,010 [INFO] prediction.models.lstm - [LSTM] Training device: cuda (NVIDIA GeForce RTX 4060)
2026-06-26 01:02:14,389 [INFO] prediction.models.lstm - [LSTM] Epoch 10/50 — train_loss=0.001605, val_loss=0.000397
2026-06-26 01:02:14,595 [INFO] prediction.models.lstm - [LSTM] Epoch 20/50 — train_loss=0.002497, val_loss=0.000820
2026-06-26 01:02:14,675 [INFO] prediction.models.lstm - [LSTM] Early stopping at epoch 24 (val_loss=0.000248)
2026-06-26 01:02:14,676 [INFO] prediction.models.lstm - [LSTM] Training complete.
2026-06-26 01:02:14,684 [INFO] prediction.models.base - [LSTM] Evaluation: MAE=0.0610 | RMSE=0.0750 | MAPE=11.55% | DirAcc=28.30% | R²=-0.9230
2026-06-26 01:02:14,684 [INFO] prediction.training - Training XGBoost on split_3...
2026-06-26 01:02:16,184 [INFO] prediction.models.xgboost_model - [XGBoost] Training complete. Top 5 features: ['plus_haut', 'cloture', 'plus_bas', 'close_lag_1', 'close_lag_2']
2026-06-26 01:02:16,186 [INFO] prediction.models.base - [XGBoost] Evaluation: MAE=0.0127 | RMSE=0.0154 | MAPE=2.39% | DirAcc=36.36% | R²=0.9214
2026-06-26 01:02:16,186 [INFO] prediction.training - Training Prophet on split_3...
2026-06-26 01:02:17,351 [INFO] prediction.models.prophet_model - [Prophet] Training complete on 2188 rows.
2026-06-26 01:02:17,398 [INFO] prediction.models.base - [Prophet] Evaluation: MAE=4.6500 | RMSE=4.8133 | MAPE=915.91% | DirAcc=32.23% | R²=-7656.6150
2026-06-26 01:02:17,398 [INFO] prediction.training - ============================================================
2026-06-26 01:02:17,398 [INFO] prediction.training - TRAINING SUMMARY (Averaged across CV splits)
2026-06-26 01:02:17,398 [INFO] prediction.training - ============================================================
2026-06-26 01:02:17,398 [INFO] prediction.training - [LSTM] MAE=0.0531 | RMSE=0.0663 | MAPE=12.16% | DirAcc=34.98% | R²=-0.1998
2026-06-26 01:02:17,398 [INFO] prediction.training - [XGBoost] MAE=0.0276 | RMSE=0.0348 | MAPE=8.46% | DirAcc=44.99% | R²=0.7847
2026-06-26 01:02:17,398 [INFO] prediction.training - [Prophet] MAE=4.6779 | RMSE=4.8315 | MAPE=1107.33% | DirAcc=38.29% | R²=-5580.3696
2026-06-26 01:02:17,398 [INFO] prediction.training - ============================================================
2026-06-26 01:02:17,398 [INFO] prediction.training - VOLUME PREDICTION TRAINING
2026-06-26 01:02:17,398 [INFO] prediction.training - ============================================================
2026-06-26 01:02:17,408 [INFO] prediction.etl.transform.silver_to_gold - Gold splits — Train: 1685, Val: 252, Test: 494
2026-06-26 01:02:18,098 [INFO] prediction.models.volume_predictor - [VolumeXGB] Training complete.
2026-06-26 01:02:18,100 [INFO] prediction.models.base - [VolumeXGB] Evaluation: MAE=13140.5331 | RMSE=35023.9987 | MAPE=2440.87% | DirAcc=35.86% | R²=-0.1416
2026-06-26 01:02:18,109 [INFO] prediction.etl.transform.silver_to_gold - Gold splits — Train: 1937, Val: 251, Test: 243
2026-06-26 01:02:18,812 [INFO] prediction.models.volume_predictor - [VolumeXGB] Training complete.
2026-06-26 01:02:18,815 [INFO] prediction.models.base - [VolumeXGB] Evaluation: MAE=7898.2420 | RMSE=18557.0710 | MAPE=547.56% | DirAcc=38.80% | R²=-0.1824
2026-06-26 01:02:18,825 [INFO] prediction.etl.transform.silver_to_gold - Gold splits — Train: 2188, Val: 243, Test: 0
2026-06-26 01:02:19,679 [INFO] prediction.models.volume_predictor - [VolumeXGB] Training complete.
2026-06-26 01:02:19,682 [INFO] prediction.models.base - [VolumeXGB] Evaluation: MAE=7318.4824 | RMSE=18166.8187 | MAPE=399.36% | DirAcc=43.80% | R²=-0.1723
2026-06-26 01:02:19,682 [INFO] prediction.training - [VolumeXGB] Avg CV: MAE=9452.4192 | RMSE=23915.9628 | MAPE=1129.26% | DirAcc=39.49% | R²=-0.1654
2026-06-26 01:02:19,683 [INFO] prediction.training - ============================================================
2026-06-26 01:02:19,683 [INFO] prediction.training - LIQUIDITY CLASSIFICATION TRAINING
2026-06-26 01:02:19,683 [INFO] prediction.training - ============================================================
2026-06-26 01:02:19,693 [INFO] prediction.etl.transform.silver_to_gold - Gold splits — Train: 1685, Val: 252, Test: 494
2026-06-26 01:02:20,562 [INFO] prediction.models.liquidity_classifier - [LiquidityXGB] Training complete. Class distribution: {'low': 544, 'medium': 616, 'high': 525}
2026-06-26 01:02:20,565 [INFO] prediction.models.liquidity_classifier - [LiquidityXGB] Accuracy=45.63% (252 samples)
2026-06-26 01:02:20,575 [INFO] prediction.etl.transform.silver_to_gold - Gold splits — Train: 1937, Val: 251, Test: 243
2026-06-26 01:02:21,448 [INFO] prediction.models.liquidity_classifier - [LiquidityXGB] Training complete. Class distribution: {'low': 698, 'medium': 657, 'high': 582}
2026-06-26 01:02:21,451 [INFO] prediction.models.liquidity_classifier - [LiquidityXGB] Accuracy=44.62% (251 samples)
2026-06-26 01:02:21,460 [INFO] prediction.etl.transform.silver_to_gold - Gold splits — Train: 2188, Val: 243, Test: 0
2026-06-26 01:02:22,347 [INFO] prediction.models.liquidity_classifier - [LiquidityXGB] Training complete. Class distribution: {'low': 827, 'medium': 718, 'high': 643}
2026-06-26 01:02:22,350 [INFO] prediction.models.liquidity_classifier - [LiquidityXGB] Accuracy=42.80% (243 samples)
2026-06-26 01:02:22,350 [INFO] prediction.training - [LiquidityXGB] Avg CV Accuracy: 44.35%
2026-06-26 01:02:22,351 [INFO] train_all_tickers - [UADH][LSTM] MAE=0.0531  RMSE=0.0663  MAPE=12.16%  DirAcc=34.98%  R2=-0.1998
2026-06-26 01:02:22,351 [INFO] train_all_tickers - [UADH][XGBoost] MAE=0.0276  RMSE=0.0348  MAPE=8.46%  DirAcc=44.99%  R2=0.7847
2026-06-26 01:02:22,351 [INFO] train_all_tickers - [UADH][Prophet] MAE=4.6779  RMSE=4.8315  MAPE=1107.33%  DirAcc=38.29%  R2=-5580.3696
2026-06-26 01:02:22,351 [INFO] train_all_tickers - [UADH][VolumeXGB] MAE=9452.4192  RMSE=23915.9628  MAPE=1129.26%  DirAcc=39.49%  R2=-0.1654
2026-06-26 01:02:22,351 [INFO] train_all_tickers - [UADH][LiquidityXGB] MAE=0.0000  RMSE=0.0000  MAPE=0.00%  DirAcc=44.35%  R2=0.0000
2026-06-26 01:02:22,356 [INFO] train_all_tickers - ======================================================================
2026-06-26 01:02:22,356 [INFO] train_all_tickers - [30/37] Training ticker: LAND OR  (2438 rows)
2026-06-26 01:02:22,357 [INFO] train_all_tickers - ======================================================================
2026-06-26 01:02:22,381 [WARNING] prediction.training - MLflow setup failed. Tracking disabled.
2026-06-26 01:02:22,385 [INFO] prediction.db_sink - Connected to PostgreSQL postgres:5432/fixtrade
2026-06-26 01:02:22,388 [INFO] prediction.db_sink - Database tables verified/created.
2026-06-26 01:02:22,388 [INFO] prediction.training - ============================================================
2026-06-26 01:02:22,388 [INFO] prediction.training - Training CV split: split_1
2026-06-26 01:02:22,388 [INFO] prediction.training - ============================================================
2026-06-26 01:02:22,397 [INFO] prediction.etl.transform.silver_to_gold - Gold splits — Train: 1682, Val: 252, Test: 494
2026-06-26 01:02:22,400 [INFO] prediction.training - Training LSTM on split_1...
2026-06-26 01:02:22,411 [INFO] prediction.models.lstm - [LSTM] Training device: cuda (NVIDIA GeForce RTX 4060)
2026-06-26 01:02:22,818 [INFO] prediction.models.lstm - [LSTM] Epoch 10/50 — train_loss=0.010423, val_loss=0.026744
2026-06-26 01:02:22,995 [INFO] prediction.models.lstm - [LSTM] Epoch 20/50 — train_loss=0.003742, val_loss=0.006218
2026-06-26 01:02:23,168 [INFO] prediction.models.lstm - [LSTM] Epoch 30/50 — train_loss=0.002737, val_loss=0.004458
2026-06-26 01:02:23,252 [INFO] prediction.models.lstm - [LSTM] Early stopping at epoch 35 (val_loss=0.005384)
2026-06-26 01:02:23,253 [INFO] prediction.models.lstm - [LSTM] Training complete.
2026-06-26 01:02:23,259 [INFO] prediction.models.base - [LSTM] Evaluation: MAE=0.2826 | RMSE=0.3449 | MAPE=4.59% | DirAcc=36.65% | R²=0.1140
2026-06-26 01:02:23,259 [INFO] prediction.training - Training XGBoost on split_1...
2026-06-26 01:02:24,882 [INFO] prediction.models.xgboost_model - [XGBoost] Training complete. Top 5 features: ['close_lag_1', 'cloture', 'close_lag_2', 'sma_50', 'sma_5']
2026-06-26 01:02:24,885 [INFO] prediction.models.base - [XGBoost] Evaluation: MAE=0.1295 | RMSE=0.1672 | MAPE=2.12% | DirAcc=33.07% | R²=0.7770
2026-06-26 01:02:24,886 [INFO] prediction.training - Training Prophet on split_1...
2026-06-26 01:02:25,527 [INFO] prediction.models.prophet_model - [Prophet] Training complete on 1682 rows.
2026-06-26 01:02:25,563 [INFO] prediction.models.base - [Prophet] Evaluation: MAE=1.3481 | RMSE=1.5694 | MAPE=21.90% | DirAcc=32.27% | R²=-18.6527
2026-06-26 01:02:25,563 [INFO] prediction.training - ============================================================
2026-06-26 01:02:25,563 [INFO] prediction.training - Training CV split: split_2
2026-06-26 01:02:25,563 [INFO] prediction.training - ============================================================
2026-06-26 01:02:25,572 [INFO] prediction.etl.transform.silver_to_gold - Gold splits — Train: 1934, Val: 251, Test: 243
2026-06-26 01:02:25,575 [INFO] prediction.training - Training LSTM on split_2...
2026-06-26 01:02:25,589 [INFO] prediction.models.lstm - [LSTM] Training device: cuda (NVIDIA GeForce RTX 4060)
2026-06-26 01:02:25,951 [INFO] prediction.models.lstm - [LSTM] Epoch 10/50 — train_loss=0.009528, val_loss=0.010352
2026-06-26 01:02:26,128 [INFO] prediction.models.lstm - [LSTM] Epoch 20/50 — train_loss=0.003770, val_loss=0.004411
2026-06-26 01:02:26,302 [INFO] prediction.models.lstm - [LSTM] Epoch 30/50 — train_loss=0.009289, val_loss=0.008362
2026-06-26 01:02:26,320 [INFO] prediction.models.lstm - [LSTM] Early stopping at epoch 31 (val_loss=0.004806)
2026-06-26 01:02:26,321 [INFO] prediction.models.lstm - [LSTM] Training complete.
2026-06-26 01:02:26,326 [INFO] prediction.models.base - [LSTM] Evaluation: MAE=0.3439 | RMSE=0.4208 | MAPE=4.19% | DirAcc=37.27% | R²=0.9300
2026-06-26 01:02:26,326 [INFO] prediction.training - Training XGBoost on split_2...
2026-06-26 01:02:27,959 [INFO] prediction.models.xgboost_model - [XGBoost] Training complete. Top 5 features: ['close_lag_1', 'cloture', 'close_lag_2', 'sma_5', 'plus_haut']
2026-06-26 01:02:27,961 [INFO] prediction.models.base - [XGBoost] Evaluation: MAE=0.1447 | RMSE=0.2149 | MAPE=1.66% | DirAcc=38.80% | R²=0.9843
2026-06-26 01:02:27,961 [INFO] prediction.training - Training Prophet on split_2...
2026-06-26 01:02:28,708 [INFO] prediction.models.prophet_model - [Prophet] Training complete on 1934 rows.
2026-06-26 01:02:28,759 [INFO] prediction.models.base - [Prophet] Evaluation: MAE=1.5735 | RMSE=1.6694 | MAPE=18.77% | DirAcc=36.00% | R²=0.0549
2026-06-26 01:02:28,759 [INFO] prediction.training - ============================================================
2026-06-26 01:02:28,759 [INFO] prediction.training - Training CV split: split_3
2026-06-26 01:02:28,759 [INFO] prediction.training - ============================================================
2026-06-26 01:02:28,768 [INFO] prediction.etl.transform.silver_to_gold - Gold splits — Train: 2185, Val: 243, Test: 0
2026-06-26 01:02:28,775 [INFO] prediction.training - Training LSTM on split_3...
2026-06-26 01:02:28,798 [INFO] prediction.models.lstm - [LSTM] Training device: cuda (NVIDIA GeForce RTX 4060)
2026-06-26 01:02:29,177 [INFO] prediction.models.lstm - [LSTM] Epoch 10/50 — train_loss=0.008328, val_loss=0.051981
2026-06-26 01:02:29,324 [INFO] prediction.models.lstm - [LSTM] Early stopping at epoch 17 (val_loss=0.039604)
2026-06-26 01:02:29,325 [INFO] prediction.models.lstm - [LSTM] Training complete.
2026-06-26 01:02:29,333 [INFO] prediction.models.base - [LSTM] Evaluation: MAE=0.8749 | RMSE=1.2976 | MAPE=6.95% | DirAcc=43.87% | R²=0.2159
2026-06-26 01:02:29,333 [INFO] prediction.training - Training XGBoost on split_3...
2026-06-26 01:02:31,160 [INFO] prediction.models.xgboost_model - [XGBoost] Training complete. Top 5 features: ['close_lag_1', 'cloture', 'close_lag_2', 'sma_5', 'plus_haut']
2026-06-26 01:02:31,162 [INFO] prediction.models.base - [XGBoost] Evaluation: MAE=0.8304 | RMSE=1.4825 | MAPE=6.41% | DirAcc=39.67% | R²=-0.1437
2026-06-26 01:02:31,163 [INFO] prediction.training - Training Prophet on split_3...
2026-06-26 01:02:31,716 [INFO] prediction.models.prophet_model - [Prophet] Training complete on 2185 rows.
2026-06-26 01:02:31,755 [INFO] prediction.models.base - [Prophet] Evaluation: MAE=4.5834 | RMSE=4.7208 | MAPE=41.39% | DirAcc=42.56% | R²=-10.5961
2026-06-26 01:02:31,755 [INFO] prediction.training - ============================================================
2026-06-26 01:02:31,755 [INFO] prediction.training - TRAINING SUMMARY (Averaged across CV splits)
2026-06-26 01:02:31,755 [INFO] prediction.training - ============================================================
2026-06-26 01:02:31,755 [INFO] prediction.training - [LSTM] MAE=0.5005 | RMSE=0.6878 | MAPE=5.24% | DirAcc=39.26% | R²=0.4200
2026-06-26 01:02:31,755 [INFO] prediction.training - [XGBoost] MAE=0.3682 | RMSE=0.6215 | MAPE=3.40% | DirAcc=37.18% | R²=0.5392
2026-06-26 01:02:31,755 [INFO] prediction.training - [Prophet] MAE=2.5017 | RMSE=2.6532 | MAPE=27.35% | DirAcc=36.94% | R²=-9.7313
2026-06-26 01:02:31,755 [INFO] prediction.training - ============================================================
2026-06-26 01:02:31,755 [INFO] prediction.training - VOLUME PREDICTION TRAINING
2026-06-26 01:02:31,755 [INFO] prediction.training - ============================================================
2026-06-26 01:02:31,764 [INFO] prediction.etl.transform.silver_to_gold - Gold splits — Train: 1682, Val: 252, Test: 494
2026-06-26 01:02:32,455 [INFO] prediction.models.volume_predictor - [VolumeXGB] Training complete.
2026-06-26 01:02:32,458 [INFO] prediction.models.base - [VolumeXGB] Evaluation: MAE=2220.2301 | RMSE=5062.7332 | MAPE=1609.85% | DirAcc=51.00% | R²=-0.0364
2026-06-26 01:02:32,469 [INFO] prediction.etl.transform.silver_to_gold - Gold splits — Train: 1934, Val: 251, Test: 243
2026-06-26 01:02:33,182 [INFO] prediction.models.volume_predictor - [VolumeXGB] Training complete.
2026-06-26 01:02:33,184 [INFO] prediction.models.base - [VolumeXGB] Evaluation: MAE=2725.2568 | RMSE=7630.9142 | MAPE=708.27% | DirAcc=46.80% | R²=-0.0368
2026-06-26 01:02:33,194 [INFO] prediction.etl.transform.silver_to_gold - Gold splits — Train: 2185, Val: 243, Test: 0
2026-06-26 01:02:33,933 [INFO] prediction.models.volume_predictor - [VolumeXGB] Training complete.
2026-06-26 01:02:33,936 [INFO] prediction.models.base - [VolumeXGB] Evaluation: MAE=6747.2216 | RMSE=18333.1180 | MAPE=744.47% | DirAcc=47.52% | R²=-0.1335
2026-06-26 01:02:33,936 [INFO] prediction.training - [VolumeXGB] Avg CV: MAE=3897.5695 | RMSE=10342.2551 | MAPE=1020.86% | DirAcc=48.44% | R²=-0.0689
2026-06-26 01:02:33,936 [INFO] prediction.training - ============================================================
2026-06-26 01:02:33,936 [INFO] prediction.training - LIQUIDITY CLASSIFICATION TRAINING
2026-06-26 01:02:33,936 [INFO] prediction.training - ============================================================
2026-06-26 01:02:33,945 [INFO] prediction.etl.transform.silver_to_gold - Gold splits — Train: 1682, Val: 252, Test: 494
2026-06-26 01:02:34,831 [INFO] prediction.models.liquidity_classifier - [LiquidityXGB] Training complete. Class distribution: {'low': 759, 'medium': 730, 'high': 193}
2026-06-26 01:02:34,834 [INFO] prediction.models.liquidity_classifier - [LiquidityXGB] Accuracy=60.32% (252 samples)
2026-06-26 01:02:34,844 [INFO] prediction.etl.transform.silver_to_gold - Gold splits — Train: 1934, Val: 251, Test: 243
2026-06-26 01:02:35,817 [INFO] prediction.models.liquidity_classifier - [LiquidityXGB] Training complete. Class distribution: {'low': 907, 'medium': 820, 'high': 207}
2026-06-26 01:02:35,820 [INFO] prediction.models.liquidity_classifier - [LiquidityXGB] Accuracy=55.38% (251 samples)
2026-06-26 01:02:35,833 [INFO] prediction.etl.transform.silver_to_gold - Gold splits — Train: 2185, Val: 243, Test: 0
2026-06-26 01:02:36,878 [INFO] prediction.models.liquidity_classifier - [LiquidityXGB] Training complete. Class distribution: {'low': 1039, 'medium': 920, 'high': 226}
2026-06-26 01:02:36,880 [INFO] prediction.models.liquidity_classifier - [LiquidityXGB] Accuracy=44.03% (243 samples)
2026-06-26 01:02:36,881 [INFO] prediction.training - [LiquidityXGB] Avg CV Accuracy: 53.24%
2026-06-26 01:02:36,882 [INFO] train_all_tickers - [LAND OR][LSTM] MAE=0.5005  RMSE=0.6878  MAPE=5.24%  DirAcc=39.26%  R2=0.4200
2026-06-26 01:02:36,882 [INFO] train_all_tickers - [LAND OR][XGBoost] MAE=0.3682  RMSE=0.6215  MAPE=3.40%  DirAcc=37.18%  R2=0.5392
2026-06-26 01:02:36,882 [INFO] train_all_tickers - [LAND OR][Prophet] MAE=2.5017  RMSE=2.6532  MAPE=27.35%  DirAcc=36.94%  R2=-9.7313
2026-06-26 01:02:36,882 [INFO] train_all_tickers - [LAND OR][VolumeXGB] MAE=3897.5695  RMSE=10342.2551  MAPE=1020.86%  DirAcc=48.44%  R2=-0.0689
2026-06-26 01:02:36,882 [INFO] train_all_tickers - [LAND OR][LiquidityXGB] MAE=0.0000  RMSE=0.0000  MAPE=0.00%  DirAcc=53.24%  R2=0.0000
2026-06-26 01:02:36,886 [INFO] train_all_tickers - ======================================================================
2026-06-26 01:02:36,887 [INFO] train_all_tickers - [31/37] Training ticker: MPBS  (2437 rows)
2026-06-26 01:02:36,887 [INFO] train_all_tickers - ======================================================================
2026-06-26 01:02:36,912 [WARNING] prediction.training - MLflow setup failed. Tracking disabled.
2026-06-26 01:02:36,916 [INFO] prediction.db_sink - Connected to PostgreSQL postgres:5432/fixtrade
2026-06-26 01:02:36,919 [INFO] prediction.db_sink - Database tables verified/created.
2026-06-26 01:02:36,919 [INFO] prediction.training - ============================================================
2026-06-26 01:02:36,919 [INFO] prediction.training - Training CV split: split_1
2026-06-26 01:02:36,919 [INFO] prediction.training - ============================================================
2026-06-26 01:02:36,929 [INFO] prediction.etl.transform.silver_to_gold - Gold splits — Train: 1681, Val: 252, Test: 494
2026-06-26 01:02:36,932 [INFO] prediction.training - Training LSTM on split_1...
2026-06-26 01:02:36,944 [INFO] prediction.models.lstm - [LSTM] Training device: cuda (NVIDIA GeForce RTX 4060)
2026-06-26 01:02:37,435 [INFO] prediction.models.lstm - [LSTM] Epoch 10/50 — train_loss=0.019513, val_loss=0.004699
2026-06-26 01:02:37,632 [INFO] prediction.models.lstm - [LSTM] Epoch 20/50 — train_loss=0.004090, val_loss=0.002726
2026-06-26 01:02:37,831 [INFO] prediction.models.lstm - [LSTM] Epoch 30/50 — train_loss=0.003160, val_loss=0.002216
2026-06-26 01:02:38,010 [INFO] prediction.models.lstm - [LSTM] Epoch 40/50 — train_loss=0.002321, val_loss=0.001723
2026-06-26 01:02:38,185 [INFO] prediction.models.lstm - [LSTM] Early stopping at epoch 49 (val_loss=0.001817)
2026-06-26 01:02:38,186 [INFO] prediction.models.lstm - [LSTM] Training complete.
2026-06-26 01:02:38,192 [INFO] prediction.models.base - [LSTM] Evaluation: MAE=0.1085 | RMSE=0.1534 | MAPE=2.40% | DirAcc=30.32% | R²=0.7805
2026-06-26 01:02:38,192 [INFO] prediction.training - Training XGBoost on split_1...
2026-06-26 01:02:39,848 [INFO] prediction.models.xgboost_model - [XGBoost] Training complete. Top 5 features: ['close_lag_1', 'cloture', 'close_lag_2', 'plus_haut', 'plus_bas']
2026-06-26 01:02:39,851 [INFO] prediction.models.base - [XGBoost] Evaluation: MAE=0.0814 | RMSE=0.1053 | MAPE=1.84% | DirAcc=27.49% | R²=0.8894
2026-06-26 01:02:39,852 [INFO] prediction.training - Training Prophet on split_1...
2026-06-26 01:02:40,686 [INFO] prediction.models.prophet_model - [Prophet] Training complete on 1681 rows.
2026-06-26 01:02:40,727 [INFO] prediction.models.base - [Prophet] Evaluation: MAE=0.7780 | RMSE=0.8943 | MAPE=17.03% | DirAcc=29.88% | R²=-6.9810
2026-06-26 01:02:40,727 [INFO] prediction.training - ============================================================
2026-06-26 01:02:40,727 [INFO] prediction.training - Training CV split: split_2
2026-06-26 01:02:40,727 [INFO] prediction.training - ============================================================
2026-06-26 01:02:40,736 [INFO] prediction.etl.transform.silver_to_gold - Gold splits — Train: 1933, Val: 251, Test: 243
2026-06-26 01:02:40,740 [INFO] prediction.training - Training LSTM on split_2...
2026-06-26 01:02:40,756 [INFO] prediction.models.lstm - [LSTM] Training device: cuda (NVIDIA GeForce RTX 4060)
2026-06-26 01:02:41,116 [INFO] prediction.models.lstm - [LSTM] Early stopping at epoch 9 (val_loss=0.886236)
2026-06-26 01:02:41,118 [INFO] prediction.models.lstm - [LSTM] Training complete.
2026-06-26 01:02:41,123 [INFO] prediction.models.base - [LSTM] Evaluation: MAE=2.3311 | RMSE=3.1032 | MAPE=25.18% | DirAcc=40.00% | R²=-0.4616
2026-06-26 01:02:41,123 [INFO] prediction.training - Training XGBoost on split_2...
2026-06-26 01:02:42,724 [INFO] prediction.models.xgboost_model - [XGBoost] Training complete. Top 5 features: ['close_lag_1', 'cloture', 'close_lag_2', 'plus_haut', 'plus_bas']
2026-06-26 01:02:42,726 [INFO] prediction.models.base - [XGBoost] Evaluation: MAE=2.0491 | RMSE=3.0637 | MAPE=20.99% | DirAcc=39.20% | R²=-0.3795
2026-06-26 01:02:42,726 [INFO] prediction.training - Training Prophet on split_2...
2026-06-26 01:02:43,655 [INFO] prediction.models.prophet_model - [Prophet] Training complete on 1933 rows.
2026-06-26 01:02:43,694 [INFO] prediction.models.base - [Prophet] Evaluation: MAE=2.9030 | RMSE=3.8795 | MAPE=32.51% | DirAcc=43.60% | R²=-1.2120
2026-06-26 01:02:43,694 [INFO] prediction.training - ============================================================
2026-06-26 01:02:43,694 [INFO] prediction.training - Training CV split: split_3
2026-06-26 01:02:43,694 [INFO] prediction.training - ============================================================
2026-06-26 01:02:43,704 [INFO] prediction.etl.transform.silver_to_gold - Gold splits — Train: 2184, Val: 243, Test: 0
2026-06-26 01:02:43,709 [INFO] prediction.training - Training LSTM on split_3...
2026-06-26 01:02:43,727 [INFO] prediction.models.lstm - [LSTM] Training device: cuda (NVIDIA GeForce RTX 4060)
2026-06-26 01:02:44,171 [INFO] prediction.models.lstm - [LSTM] Epoch 10/50 — train_loss=0.006746, val_loss=0.017868
2026-06-26 01:02:44,408 [INFO] prediction.models.lstm - [LSTM] Epoch 20/50 — train_loss=0.002239, val_loss=0.014227
2026-06-26 01:02:44,803 [INFO] prediction.models.lstm - [LSTM] Epoch 30/50 — train_loss=0.001292, val_loss=0.012621
2026-06-26 01:02:45,045 [INFO] prediction.models.lstm - [LSTM] Epoch 40/50 — train_loss=0.001371, val_loss=0.010611
2026-06-26 01:02:45,296 [INFO] prediction.models.lstm - [LSTM] Epoch 50/50 — train_loss=0.002181, val_loss=0.011076
2026-06-26 01:02:45,296 [INFO] prediction.models.lstm - [LSTM] Training complete.
2026-06-26 01:02:45,305 [INFO] prediction.models.base - [LSTM] Evaluation: MAE=0.6757 | RMSE=0.9770 | MAPE=6.94% | DirAcc=39.62% | R²=0.8185
2026-06-26 01:02:45,305 [INFO] prediction.training - Training XGBoost on split_3...
2026-06-26 01:02:46,852 [INFO] prediction.models.xgboost_model - [XGBoost] Training complete. Top 5 features: ['close_lag_3', 'bollinger_upper', 'close_lag_1', 'ouverture', 'cloture']
2026-06-26 01:02:46,855 [INFO] prediction.models.base - [XGBoost] Evaluation: MAE=2.5867 | RMSE=3.0715 | MAPE=23.93% | DirAcc=38.02% | R²=-0.9729
2026-06-26 01:02:46,855 [INFO] prediction.training - Training Prophet on split_3...
2026-06-26 01:02:47,556 [INFO] prediction.models.prophet_model - [Prophet] Training complete on 2184 rows.
2026-06-26 01:02:47,592 [INFO] prediction.models.base - [Prophet] Evaluation: MAE=6.4431 | RMSE=6.7060 | MAPE=64.49% | DirAcc=39.26% | R²=-8.4047
2026-06-26 01:02:47,592 [INFO] prediction.training - ============================================================
2026-06-26 01:02:47,592 [INFO] prediction.training - TRAINING SUMMARY (Averaged across CV splits)
2026-06-26 01:02:47,592 [INFO] prediction.training - ============================================================
2026-06-26 01:02:47,592 [INFO] prediction.training - [LSTM] MAE=1.0384 | RMSE=1.4112 | MAPE=11.51% | DirAcc=36.65% | R²=0.3791
2026-06-26 01:02:47,593 [INFO] prediction.training - [XGBoost] MAE=1.5724 | RMSE=2.0801 | MAPE=15.59% | DirAcc=34.90% | R²=-0.1544
2026-06-26 01:02:47,593 [INFO] prediction.training - [Prophet] MAE=3.3747 | RMSE=3.8266 | MAPE=38.01% | DirAcc=37.58% | R²=-5.5326
2026-06-26 01:02:47,593 [INFO] prediction.training - ============================================================
2026-06-26 01:02:47,593 [INFO] prediction.training - VOLUME PREDICTION TRAINING
2026-06-26 01:02:47,593 [INFO] prediction.training - ============================================================
2026-06-26 01:02:47,601 [INFO] prediction.etl.transform.silver_to_gold - Gold splits — Train: 1681, Val: 252, Test: 494
2026-06-26 01:02:48,340 [INFO] prediction.models.volume_predictor - [VolumeXGB] Training complete.
2026-06-26 01:02:48,343 [INFO] prediction.models.base - [VolumeXGB] Evaluation: MAE=2877.7404 | RMSE=6281.5712 | MAPE=2379.94% | DirAcc=44.22% | R²=-0.1938
2026-06-26 01:02:48,354 [INFO] prediction.etl.transform.silver_to_gold - Gold splits — Train: 1933, Val: 251, Test: 243
2026-06-26 01:02:49,134 [INFO] prediction.models.volume_predictor - [VolumeXGB] Training complete.
2026-06-26 01:02:49,136 [INFO] prediction.models.base - [VolumeXGB] Evaluation: MAE=3624.8028 | RMSE=9409.7699 | MAPE=1266.51% | DirAcc=47.20% | R²=-0.1193
2026-06-26 01:02:49,148 [INFO] prediction.etl.transform.silver_to_gold - Gold splits — Train: 2184, Val: 243, Test: 0
2026-06-26 01:02:49,932 [INFO] prediction.models.volume_predictor - [VolumeXGB] Training complete.
2026-06-26 01:02:49,935 [INFO] prediction.models.base - [VolumeXGB] Evaluation: MAE=7974.8059 | RMSE=43613.9459 | MAPE=234.71% | DirAcc=46.69% | R²=-0.0306
2026-06-26 01:02:49,935 [INFO] prediction.training - [VolumeXGB] Avg CV: MAE=4825.7831 | RMSE=19768.4290 | MAPE=1293.72% | DirAcc=46.04% | R²=-0.1146
2026-06-26 01:02:49,936 [INFO] prediction.training - ============================================================
2026-06-26 01:02:49,936 [INFO] prediction.training - LIQUIDITY CLASSIFICATION TRAINING
2026-06-26 01:02:49,936 [INFO] prediction.training - ============================================================
2026-06-26 01:02:49,947 [INFO] prediction.etl.transform.silver_to_gold - Gold splits — Train: 1681, Val: 252, Test: 494
2026-06-26 01:02:51,022 [INFO] prediction.models.liquidity_classifier - [LiquidityXGB] Training complete. Class distribution: {'low': 667, 'medium': 751, 'high': 263}
2026-06-26 01:02:51,025 [INFO] prediction.models.liquidity_classifier - [LiquidityXGB] Accuracy=57.54% (252 samples)
2026-06-26 01:02:51,037 [INFO] prediction.etl.transform.silver_to_gold - Gold splits — Train: 1933, Val: 251, Test: 243
2026-06-26 01:02:52,032 [INFO] prediction.models.liquidity_classifier - [LiquidityXGB] Training complete. Class distribution: {'low': 808, 'medium': 839, 'high': 286}
2026-06-26 01:02:52,035 [INFO] prediction.models.liquidity_classifier - [LiquidityXGB] Accuracy=56.97% (251 samples)
2026-06-26 01:02:52,046 [INFO] prediction.etl.transform.silver_to_gold - Gold splits — Train: 2184, Val: 243, Test: 0
2026-06-26 01:02:53,040 [INFO] prediction.models.liquidity_classifier - [LiquidityXGB] Training complete. Class distribution: {'low': 937, 'medium': 932, 'high': 315}
2026-06-26 01:02:53,043 [INFO] prediction.models.liquidity_classifier - [LiquidityXGB] Accuracy=53.91% (243 samples)
2026-06-26 01:02:53,044 [INFO] prediction.training - [LiquidityXGB] Avg CV Accuracy: 56.14%
2026-06-26 01:02:53,046 [INFO] train_all_tickers - [MPBS][LSTM] MAE=1.0384  RMSE=1.4112  MAPE=11.51%  DirAcc=36.65%  R2=0.3791
2026-06-26 01:02:53,046 [INFO] train_all_tickers - [MPBS][XGBoost] MAE=1.5724  RMSE=2.0801  MAPE=15.59%  DirAcc=34.90%  R2=-0.1544
2026-06-26 01:02:53,046 [INFO] train_all_tickers - [MPBS][Prophet] MAE=3.3747  RMSE=3.8266  MAPE=38.01%  DirAcc=37.58%  R2=-5.5326
2026-06-26 01:02:53,046 [INFO] train_all_tickers - [MPBS][VolumeXGB] MAE=4825.7831  RMSE=19768.4290  MAPE=1293.72%  DirAcc=46.04%  R2=-0.1146
2026-06-26 01:02:53,046 [INFO] train_all_tickers - [MPBS][LiquidityXGB] MAE=0.0000  RMSE=0.0000  MAPE=0.00%  DirAcc=56.14%  R2=0.0000
2026-06-26 01:02:53,051 [INFO] train_all_tickers - ======================================================================
2026-06-26 01:02:53,052 [INFO] train_all_tickers - [32/37] Training ticker: ATB  (2435 rows)
2026-06-26 01:02:53,052 [INFO] train_all_tickers - ======================================================================
2026-06-26 01:02:53,076 [WARNING] prediction.training - MLflow setup failed. Tracking disabled.
2026-06-26 01:02:53,081 [INFO] prediction.db_sink - Connected to PostgreSQL postgres:5432/fixtrade
2026-06-26 01:02:53,083 [INFO] prediction.db_sink - Database tables verified/created.
2026-06-26 01:02:53,084 [INFO] prediction.training - ============================================================
2026-06-26 01:02:53,084 [INFO] prediction.training - Training CV split: split_1
2026-06-26 01:02:53,084 [INFO] prediction.training - ============================================================
2026-06-26 01:02:53,094 [INFO] prediction.etl.transform.silver_to_gold - Gold splits — Train: 1679, Val: 252, Test: 494
2026-06-26 01:02:53,097 [INFO] prediction.training - Training LSTM on split_1...
2026-06-26 01:02:53,110 [INFO] prediction.models.lstm - [LSTM] Training device: cuda (NVIDIA GeForce RTX 4060)
2026-06-26 01:02:53,602 [INFO] prediction.models.lstm - [LSTM] Epoch 10/50 — train_loss=0.012437, val_loss=0.003486
2026-06-26 01:02:53,791 [INFO] prediction.models.lstm - [LSTM] Epoch 20/50 — train_loss=0.003919, val_loss=0.001549
2026-06-26 01:02:53,867 [INFO] prediction.models.lstm - [LSTM] Early stopping at epoch 24 (val_loss=0.003459)
2026-06-26 01:02:53,867 [INFO] prediction.models.lstm - [LSTM] Training complete.
2026-06-26 01:02:53,872 [INFO] prediction.models.base - [LSTM] Evaluation: MAE=0.0815 | RMSE=0.1084 | MAPE=2.65% | DirAcc=34.84% | R²=0.8854
2026-06-26 01:02:53,872 [INFO] prediction.training - Training XGBoost on split_1...
2026-06-26 01:02:55,423 [INFO] prediction.models.xgboost_model - [XGBoost] Training complete. Top 5 features: ['close_lag_1', 'cloture', 'plus_haut', 'plus_bas', 'close_lag_2']
2026-06-26 01:02:55,426 [INFO] prediction.models.base - [XGBoost] Evaluation: MAE=0.0471 | RMSE=0.0600 | MAPE=1.63% | DirAcc=37.05% | R²=0.9664
2026-06-26 01:02:55,426 [INFO] prediction.training - Training Prophet on split_1...
2026-06-26 01:02:56,401 [INFO] prediction.models.prophet_model - [Prophet] Training complete on 1679 rows.
2026-06-26 01:02:56,436 [INFO] prediction.models.base - [Prophet] Evaluation: MAE=1.7636 | RMSE=1.7830 | MAPE=60.10% | DirAcc=35.46% | R²=-28.5905
2026-06-26 01:02:56,436 [INFO] prediction.training - ============================================================
2026-06-26 01:02:56,436 [INFO] prediction.training - Training CV split: split_2
2026-06-26 01:02:56,436 [INFO] prediction.training - ============================================================
2026-06-26 01:02:56,445 [INFO] prediction.etl.transform.silver_to_gold - Gold splits — Train: 1931, Val: 251, Test: 243
2026-06-26 01:02:56,449 [INFO] prediction.training - Training LSTM on split_2...
2026-06-26 01:02:56,461 [INFO] prediction.models.lstm - [LSTM] Training device: cuda (NVIDIA GeForce RTX 4060)
2026-06-26 01:02:56,873 [INFO] prediction.models.lstm - [LSTM] Epoch 10/50 — train_loss=0.018158, val_loss=0.004667
2026-06-26 01:02:57,056 [INFO] prediction.models.lstm - [LSTM] Epoch 20/50 — train_loss=0.005598, val_loss=0.001378
2026-06-26 01:02:57,254 [INFO] prediction.models.lstm - [LSTM] Epoch 30/50 — train_loss=0.002629, val_loss=0.001594
2026-06-26 01:02:57,500 [INFO] prediction.models.lstm - [LSTM] Epoch 40/50 — train_loss=0.002229, val_loss=0.001129
2026-06-26 01:02:57,519 [INFO] prediction.models.lstm - [LSTM] Early stopping at epoch 41 (val_loss=0.001120)
2026-06-26 01:02:57,520 [INFO] prediction.models.lstm - [LSTM] Training complete.
2026-06-26 01:02:57,524 [INFO] prediction.models.base - [LSTM] Evaluation: MAE=0.0977 | RMSE=0.1208 | MAPE=3.32% | DirAcc=38.18% | R²=0.7275
2026-06-26 01:02:57,524 [INFO] prediction.training - Training XGBoost on split_2...
2026-06-26 01:02:59,084 [INFO] prediction.models.xgboost_model - [XGBoost] Training complete. Top 5 features: ['close_lag_1', 'cloture', 'plus_haut', 'plus_bas', 'close_lag_2']
2026-06-26 01:02:59,087 [INFO] prediction.models.base - [XGBoost] Evaluation: MAE=0.0348 | RMSE=0.0473 | MAPE=1.20% | DirAcc=33.20% | R²=0.9591
2026-06-26 01:02:59,087 [INFO] prediction.training - Training Prophet on split_2...
2026-06-26 01:03:00,042 [INFO] prediction.models.prophet_model - [Prophet] Training complete on 1931 rows.
2026-06-26 01:03:00,076 [INFO] prediction.models.base - [Prophet] Evaluation: MAE=1.8553 | RMSE=1.8668 | MAPE=64.31% | DirAcc=37.60% | R²=-62.6652
2026-06-26 01:03:00,076 [INFO] prediction.training - ============================================================
2026-06-26 01:03:00,076 [INFO] prediction.training - Training CV split: split_3
2026-06-26 01:03:00,076 [INFO] prediction.training - ============================================================
2026-06-26 01:03:00,086 [INFO] prediction.etl.transform.silver_to_gold - Gold splits — Train: 2182, Val: 243, Test: 0
2026-06-26 01:03:00,089 [INFO] prediction.training - Training LSTM on split_3...
2026-06-26 01:03:00,103 [INFO] prediction.models.lstm - [LSTM] Training device: cuda (NVIDIA GeForce RTX 4060)
2026-06-26 01:03:00,520 [INFO] prediction.models.lstm - [LSTM] Epoch 10/50 — train_loss=0.009152, val_loss=0.011110
2026-06-26 01:03:00,817 [INFO] prediction.models.lstm - [LSTM] Epoch 20/50 — train_loss=0.002612, val_loss=0.002092
2026-06-26 01:03:01,032 [INFO] prediction.models.lstm - [LSTM] Epoch 30/50 — train_loss=0.002340, val_loss=0.001478
2026-06-26 01:03:01,196 [INFO] prediction.models.lstm - [LSTM] Early stopping at epoch 38 (val_loss=0.001801)
2026-06-26 01:03:01,196 [INFO] prediction.models.lstm - [LSTM] Training complete.
2026-06-26 01:03:01,205 [INFO] prediction.models.base - [LSTM] Evaluation: MAE=0.1108 | RMSE=0.1388 | MAPE=3.29% | DirAcc=32.08% | R²=0.6901
2026-06-26 01:03:01,205 [INFO] prediction.training - Training XGBoost on split_3...
2026-06-26 01:03:02,790 [INFO] prediction.models.xgboost_model - [XGBoost] Training complete. Top 5 features: ['close_lag_1', 'cloture', 'plus_bas', 'plus_haut', 'sma_5']
2026-06-26 01:03:02,793 [INFO] prediction.models.base - [XGBoost] Evaluation: MAE=0.0438 | RMSE=0.0593 | MAPE=1.33% | DirAcc=33.88% | R²=0.9605
2026-06-26 01:03:02,793 [INFO] prediction.training - Training Prophet on split_3...
2026-06-26 01:03:03,858 [INFO] prediction.models.prophet_model - [Prophet] Training complete on 2182 rows.
2026-06-26 01:03:03,893 [INFO] prediction.models.base - [Prophet] Evaluation: MAE=1.5257 | RMSE=1.5468 | MAPE=47.21% | DirAcc=38.84% | R²=-25.8919
2026-06-26 01:03:03,893 [INFO] prediction.training - ============================================================
2026-06-26 01:03:03,893 [INFO] prediction.training - TRAINING SUMMARY (Averaged across CV splits)
2026-06-26 01:03:03,893 [INFO] prediction.training - ============================================================
2026-06-26 01:03:03,893 [INFO] prediction.training - [LSTM] MAE=0.0967 | RMSE=0.1227 | MAPE=3.09% | DirAcc=35.03% | R²=0.7677
2026-06-26 01:03:03,893 [INFO] prediction.training - [XGBoost] MAE=0.0419 | RMSE=0.0555 | MAPE=1.39% | DirAcc=34.71% | R²=0.9620
2026-06-26 01:03:03,893 [INFO] prediction.training - [Prophet] MAE=1.7149 | RMSE=1.7322 | MAPE=57.21% | DirAcc=37.30% | R²=-39.0492
2026-06-26 01:03:03,893 [INFO] prediction.training - ============================================================
2026-06-26 01:03:03,893 [INFO] prediction.training - VOLUME PREDICTION TRAINING
2026-06-26 01:03:03,893 [INFO] prediction.training - ============================================================
2026-06-26 01:03:03,901 [INFO] prediction.etl.transform.silver_to_gold - Gold splits — Train: 1679, Val: 252, Test: 494
2026-06-26 01:03:04,550 [INFO] prediction.models.volume_predictor - [VolumeXGB] Training complete.
2026-06-26 01:03:04,552 [INFO] prediction.models.base - [VolumeXGB] Evaluation: MAE=14898.7381 | RMSE=51661.7292 | MAPE=2958.00% | DirAcc=45.02% | R²=-0.0178
2026-06-26 01:03:04,564 [INFO] prediction.etl.transform.silver_to_gold - Gold splits — Train: 1931, Val: 251, Test: 243
2026-06-26 01:03:05,290 [INFO] prediction.models.volume_predictor - [VolumeXGB] Training complete.
2026-06-26 01:03:05,292 [INFO] prediction.models.base - [VolumeXGB] Evaluation: MAE=22323.5033 | RMSE=108158.1223 | MAPE=2978.18% | DirAcc=44.00% | R²=-0.0335
2026-06-26 01:03:05,303 [INFO] prediction.etl.transform.silver_to_gold - Gold splits — Train: 2182, Val: 243, Test: 0
2026-06-26 01:03:06,020 [INFO] prediction.models.volume_predictor - [VolumeXGB] Training complete.
2026-06-26 01:03:06,023 [INFO] prediction.models.base - [VolumeXGB] Evaluation: MAE=42179.6174 | RMSE=93130.2039 | MAPE=320.19% | DirAcc=47.11% | R²=-0.2545
2026-06-26 01:03:06,023 [INFO] prediction.training - [VolumeXGB] Avg CV: MAE=26467.2863 | RMSE=84316.6852 | MAPE=2085.46% | DirAcc=45.38% | R²=-0.1019
2026-06-26 01:03:06,023 [INFO] prediction.training - ============================================================
2026-06-26 01:03:06,023 [INFO] prediction.training - LIQUIDITY CLASSIFICATION TRAINING
2026-06-26 01:03:06,023 [INFO] prediction.training - ============================================================
2026-06-26 01:03:06,034 [INFO] prediction.etl.transform.silver_to_gold - Gold splits — Train: 1679, Val: 252, Test: 494
2026-06-26 01:03:06,941 [INFO] prediction.models.liquidity_classifier - [LiquidityXGB] Training complete. Class distribution: {'low': 377, 'medium': 784, 'high': 518}
2026-06-26 01:03:06,944 [INFO] prediction.models.liquidity_classifier - [LiquidityXGB] Accuracy=44.44% (252 samples)
2026-06-26 01:03:06,953 [INFO] prediction.etl.transform.silver_to_gold - Gold splits — Train: 1931, Val: 251, Test: 243
2026-06-26 01:03:07,954 [INFO] prediction.models.liquidity_classifier - [LiquidityXGB] Training complete. Class distribution: {'low': 432, 'medium': 887, 'high': 612}
2026-06-26 01:03:07,957 [INFO] prediction.models.liquidity_classifier - [LiquidityXGB] Accuracy=44.62% (251 samples)
2026-06-26 01:03:07,967 [INFO] prediction.etl.transform.silver_to_gold - Gold splits — Train: 2182, Val: 243, Test: 0
2026-06-26 01:03:08,976 [INFO] prediction.models.liquidity_classifier - [LiquidityXGB] Training complete. Class distribution: {'low': 492, 'medium': 977, 'high': 713}
2026-06-26 01:03:08,979 [INFO] prediction.models.liquidity_classifier - [LiquidityXGB] Accuracy=48.97% (243 samples)
2026-06-26 01:03:08,979 [INFO] prediction.training - [LiquidityXGB] Avg CV Accuracy: 46.01%
2026-06-26 01:03:08,980 [INFO] train_all_tickers - [ATB][LSTM] MAE=0.0967  RMSE=0.1227  MAPE=3.09%  DirAcc=35.03%  R2=0.7677
2026-06-26 01:03:08,980 [INFO] train_all_tickers - [ATB][XGBoost] MAE=0.0419  RMSE=0.0555  MAPE=1.39%  DirAcc=34.71%  R2=0.9620
2026-06-26 01:03:08,980 [INFO] train_all_tickers - [ATB][Prophet] MAE=1.7149  RMSE=1.7322  MAPE=57.21%  DirAcc=37.30%  R2=-39.0492
2026-06-26 01:03:08,980 [INFO] train_all_tickers - [ATB][VolumeXGB] MAE=26467.2863  RMSE=84316.6852  MAPE=2085.46%  DirAcc=45.38%  R2=-0.1019
2026-06-26 01:03:08,980 [INFO] train_all_tickers - [ATB][LiquidityXGB] MAE=0.0000  RMSE=0.0000  MAPE=0.00%  DirAcc=46.01%  R2=0.0000
2026-06-26 01:03:08,985 [INFO] train_all_tickers - ======================================================================
2026-06-26 01:03:08,985 [INFO] train_all_tickers - [33/37] Training ticker: CITY CARS  (2435 rows)
2026-06-26 01:03:08,985 [INFO] train_all_tickers - ======================================================================
2026-06-26 01:03:09,011 [WARNING] prediction.training - MLflow setup failed. Tracking disabled.
2026-06-26 01:03:09,015 [INFO] prediction.db_sink - Connected to PostgreSQL postgres:5432/fixtrade
2026-06-26 01:03:09,018 [INFO] prediction.db_sink - Database tables verified/created.
2026-06-26 01:03:09,018 [INFO] prediction.training - ============================================================
2026-06-26 01:03:09,018 [INFO] prediction.training - Training CV split: split_1
2026-06-26 01:03:09,018 [INFO] prediction.training - ============================================================
2026-06-26 01:03:09,028 [INFO] prediction.etl.transform.silver_to_gold - Gold splits — Train: 1679, Val: 252, Test: 494
2026-06-26 01:03:09,031 [INFO] prediction.training - Training LSTM on split_1...
2026-06-26 01:03:09,042 [INFO] prediction.models.lstm - [LSTM] Training device: cuda (NVIDIA GeForce RTX 4060)
2026-06-26 01:03:09,407 [INFO] prediction.models.lstm - [LSTM] Early stopping at epoch 9 (val_loss=0.014999)
2026-06-26 01:03:09,408 [INFO] prediction.models.lstm - [LSTM] Training complete.
2026-06-26 01:03:09,414 [INFO] prediction.models.base - [LSTM] Evaluation: MAE=0.7382 | RMSE=0.8407 | MAPE=5.95% | DirAcc=39.37% | R²=-0.0700
2026-06-26 01:03:09,414 [INFO] prediction.training - Training XGBoost on split_1...
2026-06-26 01:03:11,112 [INFO] prediction.models.xgboost_model - [XGBoost] Training complete. Top 5 features: ['cloture', 'plus_haut', 'close_lag_1', 'plus_bas', 'sma_5']
2026-06-26 01:03:11,118 [INFO] prediction.models.base - [XGBoost] Evaluation: MAE=0.1526 | RMSE=0.2051 | MAPE=1.23% | DirAcc=33.07% | R²=0.9494
2026-06-26 01:03:11,118 [INFO] prediction.training - Training Prophet on split_1...
2026-06-26 01:03:11,659 [INFO] prediction.models.prophet_model - [Prophet] Training complete on 1679 rows.
2026-06-26 01:03:11,696 [INFO] prediction.models.base - [Prophet] Evaluation: MAE=3.2527 | RMSE=3.2915 | MAPE=27.17% | DirAcc=39.84% | R²=-12.0316
2026-06-26 01:03:11,697 [INFO] prediction.training - ============================================================
2026-06-26 01:03:11,697 [INFO] prediction.training - Training CV split: split_2
2026-06-26 01:03:11,697 [INFO] prediction.training - ============================================================
2026-06-26 01:03:11,707 [INFO] prediction.etl.transform.silver_to_gold - Gold splits — Train: 1931, Val: 251, Test: 243
2026-06-26 01:03:11,711 [INFO] prediction.training - Training LSTM on split_2...
2026-06-26 01:03:11,724 [INFO] prediction.models.lstm - [LSTM] Training device: cuda (NVIDIA GeForce RTX 4060)
2026-06-26 01:03:12,119 [INFO] prediction.models.lstm - [LSTM] Early stopping at epoch 10 (val_loss=0.007147)
2026-06-26 01:03:12,120 [INFO] prediction.models.lstm - [LSTM] Training complete.
2026-06-26 01:03:12,124 [INFO] prediction.models.base - [LSTM] Evaluation: MAE=0.4171 | RMSE=0.5268 | MAPE=3.18% | DirAcc=36.82% | R²=-0.4543
2026-06-26 01:03:12,125 [INFO] prediction.training - Training XGBoost on split_2...
2026-06-26 01:03:13,741 [INFO] prediction.models.xgboost_model - [XGBoost] Training complete. Top 5 features: ['cloture', 'close_lag_1', 'plus_haut', 'plus_bas', 'sma_5']
2026-06-26 01:03:13,744 [INFO] prediction.models.base - [XGBoost] Evaluation: MAE=0.1354 | RMSE=0.2041 | MAPE=1.06% | DirAcc=34.40% | R²=0.7849
2026-06-26 01:03:13,744 [INFO] prediction.training - Training Prophet on split_2...
2026-06-26 01:03:14,713 [INFO] prediction.models.prophet_model - [Prophet] Training complete on 1931 rows.
2026-06-26 01:03:14,752 [INFO] prediction.models.base - [Prophet] Evaluation: MAE=2.5441 | RMSE=2.5879 | MAPE=20.01% | DirAcc=34.00% | R²=-33.5846
2026-06-26 01:03:14,752 [INFO] prediction.training - ============================================================
2026-06-26 01:03:14,752 [INFO] prediction.training - Training CV split: split_3
2026-06-26 01:03:14,752 [INFO] prediction.training - ============================================================
2026-06-26 01:03:14,761 [INFO] prediction.etl.transform.silver_to_gold - Gold splits — Train: 2182, Val: 243, Test: 0
2026-06-26 01:03:14,766 [INFO] prediction.training - Training LSTM on split_3...
2026-06-26 01:03:14,782 [INFO] prediction.models.lstm - [LSTM] Training device: cuda (NVIDIA GeForce RTX 4060)
2026-06-26 01:03:15,230 [INFO] prediction.models.lstm - [LSTM] Epoch 10/50 — train_loss=0.011047, val_loss=0.165062
2026-06-26 01:03:15,600 [INFO] prediction.models.lstm - [LSTM] Epoch 20/50 — train_loss=0.004676, val_loss=0.033971
2026-06-26 01:03:15,836 [INFO] prediction.models.lstm - [LSTM] Epoch 30/50 — train_loss=0.005906, val_loss=0.058086
2026-06-26 01:03:16,076 [INFO] prediction.models.lstm - [LSTM] Early stopping at epoch 40 (val_loss=0.031161)
2026-06-26 01:03:16,077 [INFO] prediction.models.lstm - [LSTM] Training complete.
2026-06-26 01:03:16,084 [INFO] prediction.models.base - [LSTM] Evaluation: MAE=1.0722 | RMSE=1.4561 | MAPE=5.66% | DirAcc=34.91% | R²=0.3804
2026-06-26 01:03:16,084 [INFO] prediction.training - Training XGBoost on split_3...
2026-06-26 01:03:17,790 [INFO] prediction.models.xgboost_model - [XGBoost] Training complete. Top 5 features: ['close_lag_1', 'cloture', 'close_lag_2', 'plus_haut', 'plus_bas']
2026-06-26 01:03:17,793 [INFO] prediction.models.base - [XGBoost] Evaluation: MAE=1.5408 | RMSE=2.2790 | MAPE=8.11% | DirAcc=34.71% | R²=-0.1192
2026-06-26 01:03:17,793 [INFO] prediction.training - Training Prophet on split_3...
2026-06-26 01:03:18,785 [INFO] prediction.models.prophet_model - [Prophet] Training complete on 2182 rows.
2026-06-26 01:03:18,829 [INFO] prediction.models.base - [Prophet] Evaluation: MAE=1.5692 | RMSE=2.1533 | MAPE=8.54% | DirAcc=41.32% | R²=0.0008
2026-06-26 01:03:18,829 [INFO] prediction.training - ============================================================
2026-06-26 01:03:18,829 [INFO] prediction.training - TRAINING SUMMARY (Averaged across CV splits)
2026-06-26 01:03:18,829 [INFO] prediction.training - ============================================================
2026-06-26 01:03:18,829 [INFO] prediction.training - [LSTM] MAE=0.7425 | RMSE=0.9412 | MAPE=4.93% | DirAcc=37.03% | R²=-0.0480
2026-06-26 01:03:18,829 [INFO] prediction.training - [XGBoost] MAE=0.6096 | RMSE=0.8960 | MAPE=3.47% | DirAcc=34.06% | R²=0.5384
2026-06-26 01:03:18,829 [INFO] prediction.training - [Prophet] MAE=2.4553 | RMSE=2.6776 | MAPE=18.57% | DirAcc=38.39% | R²=-15.2051
2026-06-26 01:03:18,829 [INFO] prediction.training - ============================================================
2026-06-26 01:03:18,829 [INFO] prediction.training - VOLUME PREDICTION TRAINING
2026-06-26 01:03:18,829 [INFO] prediction.training - ============================================================
2026-06-26 01:03:18,839 [INFO] prediction.etl.transform.silver_to_gold - Gold splits — Train: 1679, Val: 252, Test: 494
2026-06-26 01:03:19,551 [INFO] prediction.models.volume_predictor - [VolumeXGB] Training complete.
2026-06-26 01:03:19,554 [INFO] prediction.models.base - [VolumeXGB] Evaluation: MAE=9656.8706 | RMSE=81572.1814 | MAPE=2246.78% | DirAcc=39.84% | R²=-0.0119
2026-06-26 01:03:19,562 [INFO] prediction.etl.transform.silver_to_gold - Gold splits — Train: 1931, Val: 251, Test: 243
2026-06-26 01:03:20,309 [INFO] prediction.models.volume_predictor - [VolumeXGB] Training complete.
2026-06-26 01:03:20,312 [INFO] prediction.models.base - [VolumeXGB] Evaluation: MAE=2651.8877 | RMSE=7000.8386 | MAPE=629.16% | DirAcc=44.00% | R²=-0.1086
2026-06-26 01:03:20,322 [INFO] prediction.etl.transform.silver_to_gold - Gold splits — Train: 2182, Val: 243, Test: 0
2026-06-26 01:03:21,062 [INFO] prediction.models.volume_predictor - [VolumeXGB] Training complete.
2026-06-26 01:03:21,065 [INFO] prediction.models.base - [VolumeXGB] Evaluation: MAE=1652.1612 | RMSE=3357.9620 | MAPE=447.89% | DirAcc=49.17% | R²=-0.1544
2026-06-26 01:03:21,065 [INFO] prediction.training - [VolumeXGB] Avg CV: MAE=4653.6398 | RMSE=30643.6607 | MAPE=1107.94% | DirAcc=44.34% | R²=-0.0916
2026-06-26 01:03:21,065 [INFO] prediction.training - ============================================================
2026-06-26 01:03:21,066 [INFO] prediction.training - LIQUIDITY CLASSIFICATION TRAINING
2026-06-26 01:03:21,066 [INFO] prediction.training - ============================================================
2026-06-26 01:03:21,076 [INFO] prediction.etl.transform.silver_to_gold - Gold splits — Train: 1679, Val: 252, Test: 494
2026-06-26 01:03:22,063 [INFO] prediction.models.liquidity_classifier - [LiquidityXGB] Training complete. Class distribution: {'low': 879, 'medium': 694, 'high': 106}
2026-06-26 01:03:22,066 [INFO] prediction.models.liquidity_classifier - [LiquidityXGB] Accuracy=54.76% (252 samples)
2026-06-26 01:03:22,074 [INFO] prediction.etl.transform.silver_to_gold - Gold splits — Train: 1931, Val: 251, Test: 243
2026-06-26 01:03:22,978 [INFO] prediction.models.liquidity_classifier - [LiquidityXGB] Training complete. Class distribution: {'low': 1028, 'medium': 782, 'high': 121}
2026-06-26 01:03:22,981 [INFO] prediction.models.liquidity_classifier - [LiquidityXGB] Accuracy=53.39% (251 samples)
2026-06-26 01:03:22,992 [INFO] prediction.etl.transform.silver_to_gold - Gold splits — Train: 2182, Val: 243, Test: 0
2026-06-26 01:03:23,926 [INFO] prediction.models.liquidity_classifier - [LiquidityXGB] Training complete. Class distribution: {'low': 1149, 'medium': 896, 'high': 137}
2026-06-26 01:03:23,929 [INFO] prediction.models.liquidity_classifier - [LiquidityXGB] Accuracy=52.67% (243 samples)
2026-06-26 01:03:23,929 [INFO] prediction.training - [LiquidityXGB] Avg CV Accuracy: 53.61%
2026-06-26 01:03:23,932 [INFO] train_all_tickers - [CITY CARS][LSTM] MAE=0.7425  RMSE=0.9412  MAPE=4.93%  DirAcc=37.03%  R2=-0.0480
2026-06-26 01:03:23,932 [INFO] train_all_tickers - [CITY CARS][XGBoost] MAE=0.6096  RMSE=0.8960  MAPE=3.47%  DirAcc=34.06%  R2=0.5384
2026-06-26 01:03:23,932 [INFO] train_all_tickers - [CITY CARS][Prophet] MAE=2.4553  RMSE=2.6776  MAPE=18.57%  DirAcc=38.39%  R2=-15.2051
2026-06-26 01:03:23,932 [INFO] train_all_tickers - [CITY CARS][VolumeXGB] MAE=4653.6398  RMSE=30643.6607  MAPE=1107.94%  DirAcc=44.34%  R2=-0.0916
2026-06-26 01:03:23,932 [INFO] train_all_tickers - [CITY CARS][LiquidityXGB] MAE=0.0000  RMSE=0.0000  MAPE=0.00%  DirAcc=53.61%  R2=0.0000
2026-06-26 01:03:23,937 [INFO] train_all_tickers - ======================================================================
2026-06-26 01:03:23,937 [INFO] train_all_tickers - [34/37] Training ticker: ATL  (2431 rows)
2026-06-26 01:03:23,938 [INFO] train_all_tickers - ======================================================================
2026-06-26 01:03:23,963 [WARNING] prediction.training - MLflow setup failed. Tracking disabled.
2026-06-26 01:03:23,968 [INFO] prediction.db_sink - Connected to PostgreSQL postgres:5432/fixtrade
2026-06-26 01:03:23,971 [INFO] prediction.db_sink - Database tables verified/created.
2026-06-26 01:03:23,971 [INFO] prediction.training - ============================================================
2026-06-26 01:03:23,971 [INFO] prediction.training - Training CV split: split_1
2026-06-26 01:03:23,971 [INFO] prediction.training - ============================================================
2026-06-26 01:03:23,980 [INFO] prediction.etl.transform.silver_to_gold - Gold splits — Train: 1675, Val: 252, Test: 494
2026-06-26 01:03:23,983 [INFO] prediction.training - Training LSTM on split_1...
2026-06-26 01:03:24,011 [INFO] prediction.models.lstm - [LSTM] Training device: cuda (NVIDIA GeForce RTX 4060)
2026-06-26 01:03:24,421 [INFO] prediction.models.lstm - [LSTM] Epoch 10/50 — train_loss=0.025576, val_loss=0.065674
2026-06-26 01:03:24,602 [INFO] prediction.models.lstm - [LSTM] Early stopping at epoch 20 (val_loss=0.033822)
2026-06-26 01:03:24,603 [INFO] prediction.models.lstm - [LSTM] Training complete.
2026-06-26 01:03:24,609 [INFO] prediction.models.base - [LSTM] Evaluation: MAE=0.2023 | RMSE=0.2426 | MAPE=5.33% | DirAcc=33.03% | R²=-0.6390
2026-06-26 01:03:24,609 [INFO] prediction.training - Training XGBoost on split_1...
2026-06-26 01:03:26,170 [INFO] prediction.models.xgboost_model - [XGBoost] Training complete. Top 5 features: ['close_lag_1', 'cloture', 'close_lag_2', 'ema_12', 'plus_haut']
2026-06-26 01:03:26,172 [INFO] prediction.models.base - [XGBoost] Evaluation: MAE=0.4019 | RMSE=0.4672 | MAPE=10.69% | DirAcc=34.26% | R²=-3.1914
2026-06-26 01:03:26,172 [INFO] prediction.training - Training Prophet on split_1...
2026-06-26 01:03:26,823 [INFO] prediction.models.prophet_model - [Prophet] Training complete on 1675 rows.
2026-06-26 01:03:26,862 [INFO] prediction.models.base - [Prophet] Evaluation: MAE=0.5596 | RMSE=0.6030 | MAPE=15.11% | DirAcc=38.25% | R²=-5.9836
2026-06-26 01:03:26,862 [INFO] prediction.training - ============================================================
2026-06-26 01:03:26,862 [INFO] prediction.training - Training CV split: split_2
2026-06-26 01:03:26,862 [INFO] prediction.training - ============================================================
2026-06-26 01:03:26,870 [INFO] prediction.etl.transform.silver_to_gold - Gold splits — Train: 1927, Val: 251, Test: 243
2026-06-26 01:03:26,875 [INFO] prediction.training - Training LSTM on split_2...
2026-06-26 01:03:26,888 [INFO] prediction.models.lstm - [LSTM] Training device: cuda (NVIDIA GeForce RTX 4060)
2026-06-26 01:03:27,259 [INFO] prediction.models.lstm - [LSTM] Epoch 10/50 — train_loss=0.006773, val_loss=0.002778
2026-06-26 01:03:27,473 [INFO] prediction.models.lstm - [LSTM] Epoch 20/50 — train_loss=0.003672, val_loss=0.001029
2026-06-26 01:03:27,597 [INFO] prediction.models.lstm - [LSTM] Early stopping at epoch 26 (val_loss=0.001561)
2026-06-26 01:03:27,598 [INFO] prediction.models.lstm - [LSTM] Training complete.
2026-06-26 01:03:27,603 [INFO] prediction.models.base - [LSTM] Evaluation: MAE=0.0679 | RMSE=0.0896 | MAPE=1.75% | DirAcc=24.55% | R²=0.6969
2026-06-26 01:03:27,603 [INFO] prediction.training - Training XGBoost on split_2...
2026-06-26 01:03:29,163 [INFO] prediction.models.xgboost_model - [XGBoost] Training complete. Top 5 features: ['close_lag_1', 'cloture', 'close_lag_2', 'sma_10', 'ema_12']
2026-06-26 01:03:29,166 [INFO] prediction.models.base - [XGBoost] Evaluation: MAE=0.0829 | RMSE=0.1259 | MAPE=2.06% | DirAcc=25.60% | R²=0.5155
2026-06-26 01:03:29,166 [INFO] prediction.training - Training Prophet on split_2...
2026-06-26 01:03:29,737 [INFO] prediction.models.prophet_model - [Prophet] Training complete on 1927 rows.
2026-06-26 01:03:29,775 [INFO] prediction.models.base - [Prophet] Evaluation: MAE=0.8229 | RMSE=0.8353 | MAPE=21.08% | DirAcc=29.60% | R²=-20.3360
2026-06-26 01:03:29,775 [INFO] prediction.training - ============================================================
2026-06-26 01:03:29,775 [INFO] prediction.training - Training CV split: split_3
2026-06-26 01:03:29,775 [INFO] prediction.training - ============================================================
2026-06-26 01:03:29,784 [INFO] prediction.etl.transform.silver_to_gold - Gold splits — Train: 2178, Val: 243, Test: 0
2026-06-26 01:03:29,788 [INFO] prediction.training - Training LSTM on split_3...
2026-06-26 01:03:29,803 [INFO] prediction.models.lstm - [LSTM] Training device: cuda (NVIDIA GeForce RTX 4060)
2026-06-26 01:03:30,174 [INFO] prediction.models.lstm - [LSTM] Epoch 10/50 — train_loss=0.010861, val_loss=0.251373
2026-06-26 01:03:30,292 [INFO] prediction.models.lstm - [LSTM] Early stopping at epoch 15 (val_loss=0.198305)
2026-06-26 01:03:30,293 [INFO] prediction.models.lstm - [LSTM] Training complete.
2026-06-26 01:03:30,300 [INFO] prediction.models.base - [LSTM] Evaluation: MAE=0.9573 | RMSE=1.0423 | MAPE=16.30% | DirAcc=36.79% | R²=-2.3153
2026-06-26 01:03:30,301 [INFO] prediction.training - Training XGBoost on split_3...
2026-06-26 01:03:31,972 [INFO] prediction.models.xgboost_model - [XGBoost] Training complete. Top 5 features: ['close_lag_1', 'cloture', 'close_lag_2', 'ema_12', 'sma_50']
2026-06-26 01:03:31,974 [INFO] prediction.models.base - [XGBoost] Evaluation: MAE=1.4176 | RMSE=1.5569 | MAPE=24.57% | DirAcc=33.06% | R²=-4.6921
2026-06-26 01:03:31,974 [INFO] prediction.training - Training Prophet on split_3...
2026-06-26 01:03:32,412 [INFO] prediction.models.prophet_model - [Prophet] Training complete on 2178 rows.
2026-06-26 01:03:32,449 [INFO] prediction.models.base - [Prophet] Evaluation: MAE=2.3543 | RMSE=2.4453 | MAPE=41.83% | DirAcc=35.54% | R²=-13.0414
2026-06-26 01:03:32,449 [INFO] prediction.training - ============================================================
2026-06-26 01:03:32,449 [INFO] prediction.training - TRAINING SUMMARY (Averaged across CV splits)
2026-06-26 01:03:32,449 [INFO] prediction.training - ============================================================
2026-06-26 01:03:32,449 [INFO] prediction.training - [LSTM] MAE=0.4092 | RMSE=0.4582 | MAPE=7.79% | DirAcc=31.46% | R²=-0.7525
2026-06-26 01:03:32,450 [INFO] prediction.training - [XGBoost] MAE=0.6341 | RMSE=0.7167 | MAPE=12.44% | DirAcc=30.97% | R²=-2.4560
2026-06-26 01:03:32,450 [INFO] prediction.training - [Prophet] MAE=1.2456 | RMSE=1.2945 | MAPE=26.01% | DirAcc=34.46% | R²=-13.1203
2026-06-26 01:03:32,450 [INFO] prediction.training - ============================================================
2026-06-26 01:03:32,450 [INFO] prediction.training - VOLUME PREDICTION TRAINING
2026-06-26 01:03:32,450 [INFO] prediction.training - ============================================================
2026-06-26 01:03:32,459 [INFO] prediction.etl.transform.silver_to_gold - Gold splits — Train: 1675, Val: 252, Test: 494
2026-06-26 01:03:33,157 [INFO] prediction.models.volume_predictor - [VolumeXGB] Training complete.
2026-06-26 01:03:33,160 [INFO] prediction.models.base - [VolumeXGB] Evaluation: MAE=6563.1511 | RMSE=23976.0261 | MAPE=1025.37% | DirAcc=42.63% | R²=-0.0561
2026-06-26 01:03:33,171 [INFO] prediction.etl.transform.silver_to_gold - Gold splits — Train: 1927, Val: 251, Test: 243
2026-06-26 01:03:33,904 [INFO] prediction.models.volume_predictor - [VolumeXGB] Training complete.
2026-06-26 01:03:33,907 [INFO] prediction.models.base - [VolumeXGB] Evaluation: MAE=4230.9362 | RMSE=10409.2481 | MAPE=365.85% | DirAcc=48.40% | R²=-0.1773
2026-06-26 01:03:33,917 [INFO] prediction.etl.transform.silver_to_gold - Gold splits — Train: 2178, Val: 243, Test: 0
2026-06-26 01:03:34,648 [INFO] prediction.models.volume_predictor - [VolumeXGB] Training complete.
2026-06-26 01:03:34,650 [INFO] prediction.models.base - [VolumeXGB] Evaluation: MAE=11287.5052 | RMSE=56419.1622 | MAPE=247.66% | DirAcc=53.31% | R²=-0.0411
2026-06-26 01:03:34,651 [INFO] prediction.training - [VolumeXGB] Avg CV: MAE=7360.5309 | RMSE=30268.1454 | MAPE=546.29% | DirAcc=48.11% | R²=-0.0915
2026-06-26 01:03:34,651 [INFO] prediction.training - ============================================================
2026-06-26 01:03:34,651 [INFO] prediction.training - LIQUIDITY CLASSIFICATION TRAINING
2026-06-26 01:03:34,651 [INFO] prediction.training - ============================================================
2026-06-26 01:03:34,662 [INFO] prediction.etl.transform.silver_to_gold - Gold splits — Train: 1675, Val: 252, Test: 494
2026-06-26 01:03:35,639 [INFO] prediction.models.liquidity_classifier - [LiquidityXGB] Training complete. Class distribution: {'low': 486, 'medium': 873, 'high': 316}
2026-06-26 01:03:35,642 [INFO] prediction.models.liquidity_classifier - [LiquidityXGB] Accuracy=52.38% (252 samples)
2026-06-26 01:03:35,654 [INFO] prediction.etl.transform.silver_to_gold - Gold splits — Train: 1927, Val: 251, Test: 243
2026-06-26 01:03:36,682 [INFO] prediction.models.liquidity_classifier - [LiquidityXGB] Training complete. Class distribution: {'low': 563, 'medium': 1013, 'high': 351}
2026-06-26 01:03:36,689 [INFO] prediction.models.liquidity_classifier - [LiquidityXGB] Accuracy=49.80% (251 samples)
2026-06-26 01:03:36,711 [INFO] prediction.etl.transform.silver_to_gold - Gold splits — Train: 2178, Val: 243, Test: 0
2026-06-26 01:03:38,133 [INFO] prediction.models.liquidity_classifier - [LiquidityXGB] Training complete. Class distribution: {'low': 674, 'medium': 1126, 'high': 378}
2026-06-26 01:03:38,137 [INFO] prediction.models.liquidity_classifier - [LiquidityXGB] Accuracy=44.03% (243 samples)
2026-06-26 01:03:38,137 [INFO] prediction.training - [LiquidityXGB] Avg CV Accuracy: 48.74%
2026-06-26 01:03:38,138 [INFO] train_all_tickers - [ATL][LSTM] MAE=0.4092  RMSE=0.4582  MAPE=7.79%  DirAcc=31.46%  R2=-0.7525
2026-06-26 01:03:38,138 [INFO] train_all_tickers - [ATL][XGBoost] MAE=0.6341  RMSE=0.7167  MAPE=12.44%  DirAcc=30.97%  R2=-2.4560
2026-06-26 01:03:38,138 [INFO] train_all_tickers - [ATL][Prophet] MAE=1.2456  RMSE=1.2945  MAPE=26.01%  DirAcc=34.46%  R2=-13.1203
2026-06-26 01:03:38,138 [INFO] train_all_tickers - [ATL][VolumeXGB] MAE=7360.5309  RMSE=30268.1454  MAPE=546.29%  DirAcc=48.11%  R2=-0.0915
2026-06-26 01:03:38,138 [INFO] train_all_tickers - [ATL][LiquidityXGB] MAE=0.0000  RMSE=0.0000  MAPE=0.00%  DirAcc=48.74%  R2=0.0000
2026-06-26 01:03:38,143 [INFO] train_all_tickers - ======================================================================
2026-06-26 01:03:38,143 [INFO] train_all_tickers - [35/37] Training ticker: TUNIS RE  (2424 rows)
2026-06-26 01:03:38,143 [INFO] train_all_tickers - ======================================================================
2026-06-26 01:03:38,171 [WARNING] prediction.training - MLflow setup failed. Tracking disabled.
2026-06-26 01:03:38,176 [INFO] prediction.db_sink - Connected to PostgreSQL postgres:5432/fixtrade
2026-06-26 01:03:38,179 [INFO] prediction.db_sink - Database tables verified/created.
2026-06-26 01:03:38,179 [INFO] prediction.training - ============================================================
2026-06-26 01:03:38,179 [INFO] prediction.training - Training CV split: split_1
2026-06-26 01:03:38,179 [INFO] prediction.training - ============================================================
2026-06-26 01:03:38,191 [INFO] prediction.etl.transform.silver_to_gold - Gold splits — Train: 1668, Val: 252, Test: 494
2026-06-26 01:03:38,196 [INFO] prediction.training - Training LSTM on split_1...
2026-06-26 01:03:38,208 [INFO] prediction.models.lstm - [LSTM] Training device: cuda (NVIDIA GeForce RTX 4060)
2026-06-26 01:03:38,625 [INFO] prediction.models.lstm - [LSTM] Epoch 10/50 — train_loss=0.022973, val_loss=0.031454
2026-06-26 01:03:38,821 [INFO] prediction.models.lstm - [LSTM] Epoch 20/50 — train_loss=0.005567, val_loss=0.010253
2026-06-26 01:03:38,893 [INFO] prediction.models.lstm - [LSTM] Early stopping at epoch 24 (val_loss=0.006114)
2026-06-26 01:03:38,894 [INFO] prediction.models.lstm - [LSTM] Training complete.
2026-06-26 01:03:38,899 [INFO] prediction.models.base - [LSTM] Evaluation: MAE=0.1875 | RMSE=0.2326 | MAPE=2.97% | DirAcc=27.60% | R²=0.0305
2026-06-26 01:03:38,899 [INFO] prediction.training - Training XGBoost on split_1...
2026-06-26 01:03:40,631 [INFO] prediction.models.xgboost_model - [XGBoost] Training complete. Top 5 features: ['cloture', 'close_lag_1', 'plus_haut', 'plus_bas', 'ema_12']
2026-06-26 01:03:40,633 [INFO] prediction.models.base - [XGBoost] Evaluation: MAE=0.1952 | RMSE=0.2407 | MAPE=3.10% | DirAcc=27.09% | R²=-0.0075
2026-06-26 01:03:40,633 [INFO] prediction.training - Training Prophet on split_1...
2026-06-26 01:03:41,181 [INFO] prediction.models.prophet_model - [Prophet] Training complete on 1668 rows.
2026-06-26 01:03:41,215 [INFO] prediction.models.base - [Prophet] Evaluation: MAE=2.0885 | RMSE=2.1014 | MAPE=32.48% | DirAcc=23.51% | R²=-75.8097
2026-06-26 01:03:41,215 [INFO] prediction.training - ============================================================
2026-06-26 01:03:41,215 [INFO] prediction.training - Training CV split: split_2
2026-06-26 01:03:41,215 [INFO] prediction.training - ============================================================
2026-06-26 01:03:41,223 [INFO] prediction.etl.transform.silver_to_gold - Gold splits — Train: 1920, Val: 251, Test: 243
2026-06-26 01:03:41,228 [INFO] prediction.training - Training LSTM on split_2...
2026-06-26 01:03:41,241 [INFO] prediction.models.lstm - [LSTM] Training device: cuda (NVIDIA GeForce RTX 4060)
2026-06-26 01:03:41,652 [INFO] prediction.models.lstm - [LSTM] Epoch 10/50 — train_loss=0.008383, val_loss=0.021284
2026-06-26 01:03:41,818 [INFO] prediction.models.lstm - [LSTM] Early stopping at epoch 17 (val_loss=0.014753)
2026-06-26 01:03:41,818 [INFO] prediction.models.lstm - [LSTM] Training complete.
2026-06-26 01:03:41,823 [INFO] prediction.models.base - [LSTM] Evaluation: MAE=0.3085 | RMSE=0.3788 | MAPE=4.43% | DirAcc=21.82% | R²=0.2663
2026-06-26 01:03:41,823 [INFO] prediction.training - Training XGBoost on split_2...
2026-06-26 01:03:43,629 [INFO] prediction.models.xgboost_model - [XGBoost] Training complete. Top 5 features: ['close_lag_1', 'cloture', 'close_lag_2', 'plus_haut', 'ema_12']
2026-06-26 01:03:43,631 [INFO] prediction.models.base - [XGBoost] Evaluation: MAE=0.0754 | RMSE=0.1054 | MAPE=1.07% | DirAcc=22.00% | R²=0.9373
2026-06-26 01:03:43,632 [INFO] prediction.training - Training Prophet on split_2...
2026-06-26 01:03:44,242 [INFO] prediction.models.prophet_model - [Prophet] Training complete on 1920 rows.
2026-06-26 01:03:44,278 [INFO] prediction.models.base - [Prophet] Evaluation: MAE=1.5833 | RMSE=1.6743 | MAPE=22.93% | DirAcc=22.80% | R²=-14.8271
2026-06-26 01:03:44,278 [INFO] prediction.training - ============================================================
2026-06-26 01:03:44,278 [INFO] prediction.training - Training CV split: split_3
2026-06-26 01:03:44,278 [INFO] prediction.training - ============================================================
2026-06-26 01:03:44,288 [INFO] prediction.etl.transform.silver_to_gold - Gold splits — Train: 2171, Val: 243, Test: 0
2026-06-26 01:03:44,293 [INFO] prediction.training - Training LSTM on split_3...
2026-06-26 01:03:44,310 [INFO] prediction.models.lstm - [LSTM] Training device: cuda (NVIDIA GeForce RTX 4060)
2026-06-26 01:03:44,743 [INFO] prediction.models.lstm - [LSTM] Early stopping at epoch 9 (val_loss=0.091333)
2026-06-26 01:03:44,744 [INFO] prediction.models.lstm - [LSTM] Training complete.
2026-06-26 01:03:44,753 [INFO] prediction.models.base - [LSTM] Evaluation: MAE=0.8274 | RMSE=0.9407 | MAPE=9.66% | DirAcc=24.53% | R²=-2.7023
2026-06-26 01:03:44,753 [INFO] prediction.training - Training XGBoost on split_3...
2026-06-26 01:03:46,515 [INFO] prediction.models.xgboost_model - [XGBoost] Training complete. Top 5 features: ['close_lag_1', 'cloture', 'close_lag_2', 'plus_haut', 'ema_12']
2026-06-26 01:03:46,518 [INFO] prediction.models.base - [XGBoost] Evaluation: MAE=0.1535 | RMSE=0.2250 | MAPE=1.78% | DirAcc=20.66% | R²=0.7718
2026-06-26 01:03:46,518 [INFO] prediction.training - Training Prophet on split_3...
2026-06-26 01:03:47,161 [INFO] prediction.models.prophet_model - [Prophet] Training complete on 2171 rows.
2026-06-26 01:03:47,195 [INFO] prediction.models.base - [Prophet] Evaluation: MAE=0.6579 | RMSE=0.7307 | MAPE=8.03% | DirAcc=17.36% | R²=-1.4074
2026-06-26 01:03:47,195 [INFO] prediction.training - ============================================================
2026-06-26 01:03:47,195 [INFO] prediction.training - TRAINING SUMMARY (Averaged across CV splits)
2026-06-26 01:03:47,195 [INFO] prediction.training - ============================================================
2026-06-26 01:03:47,195 [INFO] prediction.training - [LSTM] MAE=0.4411 | RMSE=0.5174 | MAPE=5.68% | DirAcc=24.65% | R²=-0.8018
2026-06-26 01:03:47,195 [INFO] prediction.training - [XGBoost] MAE=0.1414 | RMSE=0.1903 | MAPE=1.98% | DirAcc=23.25% | R²=0.5672
2026-06-26 01:03:47,195 [INFO] prediction.training - [Prophet] MAE=1.4432 | RMSE=1.5021 | MAPE=21.15% | DirAcc=21.22% | R²=-30.6814
2026-06-26 01:03:47,195 [INFO] prediction.training - ============================================================
2026-06-26 01:03:47,195 [INFO] prediction.training - VOLUME PREDICTION TRAINING
2026-06-26 01:03:47,195 [INFO] prediction.training - ============================================================
2026-06-26 01:03:47,203 [INFO] prediction.etl.transform.silver_to_gold - Gold splits — Train: 1668, Val: 252, Test: 494
2026-06-26 01:03:48,039 [INFO] prediction.models.volume_predictor - [VolumeXGB] Training complete.
2026-06-26 01:03:48,042 [INFO] prediction.models.base - [VolumeXGB] Evaluation: MAE=841.3429 | RMSE=3499.2590 | MAPE=303.61% | DirAcc=44.62% | R²=-0.0489
2026-06-26 01:03:48,054 [INFO] prediction.etl.transform.silver_to_gold - Gold splits — Train: 1920, Val: 251, Test: 243
2026-06-26 01:03:48,818 [INFO] prediction.models.volume_predictor - [VolumeXGB] Training complete.
2026-06-26 01:03:48,822 [INFO] prediction.models.base - [VolumeXGB] Evaluation: MAE=766.7834 | RMSE=1302.1111 | MAPE=518.23% | DirAcc=45.60% | R²=-0.3756
2026-06-26 01:03:48,834 [INFO] prediction.etl.transform.silver_to_gold - Gold splits — Train: 2171, Val: 243, Test: 0
2026-06-26 01:03:49,597 [INFO] prediction.models.volume_predictor - [VolumeXGB] Training complete.
2026-06-26 01:03:49,600 [INFO] prediction.models.base - [VolumeXGB] Evaluation: MAE=1686.5982 | RMSE=5993.9883 | MAPE=2208.77% | DirAcc=47.52% | R²=-0.0342
2026-06-26 01:03:49,600 [INFO] prediction.training - [VolumeXGB] Avg CV: MAE=1098.2415 | RMSE=3598.4528 | MAPE=1010.21% | DirAcc=45.91% | R²=-0.1529
2026-06-26 01:03:49,600 [INFO] prediction.training - ============================================================
2026-06-26 01:03:49,600 [INFO] prediction.training - LIQUIDITY CLASSIFICATION TRAINING
2026-06-26 01:03:49,600 [INFO] prediction.training - ============================================================
2026-06-26 01:03:49,610 [INFO] prediction.etl.transform.silver_to_gold - Gold splits — Train: 1668, Val: 252, Test: 494
2026-06-26 01:03:50,505 [INFO] prediction.models.liquidity_classifier - [LiquidityXGB] Training complete. Class distribution: {'low': 934, 'medium': 656, 'high': 78}
2026-06-26 01:03:50,509 [INFO] prediction.models.liquidity_classifier - [LiquidityXGB] Accuracy=73.81% (252 samples)
2026-06-26 01:03:50,521 [INFO] prediction.etl.transform.silver_to_gold - Gold splits — Train: 1920, Val: 251, Test: 243
2026-06-26 01:03:51,444 [INFO] prediction.models.liquidity_classifier - [LiquidityXGB] Training complete. Class distribution: {'low': 1137, 'medium': 703, 'high': 80}
2026-06-26 01:03:51,447 [INFO] prediction.models.liquidity_classifier - [LiquidityXGB] Accuracy=66.93% (251 samples)
2026-06-26 01:03:51,456 [INFO] prediction.etl.transform.silver_to_gold - Gold splits — Train: 2171, Val: 243, Test: 0
2026-06-26 01:03:52,410 [INFO] prediction.models.liquidity_classifier - [LiquidityXGB] Training complete. Class distribution: {'low': 1305, 'medium': 786, 'high': 80}
2026-06-26 01:03:52,415 [INFO] prediction.models.liquidity_classifier - [LiquidityXGB] Accuracy=58.02% (243 samples)
2026-06-26 01:03:52,415 [INFO] prediction.training - [LiquidityXGB] Avg CV Accuracy: 66.26%
2026-06-26 01:03:52,418 [INFO] train_all_tickers - [TUNIS RE][LSTM] MAE=0.4411  RMSE=0.5174  MAPE=5.68%  DirAcc=24.65%  R2=-0.8018
2026-06-26 01:03:52,418 [INFO] train_all_tickers - [TUNIS RE][XGBoost] MAE=0.1414  RMSE=0.1903  MAPE=1.98%  DirAcc=23.25%  R2=0.5672
2026-06-26 01:03:52,418 [INFO] train_all_tickers - [TUNIS RE][Prophet] MAE=1.4432  RMSE=1.5021  MAPE=21.15%  DirAcc=21.22%  R2=-30.6814
2026-06-26 01:03:52,418 [INFO] train_all_tickers - [TUNIS RE][VolumeXGB] MAE=1098.2415  RMSE=3598.4528  MAPE=1010.21%  DirAcc=45.91%  R2=-0.1529
2026-06-26 01:03:52,418 [INFO] train_all_tickers - [TUNIS RE][LiquidityXGB] MAE=0.0000  RMSE=0.0000  MAPE=0.00%  DirAcc=66.26%  R2=0.0000
2026-06-26 01:03:52,427 [INFO] train_all_tickers - ======================================================================
2026-06-26 01:03:52,427 [INFO] train_all_tickers - [36/37] Training ticker: SOTRAPIL  (2419 rows)
2026-06-26 01:03:52,427 [INFO] train_all_tickers - ======================================================================
2026-06-26 01:03:52,461 [WARNING] prediction.training - MLflow setup failed. Tracking disabled.
2026-06-26 01:03:52,468 [INFO] prediction.db_sink - Connected to PostgreSQL postgres:5432/fixtrade
2026-06-26 01:03:52,473 [INFO] prediction.db_sink - Database tables verified/created.
2026-06-26 01:03:52,473 [INFO] prediction.training - ============================================================
2026-06-26 01:03:52,473 [INFO] prediction.training - Training CV split: split_1
2026-06-26 01:03:52,473 [INFO] prediction.training - ============================================================
2026-06-26 01:03:52,489 [INFO] prediction.etl.transform.silver_to_gold - Gold splits — Train: 1663, Val: 252, Test: 494
2026-06-26 01:03:52,496 [INFO] prediction.training - Training LSTM on split_1...
2026-06-26 01:03:52,523 [INFO] prediction.models.lstm - [LSTM] Training device: cuda (NVIDIA GeForce RTX 4060)
2026-06-26 01:03:52,991 [INFO] prediction.models.lstm - [LSTM] Early stopping at epoch 9 (val_loss=0.006262)
2026-06-26 01:03:52,992 [INFO] prediction.models.lstm - [LSTM] Training complete.
2026-06-26 01:03:52,997 [INFO] prediction.models.base - [LSTM] Evaluation: MAE=0.5296 | RMSE=0.6923 | MAPE=3.93% | DirAcc=39.82% | R²=0.1809
2026-06-26 01:03:52,997 [INFO] prediction.training - Training XGBoost on split_1...
2026-06-26 01:03:54,649 [INFO] prediction.models.xgboost_model - [XGBoost] Training complete. Top 5 features: ['close_lag_1', 'cloture', 'close_lag_2', 'sma_5', 'sma_20']
2026-06-26 01:03:54,652 [INFO] prediction.models.base - [XGBoost] Evaluation: MAE=0.2040 | RMSE=0.2714 | MAPE=1.43% | DirAcc=33.07% | R²=0.9009
2026-06-26 01:03:54,652 [INFO] prediction.training - Training Prophet on split_1...
2026-06-26 01:03:55,166 [INFO] prediction.models.prophet_model - [Prophet] Training complete on 1663 rows.
2026-06-26 01:03:55,204 [INFO] prediction.models.base - [Prophet] Evaluation: MAE=4.8328 | RMSE=4.9951 | MAPE=34.37% | DirAcc=36.25% | R²=-32.5592
2026-06-26 01:03:55,204 [INFO] prediction.training - ============================================================
2026-06-26 01:03:55,204 [INFO] prediction.training - Training CV split: split_2
2026-06-26 01:03:55,204 [INFO] prediction.training - ============================================================
2026-06-26 01:03:55,214 [INFO] prediction.etl.transform.silver_to_gold - Gold splits — Train: 1915, Val: 251, Test: 243
2026-06-26 01:03:55,218 [INFO] prediction.training - Training LSTM on split_2...
2026-06-26 01:03:55,232 [INFO] prediction.models.lstm - [LSTM] Training device: cuda (NVIDIA GeForce RTX 4060)
2026-06-26 01:03:55,542 [INFO] prediction.models.lstm - [LSTM] Early stopping at epoch 9 (val_loss=0.017886)
2026-06-26 01:03:55,543 [INFO] prediction.models.lstm - [LSTM] Training complete.
2026-06-26 01:03:55,549 [INFO] prediction.models.base - [LSTM] Evaluation: MAE=0.5606 | RMSE=0.6608 | MAPE=3.85% | DirAcc=32.73% | R²=-0.8343
2026-06-26 01:03:55,549 [INFO] prediction.training - Training XGBoost on split_2...
2026-06-26 01:03:57,198 [INFO] prediction.models.xgboost_model - [XGBoost] Training complete. Top 5 features: ['close_lag_1', 'cloture', 'close_lag_2', 'vwap', 'plus_haut']
2026-06-26 01:03:57,201 [INFO] prediction.models.base - [XGBoost] Evaluation: MAE=0.1428 | RMSE=0.2003 | MAPE=0.96% | DirAcc=35.20% | R²=0.8229
2026-06-26 01:03:57,201 [INFO] prediction.training - Training Prophet on split_2...
2026-06-26 01:03:58,068 [INFO] prediction.models.prophet_model - [Prophet] Training complete on 1915 rows.
2026-06-26 01:03:58,102 [INFO] prediction.models.base - [Prophet] Evaluation: MAE=5.9895 | RMSE=6.0018 | MAPE=40.29% | DirAcc=39.20% | R²=-158.0233
2026-06-26 01:03:58,102 [INFO] prediction.training - ============================================================
2026-06-26 01:03:58,102 [INFO] prediction.training - Training CV split: split_3
2026-06-26 01:03:58,102 [INFO] prediction.training - ============================================================
2026-06-26 01:03:58,110 [INFO] prediction.etl.transform.silver_to_gold - Gold splits — Train: 2166, Val: 243, Test: 0
2026-06-26 01:03:58,114 [INFO] prediction.training - Training LSTM on split_3...
2026-06-26 01:03:58,127 [INFO] prediction.models.lstm - [LSTM] Training device: cuda (NVIDIA GeForce RTX 4060)
2026-06-26 01:03:58,643 [INFO] prediction.models.lstm - [LSTM] Early stopping at epoch 9 (val_loss=0.163879)
2026-06-26 01:03:58,644 [INFO] prediction.models.lstm - [LSTM] Training complete.
2026-06-26 01:03:58,653 [INFO] prediction.models.base - [LSTM] Evaluation: MAE=3.9378 | RMSE=4.3992 | MAPE=17.82% | DirAcc=36.32% | R²=-3.5747
2026-06-26 01:03:58,653 [INFO] prediction.training - Training XGBoost on split_3...
2026-06-26 01:04:00,345 [INFO] prediction.models.xgboost_model - [XGBoost] Training complete. Top 5 features: ['close_lag_1', 'cloture', 'sma_5', 'close_lag_2', 'ema_12']
2026-06-26 01:04:00,347 [INFO] prediction.models.base - [XGBoost] Evaluation: MAE=3.6687 | RMSE=4.3378 | MAPE=16.66% | DirAcc=38.02% | R²=-1.9294
2026-06-26 01:04:00,347 [INFO] prediction.training - Training Prophet on split_3...
2026-06-26 01:04:01,428 [INFO] prediction.models.prophet_model - [Prophet] Training complete on 2166 rows.
2026-06-26 01:04:01,462 [INFO] prediction.models.base - [Prophet] Evaluation: MAE=11.0375 | RMSE=11.4616 | MAPE=52.64% | DirAcc=42.56% | R²=-19.4514
2026-06-26 01:04:01,462 [INFO] prediction.training - ============================================================
2026-06-26 01:04:01,462 [INFO] prediction.training - TRAINING SUMMARY (Averaged across CV splits)
2026-06-26 01:04:01,462 [INFO] prediction.training - ============================================================
2026-06-26 01:04:01,462 [INFO] prediction.training - [LSTM] MAE=1.6760 | RMSE=1.9174 | MAPE=8.53% | DirAcc=36.29% | R²=-1.4094
2026-06-26 01:04:01,462 [INFO] prediction.training - [XGBoost] MAE=1.3385 | RMSE=1.6032 | MAPE=6.35% | DirAcc=35.43% | R²=-0.0685
2026-06-26 01:04:01,462 [INFO] prediction.training - [Prophet] MAE=7.2866 | RMSE=7.4862 | MAPE=42.43% | DirAcc=39.34% | R²=-70.0113
2026-06-26 01:04:01,462 [INFO] prediction.training - ============================================================
2026-06-26 01:04:01,462 [INFO] prediction.training - VOLUME PREDICTION TRAINING
2026-06-26 01:04:01,462 [INFO] prediction.training - ============================================================
2026-06-26 01:04:01,471 [INFO] prediction.etl.transform.silver_to_gold - Gold splits — Train: 1663, Val: 252, Test: 494
2026-06-26 01:04:02,140 [INFO] prediction.models.volume_predictor - [VolumeXGB] Training complete.
2026-06-26 01:04:02,142 [INFO] prediction.models.base - [VolumeXGB] Evaluation: MAE=1197.6531 | RMSE=3520.3476 | MAPE=795.90% | DirAcc=45.02% | R²=-0.1106
2026-06-26 01:04:02,151 [INFO] prediction.etl.transform.silver_to_gold - Gold splits — Train: 1915, Val: 251, Test: 243
2026-06-26 01:04:02,876 [INFO] prediction.models.volume_predictor - [VolumeXGB] Training complete.
2026-06-26 01:04:02,880 [INFO] prediction.models.base - [VolumeXGB] Evaluation: MAE=860.9315 | RMSE=1510.5924 | MAPE=864.23% | DirAcc=41.20% | R²=-0.3607
2026-06-26 01:04:02,894 [INFO] prediction.etl.transform.silver_to_gold - Gold splits — Train: 2166, Val: 243, Test: 0
2026-06-26 01:04:03,674 [INFO] prediction.models.volume_predictor - [VolumeXGB] Training complete.
2026-06-26 01:04:03,676 [INFO] prediction.models.base - [VolumeXGB] Evaluation: MAE=1162.8298 | RMSE=2513.2689 | MAPE=566.53% | DirAcc=48.76% | R²=-0.2301
2026-06-26 01:04:03,676 [INFO] prediction.training - [VolumeXGB] Avg CV: MAE=1073.8048 | RMSE=2514.7363 | MAPE=742.22% | DirAcc=44.99% | R²=-0.2338
2026-06-26 01:04:03,677 [INFO] prediction.training - ============================================================
2026-06-26 01:04:03,677 [INFO] prediction.training - LIQUIDITY CLASSIFICATION TRAINING
2026-06-26 01:04:03,677 [INFO] prediction.training - ============================================================
2026-06-26 01:04:03,688 [INFO] prediction.etl.transform.silver_to_gold - Gold splits — Train: 1663, Val: 252, Test: 494
2026-06-26 01:04:04,484 [INFO] prediction.models.liquidity_classifier - [LiquidityXGB] Training complete. Class distribution: {'low': 1170, 'medium': 457, 'high': 36}
2026-06-26 01:04:04,487 [INFO] prediction.models.liquidity_classifier - [LiquidityXGB] Accuracy=69.05% (252 samples)
2026-06-26 01:04:04,500 [INFO] prediction.etl.transform.silver_to_gold - Gold splits — Train: 1915, Val: 251, Test: 243
2026-06-26 01:04:05,317 [INFO] prediction.models.liquidity_classifier - [LiquidityXGB] Training complete. Class distribution: {'low': 1348, 'medium': 529, 'high': 38}
2026-06-26 01:04:05,320 [INFO] prediction.models.liquidity_classifier - [LiquidityXGB] Accuracy=67.73% (251 samples)
2026-06-26 01:04:05,330 [INFO] prediction.etl.transform.silver_to_gold - Gold splits — Train: 2166, Val: 243, Test: 0
2026-06-26 01:04:06,197 [INFO] prediction.models.liquidity_classifier - [LiquidityXGB] Training complete. Class distribution: {'low': 1515, 'medium': 612, 'high': 39}
2026-06-26 01:04:06,200 [INFO] prediction.models.liquidity_classifier - [LiquidityXGB] Accuracy=59.26% (243 samples)
2026-06-26 01:04:06,200 [INFO] prediction.training - [LiquidityXGB] Avg CV Accuracy: 65.35%
2026-06-26 01:04:06,202 [INFO] train_all_tickers - [SOTRAPIL][LSTM] MAE=1.6760  RMSE=1.9174  MAPE=8.53%  DirAcc=36.29%  R2=-1.4094
2026-06-26 01:04:06,202 [INFO] train_all_tickers - [SOTRAPIL][XGBoost] MAE=1.3385  RMSE=1.6032  MAPE=6.35%  DirAcc=35.43%  R2=-0.0685
2026-06-26 01:04:06,202 [INFO] train_all_tickers - [SOTRAPIL][Prophet] MAE=7.2866  RMSE=7.4862  MAPE=42.43%  DirAcc=39.34%  R2=-70.0113
2026-06-26 01:04:06,202 [INFO] train_all_tickers - [SOTRAPIL][VolumeXGB] MAE=1073.8048  RMSE=2514.7363  MAPE=742.22%  DirAcc=44.99%  R2=-0.2338
2026-06-26 01:04:06,202 [INFO] train_all_tickers - [SOTRAPIL][LiquidityXGB] MAE=0.0000  RMSE=0.0000  MAPE=0.00%  DirAcc=65.35%  R2=0.0000
2026-06-26 01:04:06,207 [INFO] train_all_tickers - ======================================================================
2026-06-26 01:04:06,207 [INFO] train_all_tickers - [37/37] Training ticker: UNIMED  (2409 rows)
2026-06-26 01:04:06,207 [INFO] train_all_tickers - ======================================================================
2026-06-26 01:04:06,231 [WARNING] prediction.training - MLflow setup failed. Tracking disabled.
2026-06-26 01:04:06,235 [INFO] prediction.db_sink - Connected to PostgreSQL postgres:5432/fixtrade
2026-06-26 01:04:06,237 [INFO] prediction.db_sink - Database tables verified/created.
2026-06-26 01:04:06,237 [INFO] prediction.training - ============================================================
2026-06-26 01:04:06,237 [INFO] prediction.training - Training CV split: split_1
2026-06-26 01:04:06,237 [INFO] prediction.training - ============================================================
2026-06-26 01:04:06,246 [INFO] prediction.etl.transform.silver_to_gold - Gold splits — Train: 1653, Val: 252, Test: 494
2026-06-26 01:04:06,249 [INFO] prediction.training - Training LSTM on split_1...
2026-06-26 01:04:06,260 [INFO] prediction.models.lstm - [LSTM] Training device: cuda (NVIDIA GeForce RTX 4060)
2026-06-26 01:04:06,789 [INFO] prediction.models.lstm - [LSTM] Epoch 10/50 — train_loss=0.009991, val_loss=0.002055
2026-06-26 01:04:06,957 [INFO] prediction.models.lstm - [LSTM] Epoch 20/50 — train_loss=0.002957, val_loss=0.000975
2026-06-26 01:04:07,130 [INFO] prediction.models.lstm - [LSTM] Epoch 30/50 — train_loss=0.001980, val_loss=0.000710
2026-06-26 01:04:07,258 [INFO] prediction.models.lstm - [LSTM] Early stopping at epoch 38 (val_loss=0.000765)
2026-06-26 01:04:07,259 [INFO] prediction.models.lstm - [LSTM] Training complete.
2026-06-26 01:04:07,267 [INFO] prediction.models.base - [LSTM] Evaluation: MAE=0.1561 | RMSE=0.1937 | MAPE=2.08% | DirAcc=38.91% | R²=0.5833
2026-06-26 01:04:07,267 [INFO] prediction.training - Training XGBoost on split_1...
2026-06-26 01:04:08,804 [INFO] prediction.models.xgboost_model - [XGBoost] Training complete. Top 5 features: ['plus_haut', 'cloture', 'plus_bas', 'close_lag_1', 'close_lag_2']
2026-06-26 01:04:08,806 [INFO] prediction.models.base - [XGBoost] Evaluation: MAE=0.0890 | RMSE=0.1200 | MAPE=1.20% | DirAcc=33.47% | R²=0.8772
2026-06-26 01:04:08,806 [INFO] prediction.training - Training Prophet on split_1...
2026-06-26 01:04:09,581 [INFO] prediction.models.prophet_model - [Prophet] Training complete on 1653 rows.
2026-06-26 01:04:09,619 [INFO] prediction.models.base - [Prophet] Evaluation: MAE=3.2774 | RMSE=3.5074 | MAPE=44.52% | DirAcc=43.03% | R²=-103.9272
2026-06-26 01:04:09,619 [INFO] prediction.training - ============================================================
2026-06-26 01:04:09,619 [INFO] prediction.training - Training CV split: split_2
2026-06-26 01:04:09,619 [INFO] prediction.training - ============================================================
2026-06-26 01:04:09,627 [INFO] prediction.etl.transform.silver_to_gold - Gold splits — Train: 1905, Val: 251, Test: 243
2026-06-26 01:04:09,631 [INFO] prediction.training - Training LSTM on split_2...
2026-06-26 01:04:09,643 [INFO] prediction.models.lstm - [LSTM] Training device: cuda (NVIDIA GeForce RTX 4060)
2026-06-26 01:04:10,047 [INFO] prediction.models.lstm - [LSTM] Epoch 10/50 — train_loss=0.009636, val_loss=0.002136
2026-06-26 01:04:10,233 [INFO] prediction.models.lstm - [LSTM] Epoch 20/50 — train_loss=0.003391, val_loss=0.000773
2026-06-26 01:04:10,413 [INFO] prediction.models.lstm - [LSTM] Epoch 30/50 — train_loss=0.003066, val_loss=0.000566
2026-06-26 01:04:10,503 [INFO] prediction.models.lstm - [LSTM] Early stopping at epoch 35 (val_loss=0.001532)
2026-06-26 01:04:10,504 [INFO] prediction.models.lstm - [LSTM] Training complete.
2026-06-26 01:04:10,508 [INFO] prediction.models.base - [LSTM] Evaluation: MAE=0.1127 | RMSE=0.1647 | MAPE=1.63% | DirAcc=39.55% | R²=0.4373
2026-06-26 01:04:10,508 [INFO] prediction.training - Training XGBoost on split_2...
2026-06-26 01:04:12,008 [INFO] prediction.models.xgboost_model - [XGBoost] Training complete. Top 5 features: ['cloture', 'plus_haut', 'plus_bas', 'close_lag_1', 'sma_5']
2026-06-26 01:04:12,010 [INFO] prediction.models.base - [XGBoost] Evaluation: MAE=0.1201 | RMSE=0.1816 | MAPE=1.75% | DirAcc=32.80% | R²=0.2566
2026-06-26 01:04:12,011 [INFO] prediction.training - Training Prophet on split_2...
2026-06-26 01:04:12,652 [INFO] prediction.models.prophet_model - [Prophet] Training complete on 1905 rows.
2026-06-26 01:04:12,686 [INFO] prediction.models.base - [Prophet] Evaluation: MAE=3.6549 | RMSE=3.7646 | MAPE=51.51% | DirAcc=43.60% | R²=-318.3732
2026-06-26 01:04:12,687 [INFO] prediction.training - ============================================================
2026-06-26 01:04:12,687 [INFO] prediction.training - Training CV split: split_3
2026-06-26 01:04:12,687 [INFO] prediction.training - ============================================================
2026-06-26 01:04:12,697 [INFO] prediction.etl.transform.silver_to_gold - Gold splits — Train: 2156, Val: 243, Test: 0
2026-06-26 01:04:12,701 [INFO] prediction.training - Training LSTM on split_3...
2026-06-26 01:04:12,715 [INFO] prediction.models.lstm - [LSTM] Training device: cuda (NVIDIA GeForce RTX 4060)
2026-06-26 01:04:13,131 [INFO] prediction.models.lstm - [LSTM] Epoch 10/50 — train_loss=0.009944, val_loss=0.009299
2026-06-26 01:04:13,430 [INFO] prediction.models.lstm - [LSTM] Early stopping at epoch 20 (val_loss=0.007318)
2026-06-26 01:04:13,431 [INFO] prediction.models.lstm - [LSTM] Training complete.
2026-06-26 01:04:13,439 [INFO] prediction.models.base - [LSTM] Evaluation: MAE=0.4551 | RMSE=0.5908 | MAPE=5.44% | DirAcc=47.64% | R²=0.2649
2026-06-26 01:04:13,440 [INFO] prediction.training - Training XGBoost on split_3...
2026-06-26 01:04:15,018 [INFO] prediction.models.xgboost_model - [XGBoost] Training complete. Top 5 features: ['cloture', 'plus_bas', 'plus_haut', 'close_lag_1', 'close_lag_2']
2026-06-26 01:04:15,020 [INFO] prediction.models.base - [XGBoost] Evaluation: MAE=0.0867 | RMSE=0.1232 | MAPE=1.08% | DirAcc=46.69% | R²=0.9721
2026-06-26 01:04:15,020 [INFO] prediction.training - Training Prophet on split_3...
2026-06-26 01:04:15,946 [INFO] prediction.models.prophet_model - [Prophet] Training complete on 2156 rows.
2026-06-26 01:04:15,982 [INFO] prediction.models.base - [Prophet] Evaluation: MAE=2.9038 | RMSE=3.3058 | MAPE=38.52% | DirAcc=44.63% | R²=-19.1187
2026-06-26 01:04:15,982 [INFO] prediction.training - ============================================================
2026-06-26 01:04:15,982 [INFO] prediction.training - TRAINING SUMMARY (Averaged across CV splits)
2026-06-26 01:04:15,982 [INFO] prediction.training - ============================================================
2026-06-26 01:04:15,982 [INFO] prediction.training - [LSTM] MAE=0.2413 | RMSE=0.3164 | MAPE=3.05% | DirAcc=42.03% | R²=0.4285
2026-06-26 01:04:15,982 [INFO] prediction.training - [XGBoost] MAE=0.0986 | RMSE=0.1416 | MAPE=1.34% | DirAcc=37.65% | R²=0.7019
2026-06-26 01:04:15,982 [INFO] prediction.training - [Prophet] MAE=3.2787 | RMSE=3.5259 | MAPE=44.85% | DirAcc=43.75% | R²=-147.1397
2026-06-26 01:04:15,982 [INFO] prediction.training - ============================================================
2026-06-26 01:04:15,982 [INFO] prediction.training - VOLUME PREDICTION TRAINING
2026-06-26 01:04:15,982 [INFO] prediction.training - ============================================================
2026-06-26 01:04:15,991 [INFO] prediction.etl.transform.silver_to_gold - Gold splits — Train: 1653, Val: 252, Test: 494
2026-06-26 01:04:16,695 [INFO] prediction.models.volume_predictor - [VolumeXGB] Training complete.
2026-06-26 01:04:16,698 [INFO] prediction.models.base - [VolumeXGB] Evaluation: MAE=5481.2745 | RMSE=12408.6787 | MAPE=658.14% | DirAcc=51.79% | R²=-0.1561
2026-06-26 01:04:16,711 [INFO] prediction.etl.transform.silver_to_gold - Gold splits — Train: 1905, Val: 251, Test: 243
2026-06-26 01:04:17,429 [INFO] prediction.models.volume_predictor - [VolumeXGB] Training complete.
2026-06-26 01:04:17,432 [INFO] prediction.models.base - [VolumeXGB] Evaluation: MAE=5990.0873 | RMSE=13868.4676 | MAPE=908.94% | DirAcc=40.00% | R²=-0.1134
2026-06-26 01:04:17,442 [INFO] prediction.etl.transform.silver_to_gold - Gold splits — Train: 2156, Val: 243, Test: 0
2026-06-26 01:04:18,200 [INFO] prediction.models.volume_predictor - [VolumeXGB] Training complete.
2026-06-26 01:04:18,202 [INFO] prediction.models.base - [VolumeXGB] Evaluation: MAE=33066.6171 | RMSE=123499.1357 | MAPE=76.44% | DirAcc=45.04% | R²=-0.0698
2026-06-26 01:04:18,202 [INFO] prediction.training - [VolumeXGB] Avg CV: MAE=14845.9929 | RMSE=49925.4273 | MAPE=547.84% | DirAcc=45.61% | R²=-0.1131
2026-06-26 01:04:18,203 [INFO] prediction.training - ============================================================
2026-06-26 01:04:18,203 [INFO] prediction.training - LIQUIDITY CLASSIFICATION TRAINING
2026-06-26 01:04:18,203 [INFO] prediction.training - ============================================================
2026-06-26 01:04:18,213 [INFO] prediction.etl.transform.silver_to_gold - Gold splits — Train: 1653, Val: 252, Test: 494
2026-06-26 01:04:19,104 [INFO] prediction.models.liquidity_classifier - [LiquidityXGB] Training complete. Class distribution: {'low': 362, 'medium': 956, 'high': 335}
2026-06-26 01:04:19,107 [INFO] prediction.models.liquidity_classifier - [LiquidityXGB] Accuracy=60.71% (252 samples)
2026-06-26 01:04:19,117 [INFO] prediction.etl.transform.silver_to_gold - Gold splits — Train: 1905, Val: 251, Test: 243
2026-06-26 01:04:20,009 [INFO] prediction.models.liquidity_classifier - [LiquidityXGB] Training complete. Class distribution: {'low': 402, 'medium': 1118, 'high': 385}
2026-06-26 01:04:20,013 [INFO] prediction.models.liquidity_classifier - [LiquidityXGB] Accuracy=56.57% (251 samples)
2026-06-26 01:04:20,022 [INFO] prediction.etl.transform.silver_to_gold - Gold splits — Train: 2156, Val: 243, Test: 0
2026-06-26 01:04:20,931 [INFO] prediction.models.liquidity_classifier - [LiquidityXGB] Training complete. Class distribution: {'low': 454, 'medium': 1267, 'high': 435}
2026-06-26 01:04:20,934 [INFO] prediction.models.liquidity_classifier - [LiquidityXGB] Accuracy=59.26% (243 samples)
2026-06-26 01:04:20,934 [INFO] prediction.training - [LiquidityXGB] Avg CV Accuracy: 58.85%
2026-06-26 01:04:20,935 [INFO] train_all_tickers - [UNIMED][LSTM] MAE=0.2413  RMSE=0.3164  MAPE=3.05%  DirAcc=42.03%  R2=0.4285
2026-06-26 01:04:20,935 [INFO] train_all_tickers - [UNIMED][XGBoost] MAE=0.0986  RMSE=0.1416  MAPE=1.34%  DirAcc=37.65%  R2=0.7019
2026-06-26 01:04:20,935 [INFO] train_all_tickers - [UNIMED][Prophet] MAE=3.2787  RMSE=3.5259  MAPE=44.85%  DirAcc=43.75%  R2=-147.1397
2026-06-26 01:04:20,935 [INFO] train_all_tickers - [UNIMED][VolumeXGB] MAE=14845.9929  RMSE=49925.4273  MAPE=547.84%  DirAcc=45.61%  R2=-0.1131
2026-06-26 01:04:20,935 [INFO] train_all_tickers - [UNIMED][LiquidityXGB] MAE=0.0000  RMSE=0.0000  MAPE=0.00%  DirAcc=58.85%  R2=0.0000
2026-06-26 01:04:20,942 [INFO] train_all_tickers - 
==========================================================================================
2026-06-26 01:04:20,942 [INFO] train_all_tickers - SUMMARY — Walk-forward CV metrics (averaged across splits)
2026-06-26 01:04:20,942 [INFO] train_all_tickers - ==========================================================================================
2026-06-26 01:04:20,942 [INFO] train_all_tickers - Ticker         Rows  Model               MAE     RMSE    MAPE%   DirAcc%       R2
2026-06-26 01:04:20,942 [INFO] train_all_tickers - ------------------------------------------------------------------------------------------
2026-06-26 01:04:20,942 [INFO] train_all_tickers - SFBT           2505  LSTM             0.5096   0.6156     3.94     36.76   0.0352
2026-06-26 01:04:20,942 [INFO] train_all_tickers - SFBT           2505  XGBoost          0.4258   0.5429     3.39     39.60   0.3517
2026-06-26 01:04:20,942 [INFO] train_all_tickers - SFBT           2505  Prophet          9.4352   9.6923    74.75     39.32 -306.9373
2026-06-26 01:04:20,942 [INFO] train_all_tickers - SFBT           2505  VolumeXGB      35478.3372 151492.7763   141.18     47.98  -0.0364
2026-06-26 01:04:20,942 [INFO] train_all_tickers - SFBT           2505  LiquidityXGB     0.0000   0.0000     0.00     63.79   0.0000
2026-06-26 01:04:20,942 [INFO] train_all_tickers - ATTIJARI BANK   2504  LSTM             2.5538   3.1658     4.32     44.89   0.2714
2026-06-26 01:04:20,942 [INFO] train_all_tickers - ATTIJARI BANK   2504  XGBoost          3.1553   3.8447     5.15     45.24  -0.1168
2026-06-26 01:04:20,942 [INFO] train_all_tickers - ATTIJARI BANK   2504  Prophet         23.6036  23.7762    44.49     46.44 -41.3472
2026-06-26 01:04:20,942 [INFO] train_all_tickers - ATTIJARI BANK   2504  VolumeXGB      6511.7525 33688.9100   349.90     43.50  -0.0211
2026-06-26 01:04:20,942 [INFO] train_all_tickers - ATTIJARI BANK   2504  LiquidityXGB     0.0000   0.0000     0.00     67.21   0.0000
2026-06-26 01:04:20,942 [INFO] train_all_tickers - SAH            2504  LSTM             0.2627   0.3251     2.74     39.54   0.8119
2026-06-26 01:04:20,942 [INFO] train_all_tickers - SAH            2504  XGBoost          0.1629   0.2103     1.72     41.46   0.9161
2026-06-26 01:04:20,942 [INFO] train_all_tickers - SAH            2504  Prophet          2.0640   2.1629    23.18     38.38 -10.6903
2026-06-26 01:04:20,942 [INFO] train_all_tickers - SAH            2504  VolumeXGB      26741.1304 94449.7066   126.18     46.69  -0.0349
2026-06-26 01:04:20,942 [INFO] train_all_tickers - SAH            2504  LiquidityXGB     0.0000   0.0000     0.00     67.02   0.0000
2026-06-26 01:04:20,942 [INFO] train_all_tickers - SOMOCER        2504  LSTM             0.0563   0.0661    11.48     27.17   0.0608
2026-06-26 01:04:20,942 [INFO] train_all_tickers - SOMOCER        2504  XGBoost          0.0837   0.0993    17.23     27.11  -0.8025
2026-06-26 01:04:20,942 [INFO] train_all_tickers - SOMOCER        2504  Prophet          1.0534   1.0679   194.75     27.75 -209.9183
2026-06-26 01:04:20,942 [INFO] train_all_tickers - SOMOCER        2504  VolumeXGB      18588.5312 38482.0767  1971.21     45.00  -0.1956
2026-06-26 01:04:20,943 [INFO] train_all_tickers - SOMOCER        2504  LiquidityXGB     0.0000   0.0000     0.00     46.83   0.0000
2026-06-26 01:04:20,943 [INFO] train_all_tickers - BT             2502  LSTM             0.1464   0.1977     2.66     33.89   0.2087
2026-06-26 01:04:20,943 [INFO] train_all_tickers - BT             2502  XGBoost          0.0434   0.0648     0.81     30.23   0.8477
2026-06-26 01:04:20,943 [INFO] train_all_tickers - BT             2502  Prophet          3.8008   3.9169    73.01     31.65 -816.3780
2026-06-26 01:04:20,943 [INFO] train_all_tickers - BT             2502  VolumeXGB      24115.3879 110451.8671  2142.41     48.83  -0.0197
2026-06-26 01:04:20,943 [INFO] train_all_tickers - BT             2502  LiquidityXGB     0.0000   0.0000     0.00     65.03   0.0000
2026-06-26 01:04:20,943 [INFO] train_all_tickers - BIAT           2502  LSTM             2.2523   2.9284     2.32     43.68   0.0953
2026-06-26 01:04:20,943 [INFO] train_all_tickers - BIAT           2502  XGBoost          0.8199   1.2935     0.84     43.83   0.8879
2026-06-26 01:04:20,943 [INFO] train_all_tickers - BIAT           2502  Prophet         10.7541  11.3725    11.02     45.12  -6.1271
2026-06-26 01:04:20,943 [INFO] train_all_tickers - BIAT           2502  VolumeXGB      3999.9688 20462.7444   244.28     46.81  -0.0447
2026-06-26 01:04:20,943 [INFO] train_all_tickers - BIAT           2502  LiquidityXGB     0.0000   0.0000     0.00     67.32   0.0000
2026-06-26 01:04:20,943 [INFO] train_all_tickers - SOTUVER        2502  LSTM             0.4705   0.5714     3.78     42.56   0.2835
2026-06-26 01:04:20,943 [INFO] train_all_tickers - SOTUVER        2502  XGBoost          0.8312   1.0045     6.59     40.14  -0.8365
2026-06-26 01:04:20,943 [INFO] train_all_tickers - SOTUVER        2502  Prophet          8.5110   8.5525    68.34     40.50 -329.8808
2026-06-26 01:04:20,943 [INFO] train_all_tickers - SOTUVER        2502  VolumeXGB      24316.9156 158354.9718   165.06     48.81  -0.0156
2026-06-26 01:04:20,943 [INFO] train_all_tickers - SOTUVER        2502  LiquidityXGB     0.0000   0.0000     0.00     60.34   0.0000
2026-06-26 01:04:20,943 [INFO] train_all_tickers - TPR            2501  LSTM             1.3399   1.4694    14.78     43.06  -2.8192
2026-06-26 01:04:20,943 [INFO] train_all_tickers - TPR            2501  XGBoost          1.3223   1.4894    14.15     40.97  -1.4319
2026-06-26 01:04:20,943 [INFO] train_all_tickers - TPR            2501  Prophet          3.3000   3.4235    45.42     40.76 -17.8178
2026-06-26 01:04:20,943 [INFO] train_all_tickers - TPR            2501  VolumeXGB      30571.0683 191389.6994   748.09     43.43  -0.0265
2026-06-26 01:04:20,943 [INFO] train_all_tickers - TPR            2501  LiquidityXGB     0.0000   0.0000     0.00     55.92   0.0000
2026-06-26 01:04:20,943 [INFO] train_all_tickers - EURO-CYCLES    2498  LSTM             2.4047   2.6151    17.14     46.77  -2.3612
2026-06-26 01:04:20,943 [INFO] train_all_tickers - EURO-CYCLES    2498  XGBoost          0.4862   0.6087     3.64     46.15   0.6961
2026-06-26 01:04:20,943 [INFO] train_all_tickers - EURO-CYCLES    2498  Prophet         29.4875  29.9071   219.64     46.24 -1105.7024
2026-06-26 01:04:20,943 [INFO] train_all_tickers - EURO-CYCLES    2498  VolumeXGB      3990.1477 6966.3471   197.66     46.99  -0.0309
2026-06-26 01:04:20,943 [INFO] train_all_tickers - EURO-CYCLES    2498  LiquidityXGB     0.0000   0.0000     0.00     69.58   0.0000
2026-06-26 01:04:20,943 [INFO] train_all_tickers - CARTHAGE CEMENT   2497  LSTM             0.0631   0.0788     3.21     37.02   0.6810
2026-06-26 01:04:20,943 [INFO] train_all_tickers - CARTHAGE CEMENT   2497  XGBoost          0.0220   0.0286     1.11     35.67   0.9577
2026-06-26 01:04:20,943 [INFO] train_all_tickers - CARTHAGE CEMENT   2497  Prophet          0.2633   0.3332    13.18     37.22  -4.9188
2026-06-26 01:04:20,943 [INFO] train_all_tickers - CARTHAGE CEMENT   2497  VolumeXGB      103093.5093 450433.5126   233.12     43.47  -0.0023
2026-06-26 01:04:20,944 [INFO] train_all_tickers - CARTHAGE CEMENT   2497  LiquidityXGB     0.0000   0.0000     0.00     92.84   0.0000
2026-06-26 01:04:20,944 [INFO] train_all_tickers - UIB            2496  LSTM             0.6324   0.8057     2.63     38.98   0.7287
2026-06-26 01:04:20,944 [INFO] train_all_tickers - UIB            2496  XGBoost          0.3270   0.4734     1.32     31.87   0.9042
2026-06-26 01:04:20,944 [INFO] train_all_tickers - UIB            2496  Prophet          6.1246   6.2503    25.35     36.16 -17.0034
2026-06-26 01:04:20,944 [INFO] train_all_tickers - UIB            2496  VolumeXGB      8168.1150 52360.2830  1689.71     46.56  -0.0180
2026-06-26 01:04:20,944 [INFO] train_all_tickers - UIB            2496  LiquidityXGB     0.0000   0.0000     0.00     50.25   0.0000
2026-06-26 01:04:20,944 [INFO] train_all_tickers - TUNISAIR       2494  LSTM             0.0239   0.0269     6.23     19.14  -2.5787
2026-06-26 01:04:20,944 [INFO] train_all_tickers - TUNISAIR       2494  XGBoost          0.0207   0.0239     5.33     18.97  -1.1417
2026-06-26 01:04:20,944 [INFO] train_all_tickers - TUNISAIR       2494  Prophet          0.2478   0.2505    63.95     18.93 -264.7939
2026-06-26 01:04:20,944 [INFO] train_all_tickers - TUNISAIR       2494  VolumeXGB      7894.6223 14033.2144  1523.30     57.54  -0.3435
2026-06-26 01:04:20,944 [INFO] train_all_tickers - TUNISAIR       2494  LiquidityXGB     0.0000   0.0000     0.00     36.61   0.0000
2026-06-26 01:04:20,944 [INFO] train_all_tickers - TELNET HOLDING   2493  LSTM             0.1976   0.2392     3.10     40.94   0.6799
2026-06-26 01:04:20,944 [INFO] train_all_tickers - TELNET HOLDING   2493  XGBoost          0.1006   0.1320     1.67     39.83   0.9076
2026-06-26 01:04:20,944 [INFO] train_all_tickers - TELNET HOLDING   2493  Prophet          3.3338   3.3563    51.35     41.07 -65.4828
2026-06-26 01:04:20,944 [INFO] train_all_tickers - TELNET HOLDING   2493  VolumeXGB      4904.4503 9176.9234  2780.75     44.82  -0.0349
2026-06-26 01:04:20,944 [INFO] train_all_tickers - TELNET HOLDING   2493  LiquidityXGB     0.0000   0.0000     0.00     57.13   0.0000
2026-06-26 01:04:20,944 [INFO] train_all_tickers - BNA            2493  LSTM             0.2996   0.3911     3.40     38.78   0.6649
2026-06-26 01:04:20,944 [INFO] train_all_tickers - BNA            2493  XGBoost          0.0998   0.1436     1.17     38.92   0.9481
2026-06-26 01:04:20,944 [INFO] train_all_tickers - BNA            2493  Prophet          1.4922   1.8034    17.49     37.84  -7.9046
2026-06-26 01:04:20,944 [INFO] train_all_tickers - BNA            2493  VolumeXGB      11703.0003 25146.7750   167.83     41.56  -0.0676
2026-06-26 01:04:20,944 [INFO] train_all_tickers - BNA            2493  LiquidityXGB     0.0000   0.0000     0.00     56.46   0.0000
2026-06-26 01:04:20,944 [INFO] train_all_tickers - ASSAD          2488  LSTM             0.1862   0.2176    15.30     37.31  -1.6697
2026-06-26 01:04:20,944 [INFO] train_all_tickers - ASSAD          2488  XGBoost          0.1610   0.2088    14.22     37.60  -1.3145
2026-06-26 01:04:20,944 [INFO] train_all_tickers - ASSAD          2488  Prophet          3.6636   3.7366   404.98     36.40 -2063.7496
2026-06-26 01:04:20,944 [INFO] train_all_tickers - ASSAD          2488  VolumeXGB      20276.2812 49928.3149   301.89     46.51  -0.1539
2026-06-26 01:04:20,944 [INFO] train_all_tickers - ASSAD          2488  LiquidityXGB     0.0000   0.0000     0.00     47.65   0.0000
2026-06-26 01:04:20,944 [INFO] train_all_tickers - SOTUMAG        2487  LSTM             0.2751   0.3597     3.67     31.83   0.4372
2026-06-26 01:04:20,944 [INFO] train_all_tickers - SOTUMAG        2487  XGBoost          0.6256   0.8121     8.45     33.28  -0.9055
2026-06-26 01:04:20,944 [INFO] train_all_tickers - SOTUMAG        2487  Prophet          3.9576   4.0094    63.39     31.23 -213.4981
2026-06-26 01:04:20,944 [INFO] train_all_tickers - SOTUMAG        2487  VolumeXGB      3004.6419 6154.8850  2407.83     50.34  -0.0545
2026-06-26 01:04:20,944 [INFO] train_all_tickers - SOTUMAG        2487  LiquidityXGB     0.0000   0.0000     0.00     44.58   0.0000
2026-06-26 01:04:20,944 [INFO] train_all_tickers - STB            2486  LSTM             0.1646   0.2016     5.26     38.40  -0.1651
2026-06-26 01:04:20,944 [INFO] train_all_tickers - STB            2486  XGBoost          0.0532   0.0694     1.62     38.43   0.8471
2026-06-26 01:04:20,945 [INFO] train_all_tickers - STB            2486  Prophet          1.3619   1.4733    42.93     39.33 -49.1494
2026-06-26 01:04:20,945 [INFO] train_all_tickers - STB            2486  VolumeXGB      13211.9803 31931.0985   491.52     41.73  -0.0963
2026-06-26 01:04:20,945 [INFO] train_all_tickers - STB            2486  LiquidityXGB     0.0000   0.0000     0.00     61.22   0.0000
2026-06-26 01:04:20,945 [INFO] train_all_tickers - AMEN BANK      2484  LSTM             1.8433   2.1794     4.82     42.71   0.4418
2026-06-26 01:04:20,945 [INFO] train_all_tickers - AMEN BANK      2484  XGBoost          2.3068   3.0887     5.84     40.27   0.2460
2026-06-26 01:04:20,945 [INFO] train_all_tickers - AMEN BANK      2484  Prophet         15.2167  15.6008    38.85     38.90 -16.3268
2026-06-26 01:04:20,945 [INFO] train_all_tickers - AMEN BANK      2484  VolumeXGB      13581.1976 74256.8032   137.47     44.46  -0.1003
2026-06-26 01:04:20,945 [INFO] train_all_tickers - AMEN BANK      2484  LiquidityXGB     0.0000   0.0000     0.00     49.20   0.0000
2026-06-26 01:04:20,945 [INFO] train_all_tickers - ARTES          2483  LSTM             1.1264   1.2114    11.03     37.00  -4.5696
2026-06-26 01:04:20,945 [INFO] train_all_tickers - ARTES          2483  XGBoost          0.7821   0.8635     7.41     38.67  -1.4019
2026-06-26 01:04:20,945 [INFO] train_all_tickers - ARTES          2483  Prophet          1.9764   2.0641    26.26     38.45  -7.6763
2026-06-26 01:04:20,945 [INFO] train_all_tickers - ARTES          2483  VolumeXGB      16336.7468 153456.7613  1072.52     47.92  -0.0222
2026-06-26 01:04:20,945 [INFO] train_all_tickers - ARTES          2483  LiquidityXGB     0.0000   0.0000     0.00     58.45   0.0000
2026-06-26 01:04:20,945 [INFO] train_all_tickers - SOTIPAPIER     2479  LSTM             0.4094   0.4624     7.50     38.01   0.4409
2026-06-26 01:04:20,945 [INFO] train_all_tickers - SOTIPAPIER     2479  XGBoost          0.1244   0.1756     2.70     38.38   0.9267
2026-06-26 01:04:20,945 [INFO] train_all_tickers - SOTIPAPIER     2479  Prophet          1.4133   1.4966    25.58     37.56  -5.5345
2026-06-26 01:04:20,945 [INFO] train_all_tickers - SOTIPAPIER     2479  VolumeXGB      40070.4968 347535.2905  1499.50     49.13  -0.1449
2026-06-26 01:04:20,945 [INFO] train_all_tickers - SOTIPAPIER     2479  LiquidityXGB     0.0000   0.0000     0.00     54.51   0.0000
2026-06-26 01:04:20,946 [INFO] train_all_tickers - MONOPRIX       2477  LSTM             0.2606   0.3226     5.51     22.54   0.5387
2026-06-26 01:04:20,946 [INFO] train_all_tickers - MONOPRIX       2477  XGBoost          0.1633   0.2100     3.81     22.15   0.7986
2026-06-26 01:04:20,946 [INFO] train_all_tickers - MONOPRIX       2477  Prophet          6.7962   7.0254   145.00     25.74 -180.7277
2026-06-26 01:04:20,946 [INFO] train_all_tickers - MONOPRIX       2477  VolumeXGB      1318.9024 4564.6667  1437.88     39.18  -0.0613
2026-06-26 01:04:20,947 [INFO] train_all_tickers - MONOPRIX       2477  LiquidityXGB     0.0000   0.0000     0.00     65.18   0.0000
2026-06-26 01:04:20,947 [INFO] train_all_tickers - POULINA GP HOLDING   2475  LSTM             0.5711   0.7191     4.81     37.22   0.5060
2026-06-26 01:04:20,947 [INFO] train_all_tickers - POULINA GP HOLDING   2475  XGBoost          0.5544   0.7334     4.52     38.32   0.5529
2026-06-26 01:04:20,947 [INFO] train_all_tickers - POULINA GP HOLDING   2475  Prophet          4.4079   4.6249    39.98     37.36 -19.8356
2026-06-26 01:04:20,947 [INFO] train_all_tickers - POULINA GP HOLDING   2475  VolumeXGB      23441.5029 58012.3229  2609.91     47.70  -0.1291
2026-06-26 01:04:20,947 [INFO] train_all_tickers - POULINA GP HOLDING   2475  LiquidityXGB     0.0000   0.0000     0.00     41.60   0.0000
2026-06-26 01:04:20,947 [INFO] train_all_tickers - ENNAKL AUTOMOBILES   2471  LSTM             0.9219   1.0800     7.30     33.21  -5.2770
2026-06-26 01:04:20,947 [INFO] train_all_tickers - ENNAKL AUTOMOBILES   2471  XGBoost          0.2345   0.3569     1.80     29.33   0.8228
2026-06-26 01:04:20,948 [INFO] train_all_tickers - ENNAKL AUTOMOBILES   2471  Prophet          1.6792   1.8818    14.88     29.74 -18.9798
2026-06-26 01:04:20,948 [INFO] train_all_tickers - ENNAKL AUTOMOBILES   2471  VolumeXGB      1146.3148 6130.6120  1133.07     46.46  -0.0156
2026-06-26 01:04:20,948 [INFO] train_all_tickers - ENNAKL AUTOMOBILES   2471  LiquidityXGB     0.0000   0.0000     0.00     75.51   0.0000
2026-06-26 01:04:20,948 [INFO] train_all_tickers - SOTETEL        2470  LSTM             0.1471   0.1945     2.89     41.28   0.8867
2026-06-26 01:04:20,948 [INFO] train_all_tickers - SOTETEL        2470  XGBoost          0.0934   0.1236     1.77     39.66   0.9718
2026-06-26 01:04:20,948 [INFO] train_all_tickers - SOTETEL        2470  Prophet          2.4463   2.5553    45.43     41.43 -11.2888
2026-06-26 01:04:20,948 [INFO] train_all_tickers - SOTETEL        2470  VolumeXGB      6074.2947 11823.0169   642.32     44.96  -0.0459
2026-06-26 01:04:20,948 [INFO] train_all_tickers - SOTETEL        2470  LiquidityXGB     0.0000   0.0000     0.00     58.89   0.0000
2026-06-26 01:04:20,948 [INFO] train_all_tickers - SIAME          2457  LSTM             0.1097   0.1458     3.52     36.03   0.4318
2026-06-26 01:04:20,948 [INFO] train_all_tickers - SIAME          2457  XGBoost          0.0502   0.0663     1.64     36.62   0.8650
2026-06-26 01:04:20,948 [INFO] train_all_tickers - SIAME          2457  Prophet          1.0748   1.1259    31.12     34.79 -81.6484
2026-06-26 01:04:20,948 [INFO] train_all_tickers - SIAME          2457  VolumeXGB      7571.8856 26594.3769  1242.16     45.11  -0.0298
2026-06-26 01:04:20,948 [INFO] train_all_tickers - SIAME          2457  LiquidityXGB     0.0000   0.0000     0.00     48.66   0.0000
2026-06-26 01:04:20,948 [INFO] train_all_tickers - TAWASOL GP HOLDING   2453  LSTM             0.0269   0.0334     4.07     33.85   0.6537
2026-06-26 01:04:20,948 [INFO] train_all_tickers - TAWASOL GP HOLDING   2453  XGBoost          0.0141   0.0182     2.13     35.54   0.8956
2026-06-26 01:04:20,948 [INFO] train_all_tickers - TAWASOL GP HOLDING   2453  Prophet          0.0688   0.0800    10.09     31.47  -1.3504
2026-06-26 01:04:20,948 [INFO] train_all_tickers - TAWASOL GP HOLDING   2453  VolumeXGB      23992.0810 50680.8651   834.26     45.71  -0.1785
2026-06-26 01:04:20,948 [INFO] train_all_tickers - TAWASOL GP HOLDING   2453  LiquidityXGB     0.0000   0.0000     0.00     49.56   0.0000
2026-06-26 01:04:20,948 [INFO] train_all_tickers - DELICE HOLDING   2452  LSTM             1.0490   1.3032     6.14     38.31   0.7240
2026-06-26 01:04:20,948 [INFO] train_all_tickers - DELICE HOLDING   2452  XGBoost          0.8764   1.3197     4.20     39.36   0.8031
2026-06-26 01:04:20,949 [INFO] train_all_tickers - DELICE HOLDING   2452  Prophet          2.6745   3.2473    16.44     39.77  -1.3522
2026-06-26 01:04:20,949 [INFO] train_all_tickers - DELICE HOLDING   2452  VolumeXGB      12992.7720 38594.1538   468.41     45.65  -0.1263
2026-06-26 01:04:20,949 [INFO] train_all_tickers - DELICE HOLDING   2452  LiquidityXGB     0.0000   0.0000     0.00     49.56   0.0000
2026-06-26 01:04:20,949 [INFO] train_all_tickers - ONE TECH HOLDING   2450  LSTM             0.4960   0.6538     5.97     39.66  -0.9188
2026-06-26 01:04:20,949 [INFO] train_all_tickers - ONE TECH HOLDING   2450  XGBoost          0.0787   0.1053     0.93     41.83   0.9410
2026-06-26 01:04:20,950 [INFO] train_all_tickers - ONE TECH HOLDING   2450  Prophet          1.0859   1.1790    12.32     40.86 -17.1091
2026-06-26 01:04:20,950 [INFO] train_all_tickers - ONE TECH HOLDING   2450  VolumeXGB      54228.9024 361332.5121   247.86     42.46  -0.0728
2026-06-26 01:04:20,950 [INFO] train_all_tickers - ONE TECH HOLDING   2450  LiquidityXGB     0.0000   0.0000     0.00     58.84   0.0000
2026-06-26 01:04:20,950 [INFO] train_all_tickers - UADH           2441  LSTM             0.0531   0.0663    12.16     34.98  -0.1998
2026-06-26 01:04:20,950 [INFO] train_all_tickers - UADH           2441  XGBoost          0.0276   0.0348     8.46     44.99   0.7847
2026-06-26 01:04:20,950 [INFO] train_all_tickers - UADH           2441  Prophet          4.6779   4.8315  1107.33     38.29 -5580.3696
2026-06-26 01:04:20,950 [INFO] train_all_tickers - UADH           2441  VolumeXGB      9452.4192 23915.9628  1129.26     39.49  -0.1654
2026-06-26 01:04:20,950 [INFO] train_all_tickers - UADH           2441  LiquidityXGB     0.0000   0.0000     0.00     44.35   0.0000
2026-06-26 01:04:20,950 [INFO] train_all_tickers - LAND OR        2438  LSTM             0.5005   0.6878     5.24     39.26   0.4200
2026-06-26 01:04:20,950 [INFO] train_all_tickers - LAND OR        2438  XGBoost          0.3682   0.6215     3.40     37.18   0.5392
2026-06-26 01:04:20,950 [INFO] train_all_tickers - LAND OR        2438  Prophet          2.5017   2.6532    27.35     36.94  -9.7313
2026-06-26 01:04:20,950 [INFO] train_all_tickers - LAND OR        2438  VolumeXGB      3897.5695 10342.2551  1020.86     48.44  -0.0689
2026-06-26 01:04:20,950 [INFO] train_all_tickers - LAND OR        2438  LiquidityXGB     0.0000   0.0000     0.00     53.24   0.0000
2026-06-26 01:04:20,951 [INFO] train_all_tickers - MPBS           2437  LSTM             1.0384   1.4112    11.51     36.65   0.3791
2026-06-26 01:04:20,951 [INFO] train_all_tickers - MPBS           2437  XGBoost          1.5724   2.0801    15.59     34.90  -0.1544
2026-06-26 01:04:20,951 [INFO] train_all_tickers - MPBS           2437  Prophet          3.3747   3.8266    38.01     37.58  -5.5326
2026-06-26 01:04:20,951 [INFO] train_all_tickers - MPBS           2437  VolumeXGB      4825.7831 19768.4290  1293.72     46.04  -0.1146
2026-06-26 01:04:20,951 [INFO] train_all_tickers - MPBS           2437  LiquidityXGB     0.0000   0.0000     0.00     56.14   0.0000
2026-06-26 01:04:20,951 [INFO] train_all_tickers - ATB            2435  LSTM             0.0967   0.1227     3.09     35.03   0.7677
2026-06-26 01:04:20,951 [INFO] train_all_tickers - ATB            2435  XGBoost          0.0419   0.0555     1.39     34.71   0.9620
2026-06-26 01:04:20,951 [INFO] train_all_tickers - ATB            2435  Prophet          1.7149   1.7322    57.21     37.30 -39.0492
2026-06-26 01:04:20,951 [INFO] train_all_tickers - ATB            2435  VolumeXGB      26467.2863 84316.6852  2085.46     45.38  -0.1019
2026-06-26 01:04:20,951 [INFO] train_all_tickers - ATB            2435  LiquidityXGB     0.0000   0.0000     0.00     46.01   0.0000
2026-06-26 01:04:20,951 [INFO] train_all_tickers - CITY CARS      2435  LSTM             0.7425   0.9412     4.93     37.03  -0.0480
2026-06-26 01:04:20,951 [INFO] train_all_tickers - CITY CARS      2435  XGBoost          0.6096   0.8960     3.47     34.06   0.5384
2026-06-26 01:04:20,951 [INFO] train_all_tickers - CITY CARS      2435  Prophet          2.4553   2.6776    18.57     38.39 -15.2051
2026-06-26 01:04:20,951 [INFO] train_all_tickers - CITY CARS      2435  VolumeXGB      4653.6398 30643.6607  1107.94     44.34  -0.0916
2026-06-26 01:04:20,951 [INFO] train_all_tickers - CITY CARS      2435  LiquidityXGB     0.0000   0.0000     0.00     53.61   0.0000
2026-06-26 01:04:20,951 [INFO] train_all_tickers - ATL            2431  LSTM             0.4092   0.4582     7.79     31.46  -0.7525
2026-06-26 01:04:20,951 [INFO] train_all_tickers - ATL            2431  XGBoost          0.6341   0.7167    12.44     30.97  -2.4560
2026-06-26 01:04:20,951 [INFO] train_all_tickers - ATL            2431  Prophet          1.2456   1.2945    26.01     34.46 -13.1203
2026-06-26 01:04:20,951 [INFO] train_all_tickers - ATL            2431  VolumeXGB      7360.5309 30268.1454   546.29     48.11  -0.0915
2026-06-26 01:04:20,951 [INFO] train_all_tickers - ATL            2431  LiquidityXGB     0.0000   0.0000     0.00     48.74   0.0000
2026-06-26 01:04:20,951 [INFO] train_all_tickers - TUNIS RE       2424  LSTM             0.4411   0.5174     5.68     24.65  -0.8018
2026-06-26 01:04:20,951 [INFO] train_all_tickers - TUNIS RE       2424  XGBoost          0.1414   0.1903     1.98     23.25   0.5672
2026-06-26 01:04:20,951 [INFO] train_all_tickers - TUNIS RE       2424  Prophet          1.4432   1.5021    21.15     21.22 -30.6814
2026-06-26 01:04:20,951 [INFO] train_all_tickers - TUNIS RE       2424  VolumeXGB      1098.2415 3598.4528  1010.21     45.91  -0.1529
2026-06-26 01:04:20,951 [INFO] train_all_tickers - TUNIS RE       2424  LiquidityXGB     0.0000   0.0000     0.00     66.26   0.0000
2026-06-26 01:04:20,951 [INFO] train_all_tickers - SOTRAPIL       2419  LSTM             1.6760   1.9174     8.53     36.29  -1.4094
2026-06-26 01:04:20,951 [INFO] train_all_tickers - SOTRAPIL       2419  XGBoost          1.3385   1.6032     6.35     35.43  -0.0685
2026-06-26 01:04:20,951 [INFO] train_all_tickers - SOTRAPIL       2419  Prophet          7.2866   7.4862    42.43     39.34 -70.0113
2026-06-26 01:04:20,951 [INFO] train_all_tickers - SOTRAPIL       2419  VolumeXGB      1073.8048 2514.7363   742.22     44.99  -0.2338
2026-06-26 01:04:20,951 [INFO] train_all_tickers - SOTRAPIL       2419  LiquidityXGB     0.0000   0.0000     0.00     65.35   0.0000
2026-06-26 01:04:20,951 [INFO] train_all_tickers - UNIMED         2409  LSTM             0.2413   0.3164     3.05     42.03   0.4285
2026-06-26 01:04:20,951 [INFO] train_all_tickers - UNIMED         2409  XGBoost          0.0986   0.1416     1.34     37.65   0.7019
2026-06-26 01:04:20,951 [INFO] train_all_tickers - UNIMED         2409  Prophet          3.2787   3.5259    44.85     43.75 -147.1397
2026-06-26 01:04:20,951 [INFO] train_all_tickers - UNIMED         2409  VolumeXGB      14845.9929 49925.4273   547.84     45.61  -0.1131
2026-06-26 01:04:20,951 [INFO] train_all_tickers - UNIMED         2409  LiquidityXGB     0.0000   0.0000     0.00     58.85   0.0000
2026-06-26 01:04:20,957 [INFO] train_all_tickers - 
Metrics saved to /app/logs/metrics_all_tickers.json
